MerchantID,MerchantName,Address
1,Coffee Shop Inc,"872 Main St, Phoenix, CA 80683"
2,Retail Store LLC,"308 Main St, Los Angeles, TX 52252"
3,Retail Store Co,"927 Main St, Phoenix, TX 54224"
4,Pharmacy Inc,"160 Main St, Los Angeles, AZ 33847"
5,Clothing Store Co,"786 Main St, Chicago, CA 67652"
6,Pharmacy LLC,"554 Main St, Chicago, AZ 46307"
7,Coffee Shop LLC,"352 Main St, Los Angeles, IL 57065"
8,Clothing Store Inc,"900 Main St, Phoenix, NY 59098"
9,Clothing Store LLC,"319 Main St, Houston, NY 86464"
10,Pharmacy Co,"591 Main St, Chicago, AZ 70144"
11,Coffee Shop LLC,"367 Main St, Chicago, IL 85010"
12,Grocery Store Corp,"183 Main St, New York, CA 90525"
13,Hotel LLC,"925 Main St, Chicago, CA 96810"
14,Hotel Corp,"255 Main St, Chicago, TX 97007"
15,Hotel Corp,"607 Main St, Houston, IL 55455"
16,Clothing Store Co,"777 Main St, Chicago, NY 18746"
17,Electronics Store LLC,"417 Main St, Houston, IL 90030"
18,Hotel LLC,"839 Main St, Chicago, IL 76443"
19,Restaurant Group,"515 Main St, New York, NY 25916"
20,Retail Store LLC,"750 Main St, New York, IL 33922"
21,Restaurant LLC,"325 Main St, Los Angeles, NY 49440"
22,Grocery Store Inc,"928 Main St, Houston, CA 71253"
23,Pharmacy Group,"647 Main St, Phoenix, TX 72243"
24,Pharmacy Co,"635 Main St, Los Angeles, IL 92804"
25,Restaurant Co,"772 Main St, Houston, CA 90912"
26,Restaurant Corp,"133 Main St, Phoenix, TX 30071"
27,Grocery Store Group,"928 Main St, Chicago, CA 35176"
28,Restaurant LLC,"399 Main St, Los Angeles, IL 21941"
29,Clothing Store LLC,"834 Main St, Los Angeles, AZ 89729"
30,Coffee Shop Corp,"192 Main St, Houston, AZ 59782"
31,Grocery Store Corp,"309 Main St, Phoenix, AZ 36223"
32,Gas Station Co,"524 Main St, Los Angeles, IL 34546"
33,Pharmacy Inc,"566 Main St, New York, IL 24474"
34,Coffee Shop Co,"429 Main St, Chicago, IL 82665"
35,Clothing Store Corp,"742 Main St, Chicago, TX 53280"
36,Restaurant Corp,"232 Main St, New York, CA 88187"
37,Gas Station Co,"800 Main St, Houston, AZ 84102"
38,Pharmacy Group,"142 Main St, Chicago, TX 95421"
39,Restaurant Corp,"139 Main St, Phoenix, IL 38366"
40,Hotel LLC,"145 Main St, Houston, IL 98059"
41,Restaurant LLC,"135 Main St, Houston, TX 19731"
42,Grocery Store Inc,"407 Main St, Chicago, TX 28599"
43,Grocery Store Co,"990 Main St, Chicago, CA 96423"
44,Electronics Store Group,"346 Main St, Phoenix, IL 48455"
45,Clothing Store Co,"187 Main St, Chicago, TX 15052"
46,Gas Station Group,"241 Main St, Houston, NY 71189"
47,Hotel Inc,"970 Main St, New York, IL 41479"
48,Gas Station Corp,"492 Main St, Houston, CA 14311"
49,Hotel Corp,"115 Main St, Chicago, AZ 32577"
50,Clothing Store Inc,"553 Main St, Phoenix, AZ 76389"
51,Coffee Shop Inc,"945 Main St, Houston, NY 72618"
52,Gas Station Co,"853 Main St, New York, CA 70266"
53,Restaurant LLC,"265 Main St, Houston, AZ 37346"
54,Restaurant Group,"882 Main St, Chicago, AZ 30401"
55,Grocery Store LLC,"184 Main St, Los Angeles, CA 14776"
56,Electronics Store Corp,"295 Main St, Los Angeles, CA 39980"
57,Hotel Group,"185 Main St, Chicago, AZ 81735"
58,Gas Station Co,"176 Main St, Chicago, IL 72707"
59,Electronics Store Group,"211 Main St, Houston, NY 35461"
60,Restaurant Co,"357 Main St, Houston, CA 59450"
61,Restaurant Co,"454 Main St, Houston, NY 61709"
62,Hotel Corp,"934 Main St, Houston, CA 75519"
63,Restaurant Corp,"652 Main St, Chicago, IL 36733"
64,Clothing Store Inc,"210 Main St, Phoenix, TX 28627"
65,Electronics Store Inc,"910 Main St, Phoenix, CA 19352"
66,Electronics Store LLC,"896 Main St, New York, TX 87970"
67,Restaurant Co,"632 Main St, Houston, NY 20090"
68,Clothing Store LLC,"191 Main St, Phoenix, AZ 43361"
69,Gas Station LLC,"243 Main St, Los Angeles, IL 80471"
70,Grocery Store Inc,"800 Main St, Houston, IL 13882"
71,Electronics Store Corp,"800 Main St, New York, TX 74463"
72,Coffee Shop Group,"279 Main St, Chicago, TX 42857"
73,Pharmacy Corp,"505 Main St, Houston, AZ 33964"
74,Pharmacy LLC,"913 Main St, Chicago, IL 46245"
75,Grocery Store Corp,"827 Main St, Phoenix, AZ 27155"
76,Electronics Store Co,"589 Main St, Phoenix, TX 59928"
77,Clothing Store LLC,"642 Main St, Los Angeles, CA 43009"
78,Retail Store Corp,"802 Main St, Phoenix, NY 22886"
79,Pharmacy Co,"222 Main St, Phoenix, TX 60109"
80,Hotel LLC,"837 Main St, Houston, AZ 72941"
81,Electronics Store Inc,"286 Main St, Phoenix, TX 29727"
82,Grocery Store Inc,"832 Main St, Houston, IL 86020"
83,Coffee Shop Corp,"831 Main St, Chicago, IL 81612"
84,Clothing Store Corp,"715 Main St, Los Angeles, NY 71056"
85,Retail Store Co,"871 Main St, New York, IL 70586"
86,Retail Store Co,"155 Main St, Los Angeles, AZ 38495"
87,Retail Store LLC,"622 Main St, New York, NY 23247"
88,Hotel LLC,"450 Main St, Los Angeles, NY 85743"
89,Pharmacy Inc,"364 Main St, Chicago, IL 51646"
90,Retail Store Co,"507 Main St, Los Angeles, CA 92804"
91,Gas Station Inc,"158 Main St, Houston, CA 25056"
92,Electronics Store Inc,"905 Main St, Los Angeles, CA 95004"
93,Coffee Shop Corp,"125 Main St, Los Angeles, TX 13704"
94,Hotel Corp,"162 Main St, Los Angeles, TX 84420"
95,Grocery Store Group,"287 Main St, Phoenix, IL 15974"
96,Gas Station Corp,"485 Main St, New York, AZ 50116"
97,Clothing Store Co,"927 Main St, Los Angeles, IL 81850"
98,Hotel Corp,"345 Main St, Los Angeles, TX 60444"
99,Hotel Corp,"208 Main St, Phoenix, TX 99466"
100,Restaurant Inc,"580 Main St, New York, IL 25734"
101,Pharmacy Co,"140 Main St, Chicago, AZ 38158"
102,Retail Store LLC,"914 Main St, New York, CA 97783"
103,Hotel Co,"947 Main St, New York, TX 41950"
104,Restaurant LLC,"433 Main St, New York, TX 47259"
105,Pharmacy Inc,"190 Main St, Chicago, NY 91546"
106,Restaurant Group,"704 Main St, Chicago, TX 32503"
107,Gas Station Corp,"665 Main St, New York, AZ 98374"
108,Clothing Store Group,"686 Main St, Houston, AZ 55893"
109,Gas Station LLC,"162 Main St, Houston, CA 16731"
110,Gas Station Group,"110 Main St, New York, NY 17926"
111,Hotel Corp,"138 Main St, Houston, IL 19773"
112,Gas Station Group,"960 Main St, Los Angeles, CA 53579"
113,Clothing Store Co,"219 Main St, Los Angeles, AZ 26624"
114,Clothing Store Inc,"977 Main St, New York, NY 71272"
115,Coffee Shop Corp,"558 Main St, Los Angeles, CA 53955"
116,Pharmacy Group,"196 Main St, Chicago, TX 89312"
117,Electronics Store Corp,"401 Main St, Chicago, AZ 44326"
118,Restaurant Group,"792 Main St, Phoenix, NY 53697"
119,Electronics Store Inc,"612 Main St, Phoenix, NY 17353"
120,Coffee Shop Inc,"682 Main St, Los Angeles, AZ 87767"
121,Restaurant Group,"760 Main St, Phoenix, TX 17789"
122,Retail Store LLC,"302 Main St, Los Angeles, AZ 11312"
123,Coffee Shop LLC,"327 Main St, Phoenix, NY 88544"
124,Pharmacy Corp,"794 Main St, Chicago, AZ 46380"
125,Pharmacy Inc,"522 Main St, Los Angeles, NY 31563"
126,Restaurant Corp,"972 Main St, New York, CA 76478"
127,Gas Station LLC,"229 Main St, Los Angeles, AZ 75265"
128,Gas Station Inc,"375 Main St, Phoenix, AZ 70087"
129,Pharmacy Co,"513 Main St, New York, TX 27956"
130,Grocery Store Co,"283 Main St, New York, CA 93878"
131,Gas Station Group,"102 Main St, New York, NY 23939"
132,Pharmacy LLC,"615 Main St, Chicago, CA 69546"
133,Retail Store Co,"881 Main St, New York, CA 54769"
134,Gas Station Corp,"208 Main St, Chicago, TX 74720"
135,Retail Store Inc,"820 Main St, Phoenix, NY 72112"
136,Electronics Store Co,"162 Main St, Houston, CA 17600"
137,Clothing Store Corp,"797 Main St, Chicago, AZ 19727"
138,Retail Store Inc,"675 Main St, Chicago, TX 41731"
139,Hotel LLC,"745 Main St, Chicago, NY 57473"
140,Grocery Store Group,"298 Main St, Chicago, IL 26626"
141,Electronics Store Group,"645 Main St, Phoenix, TX 59429"
142,Grocery Store Corp,"725 Main St, Phoenix, AZ 79911"
143,Grocery Store Co,"440 Main St, Phoenix, CA 84338"
144,Restaurant Group,"894 Main St, Phoenix, CA 92298"
145,Hotel Co,"489 Main St, New York, TX 49467"
146,Retail Store Co,"962 Main St, Chicago, NY 26119"
147,Gas Station Inc,"904 Main St, Houston, IL 74776"
148,Pharmacy Corp,"190 Main St, Chicago, CA 24236"
149,Retail Store LLC,"892 Main St, Houston, AZ 58621"
150,Coffee Shop Group,"794 Main St, Los Angeles, CA 48653"
151,Gas Station LLC,"265 Main St, Phoenix, AZ 80604"
152,Gas Station LLC,"467 Main St, Phoenix, CA 23207"
153,Pharmacy Co,"776 Main St, Houston, NY 93812"
154,Grocery Store LLC,"688 Main St, Chicago, CA 33272"
155,Clothing Store Group,"522 Main St, New York, TX 20345"
156,Grocery Store Group,"251 Main St, New York, TX 18914"
157,Gas Station Group,"526 Main St, Houston, AZ 32904"
158,Restaurant Inc,"484 Main St, Phoenix, AZ 98269"
159,Pharmacy Corp,"465 Main St, New York, IL 99434"
160,Retail Store LLC,"796 Main St, New York, TX 93093"
161,Hotel Corp,"860 Main St, New York, CA 38994"
162,Restaurant Inc,"889 Main St, Phoenix, TX 83570"
163,Gas Station Co,"930 Main St, New York, IL 32228"
164,Gas Station Group,"933 Main St, New York, CA 51907"
165,Electronics Store Group,"337 Main St, Chicago, CA 66998"
166,Gas Station Co,"968 Main St, New York, IL 28533"
167,Grocery Store LLC,"576 Main St, New York, CA 64546"
168,Pharmacy Co,"664 Main St, New York, AZ 37318"
169,Gas Station Group,"625 Main St, New York, AZ 21118"
170,Pharmacy Group,"161 Main St, Los Angeles, CA 57343"
171,Hotel Co,"247 Main St, Chicago, NY 61237"
172,Gas Station Corp,"147 Main St, Houston, AZ 69523"
173,Restaurant Co,"469 Main St, Phoenix, NY 81721"
174,Electronics Store Inc,"332 Main St, Chicago, TX 88356"
175,Coffee Shop Inc,"386 Main St, Houston, TX 89942"
176,Gas Station Co,"575 Main St, Phoenix, AZ 18670"
177,Retail Store Group,"489 Main St, New York, NY 24900"
178,Retail Store Inc,"191 Main St, Los Angeles, AZ 38364"
179,Retail Store LLC,"959 Main St, Los Angeles, CA 15303"
180,Electronics Store Co,"655 Main St, New York, CA 94381"
181,Grocery Store Co,"344 Main St, Chicago, IL 74261"
182,Grocery Store Inc,"761 Main St, Phoenix, IL 85551"
183,Hotel Inc,"790 Main St, New York, CA 76779"
184,Pharmacy Group,"491 Main St, Houston, AZ 21364"
185,Retail Store Group,"811 Main St, New York, AZ 68852"
186,Grocery Store LLC,"127 Main St, Phoenix, IL 65897"
187,Gas Station Inc,"841 Main St, Los Angeles, TX 86692"
188,Retail Store Group,"972 Main St, Houston, NY 44962"
189,Restaurant Group,"528 Main St, Los Angeles, IL 21720"
190,Pharmacy Group,"677 Main St, New York, NY 98451"
191,Grocery Store Inc,"983 Main St, Phoenix, IL 62557"
192,Restaurant Co,"910 Main St, New York, CA 92881"
193,Coffee Shop Co,"524 Main St, Los Angeles, CA 80575"
194,Electronics Store Inc,"555 Main St, Houston, CA 63350"
195,Hotel LLC,"590 Main St, Phoenix, CA 14345"
196,Grocery Store Corp,"911 Main St, Phoenix, IL 32372"
197,Hotel Co,"343 Main St, Houston, AZ 54744"
198,Restaurant Inc,"997 Main St, New York, AZ 42385"
199,Grocery Store LLC,"301 Main St, Phoenix, NY 46725"
200,Pharmacy Co,"696 Main St, Chicago, AZ 74036"
201,Electronics Store Corp,"739 Main St, Chicago, AZ 43728"
202,Grocery Store Corp,"283 Main St, Phoenix, CA 74854"
203,Restaurant Group,"371 Main St, Houston, NY 91900"
204,Gas Station Group,"980 Main St, Chicago, IL 43439"
205,Gas Station Inc,"337 Main St, New York, CA 63551"
206,Pharmacy LLC,"971 Main St, New York, NY 15988"
207,Clothing Store Group,"604 Main St, Houston, CA 66013"
208,Retail Store Corp,"849 Main St, Los Angeles, IL 10591"
209,Gas Station Co,"437 Main St, Houston, TX 43327"
210,Grocery Store Inc,"176 Main St, Chicago, NY 69886"
211,Grocery Store Corp,"111 Main St, Chicago, CA 87943"
212,Hotel Co,"412 Main St, Houston, IL 66572"
213,Coffee Shop Corp,"329 Main St, Phoenix, IL 15035"
214,Retail Store Corp,"862 Main St, Los Angeles, CA 41569"
215,Restaurant Co,"397 Main St, Los Angeles, NY 18060"
216,Electronics Store Corp,"633 Main St, Houston, TX 16980"
217,Grocery Store Corp,"100 Main St, Houston, IL 50747"
218,Gas Station Inc,"716 Main St, Houston, CA 15616"
219,Pharmacy LLC,"813 Main St, Houston, TX 11478"
220,Restaurant Inc,"778 Main St, Houston, AZ 47378"
221,Retail Store Inc,"662 Main St, Chicago, CA 34134"
222,Restaurant Group,"681 Main St, Phoenix, AZ 10474"
223,Gas Station LLC,"484 Main St, Los Angeles, NY 89253"
224,Retail Store Corp,"595 Main St, Chicago, TX 59156"
225,Restaurant Corp,"944 Main St, Houston, AZ 58796"
226,Retail Store Group,"971 Main St, New York, NY 72797"
227,Clothing Store Inc,"131 Main St, Los Angeles, AZ 95039"
228,Gas Station Co,"257 Main St, Los Angeles, NY 46315"
229,Grocery Store LLC,"837 Main St, New York, CA 78846"
230,Grocery Store Co,"732 Main St, Chicago, TX 81227"
231,Clothing Store Group,"467 Main St, Phoenix, TX 38584"
232,Hotel Inc,"278 Main St, Phoenix, NY 26602"
233,Grocery Store Corp,"252 Main St, Houston, TX 96875"
234,Hotel Co,"264 Main St, Phoenix, IL 48402"
235,Electronics Store Inc,"961 Main St, Phoenix, TX 33359"
236,Coffee Shop LLC,"817 Main St, Chicago, NY 36991"
237,Restaurant Corp,"167 Main St, Phoenix, NY 21055"
238,Electronics Store Corp,"774 Main St, New York, IL 76195"
239,Gas Station LLC,"992 Main St, Phoenix, TX 95389"
240,Grocery Store LLC,"478 Main St, Los Angeles, IL 92859"
241,Grocery Store LLC,"531 Main St, Los Angeles, IL 21704"
242,Pharmacy Inc,"433 Main St, New York, CA 98025"
243,Grocery Store Group,"937 Main St, Chicago, IL 76715"
244,Restaurant Corp,"565 Main St, New York, CA 31793"
245,Hotel Corp,"169 Main St, Chicago, NY 88013"
246,Grocery Store Co,"387 Main St, Phoenix, AZ 40912"
247,Clothing Store Corp,"505 Main St, Los Angeles, IL 59058"
248,Clothing Store Co,"153 Main St, Phoenix, NY 49155"
249,Restaurant Group,"340 Main St, Houston, AZ 50707"
250,Restaurant LLC,"921 Main St, New York, CA 27591"
251,Hotel Inc,"834 Main St, Phoenix, CA 46491"
252,Clothing Store Co,"202 Main St, Houston, TX 70832"
253,Clothing Store Co,"767 Main St, New York, IL 67678"
254,Pharmacy Inc,"213 Main St, Chicago, NY 42160"
255,Restaurant Co,"535 Main St, Los Angeles, CA 68480"
256,Hotel Co,"590 Main St, Houston, IL 35109"
257,Clothing Store Inc,"511 Main St, Los Angeles, TX 22452"
258,Electronics Store Corp,"548 Main St, Los Angeles, TX 98313"
259,Gas Station Inc,"984 Main St, Los Angeles, TX 90239"
260,Gas Station Co,"716 Main St, Houston, IL 86508"
261,Pharmacy Inc,"652 Main St, Houston, AZ 11686"
262,Clothing Store Group,"860 Main St, Houston, NY 15882"
263,Coffee Shop Inc,"439 Main St, Chicago, NY 37185"
264,Pharmacy LLC,"933 Main St, Phoenix, NY 49080"
265,Coffee Shop Group,"378 Main St, Los Angeles, AZ 57651"
266,Restaurant LLC,"689 Main St, New York, NY 78111"
267,Coffee Shop LLC,"243 Main St, Houston, TX 95690"
268,Pharmacy LLC,"179 Main St, Houston, NY 89027"
269,Grocery Store Corp,"113 Main St, Los Angeles, AZ 49077"
270,Electronics Store LLC,"320 Main St, Phoenix, AZ 63992"
271,Retail Store LLC,"796 Main St, Los Angeles, IL 18448"
272,Gas Station Group,"349 Main St, New York, TX 38888"
273,Hotel Corp,"492 Main St, Los Angeles, IL 94559"
274,Pharmacy LLC,"200 Main St, Los Angeles, IL 71792"
275,Gas Station LLC,"522 Main St, Phoenix, IL 92176"
276,Pharmacy Group,"150 Main St, Chicago, IL 43942"
277,Grocery Store Co,"957 Main St, Phoenix, TX 49514"
278,Pharmacy Corp,"502 Main St, Houston, NY 56273"
279,Grocery Store Group,"188 Main St, New York, AZ 87648"
280,Electronics Store Corp,"662 Main St, Phoenix, NY 77720"
281,Grocery Store LLC,"971 Main St, Los Angeles, NY 41189"
282,Pharmacy Corp,"721 Main St, New York, IL 46325"
283,Pharmacy Corp,"698 Main St, Phoenix, AZ 23027"
284,Clothing Store Inc,"233 Main St, Phoenix, TX 50421"
285,Hotel LLC,"574 Main St, Phoenix, NY 11053"
286,Pharmacy Group,"632 Main St, Houston, CA 94645"
287,Gas Station Inc,"440 Main St, New York, IL 71941"
288,Electronics Store Group,"111 Main St, Chicago, AZ 44768"
289,Coffee Shop Co,"598 Main St, Phoenix, NY 84226"
290,Hotel Co,"375 Main St, Phoenix, AZ 82791"
291,Grocery Store Corp,"162 Main St, Houston, AZ 22864"
292,Clothing Store Co,"439 Main St, Los Angeles, IL 26330"
293,Electronics Store Inc,"615 Main St, Phoenix, CA 23088"
294,Restaurant Corp,"827 Main St, Los Angeles, TX 77612"
295,Electronics Store Inc,"949 Main St, New York, NY 22098"
296,Clothing Store Inc,"458 Main St, New York, NY 18712"
297,Restaurant Group,"341 Main St, Houston, TX 62464"
298,Grocery Store LLC,"926 Main St, New York, AZ 96974"
299,Clothing Store Group,"990 Main St, Chicago, IL 94445"
300,Coffee Shop Inc,"873 Main St, New York, AZ 30050"
301,Retail Store Group,"709 Main St, Houston, AZ 48350"
302,Grocery Store Co,"476 Main St, Phoenix, IL 32166"
303,Gas Station Co,"801 Main St, New York, TX 51068"
304,Restaurant Co,"288 Main St, Phoenix, AZ 12682"
305,Restaurant Inc,"437 Main St, Phoenix, TX 86078"
306,Pharmacy Group,"215 Main St, Los Angeles, NY 88383"
307,Grocery Store Co,"746 Main St, Los Angeles, AZ 65781"
308,Pharmacy LLC,"909 Main St, Los Angeles, NY 36881"
309,Coffee Shop LLC,"151 Main St, New York, NY 10393"
310,Retail Store Inc,"878 Main St, Phoenix, AZ 95592"
311,Hotel Corp,"791 Main St, New York, TX 54067"
312,Hotel Corp,"732 Main St, Houston, NY 89926"
313,Electronics Store Co,"808 Main St, Houston, AZ 94904"
314,Retail Store Corp,"377 Main St, Los Angeles, IL 98549"
315,Coffee Shop Inc,"960 Main St, Chicago, TX 97282"
316,Hotel Group,"688 Main St, Los Angeles, NY 84007"
317,Coffee Shop Co,"890 Main St, Phoenix, AZ 21965"
318,Pharmacy Inc,"797 Main St, New York, IL 93908"
319,Hotel Corp,"876 Main St, Los Angeles, NY 32403"
320,Clothing Store Corp,"632 Main St, Los Angeles, IL 66176"
321,Restaurant Group,"214 Main St, Los Angeles, NY 96887"
322,Grocery Store LLC,"703 Main St, Houston, AZ 91936"
323,Electronics Store LLC,"898 Main St, Chicago, TX 11639"
324,Clothing Store Inc,"525 Main St, Houston, NY 30984"
325,Clothing Store LLC,"643 Main St, Los Angeles, IL 55325"
326,Grocery Store Group,"713 Main St, Chicago, AZ 35248"
327,Clothing Store Inc,"976 Main St, New York, IL 43747"
328,Coffee Shop Co,"308 Main St, New York, IL 85495"
329,Pharmacy LLC,"883 Main St, New York, AZ 54005"
330,Pharmacy Corp,"717 Main St, Houston, AZ 71158"
331,Coffee Shop Inc,"907 Main St, Los Angeles, CA 79299"
332,Grocery Store LLC,"819 Main St, Chicago, TX 94925"
333,Clothing Store Group,"560 Main St, New York, CA 65959"
334,Pharmacy Co,"400 Main St, Chicago, CA 30263"
335,Coffee Shop Group,"238 Main St, Chicago, AZ 65766"
336,Grocery Store Group,"366 Main St, Chicago, TX 26530"
337,Pharmacy Group,"491 Main St, Los Angeles, CA 14152"
338,Hotel Co,"297 Main St, Los Angeles, TX 32560"
339,Hotel Co,"254 Main St, Houston, TX 29433"
340,Restaurant Inc,"964 Main St, Houston, AZ 87131"
341,Clothing Store LLC,"483 Main St, Houston, CA 98759"
342,Coffee Shop LLC,"530 Main St, New York, TX 49126"
343,Retail Store Group,"692 Main St, Los Angeles, IL 27830"
344,Electronics Store Inc,"288 Main St, New York, IL 79925"
345,Coffee Shop Inc,"907 Main St, Los Angeles, CA 13601"
346,Electronics Store Group,"665 Main St, New York, AZ 38826"
347,Retail Store Corp,"447 Main St, New York, IL 94708"
348,Gas Station Corp,"601 Main St, Houston, IL 23394"
349,Coffee Shop Group,"381 Main St, Houston, CA 56222"
350,Gas Station Co,"679 Main St, New York, AZ 46244"
351,Pharmacy Co,"875 Main St, Chicago, NY 24063"
352,Retail Store Inc,"426 Main St, Chicago, TX 42620"
353,Clothing Store Inc,"922 Main St, Los Angeles, NY 60145"
354,Coffee Shop Corp,"362 Main St, New York, IL 42805"
355,Clothing Store Corp,"769 Main St, New York, TX 66953"
356,Grocery Store Inc,"505 Main St, Chicago, IL 72403"
357,Hotel Inc,"709 Main St, Houston, TX 41701"
358,Gas Station Inc,"627 Main St, Los Angeles, IL 90941"
359,Grocery Store Inc,"780 Main St, Phoenix, TX 24084"
360,Clothing Store Inc,"322 Main St, Chicago, NY 67209"
361,Electronics Store Inc,"961 Main St, Houston, TX 31735"
362,Restaurant Group,"767 Main St, New York, IL 94805"
363,Clothing Store LLC,"984 Main St, Phoenix, IL 64996"
364,Restaurant Corp,"991 Main St, Chicago, IL 11741"
365,Hotel Group,"381 Main St, New York, NY 60213"
366,Coffee Shop Group,"561 Main St, Houston, IL 23857"
367,Retail Store Group,"347 Main St, Chicago, TX 62349"
368,Pharmacy Corp,"301 Main St, New York, TX 24570"
369,Electronics Store LLC,"945 Main St, Los Angeles, CA 46491"
370,Restaurant LLC,"923 Main St, Chicago, TX 36970"
371,Pharmacy LLC,"515 Main St, New York, AZ 46352"
372,Coffee Shop Corp,"351 Main St, Chicago, CA 28629"
373,Gas Station LLC,"634 Main St, New York, TX 57632"
374,Electronics Store Corp,"802 Main St, Houston, TX 57485"
375,Gas Station Corp,"647 Main St, New York, TX 47815"
376,Coffee Shop Corp,"284 Main St, Phoenix, TX 39727"
377,Grocery Store Corp,"568 Main St, Chicago, NY 85321"
378,Pharmacy Corp,"129 Main St, Chicago, AZ 98316"
379,Pharmacy Inc,"578 Main St, Los Angeles, CA 35227"
380,Pharmacy Co,"241 Main St, New York, TX 96428"
381,Electronics Store Group,"228 Main St, Houston, IL 93323"
382,Retail Store Group,"865 Main St, Chicago, CA 84259"
383,Coffee Shop Group,"409 Main St, Houston, IL 93735"
384,Hotel LLC,"206 Main St, Phoenix, TX 55044"
385,Grocery Store Inc,"934 Main St, New York, TX 29127"
386,Restaurant Group,"779 Main St, New York, AZ 52247"
387,Retail Store Group,"538 Main St, Chicago, AZ 55802"
388,Retail Store Co,"120 Main St, Los Angeles, AZ 20076"
389,Pharmacy Co,"571 Main St, Phoenix, IL 52057"
390,Coffee Shop LLC,"280 Main St, Phoenix, TX 31892"
391,Restaurant Group,"817 Main St, Phoenix, NY 18524"
392,Gas Station Group,"653 Main St, Chicago, IL 87360"
393,Restaurant Group,"498 Main St, New York, IL 34964"
394,Restaurant Corp,"179 Main St, Phoenix, AZ 12409"
395,Gas Station Inc,"191 Main St, Los Angeles, AZ 80282"
396,Coffee Shop Inc,"133 Main St, New York, IL 78698"
397,Retail Store Group,"665 Main St, New York, AZ 23754"
398,Electronics Store Corp,"271 Main St, Los Angeles, CA 81596"
399,Grocery Store Co,"888 Main St, New York, IL 48137"
400,Electronics Store LLC,"682 Main St, New York, TX 64214"
401,Clothing Store Corp,"635 Main St, Phoenix, AZ 81996"
402,Clothing Store Corp,"119 Main St, New York, CA 73925"
403,Coffee Shop LLC,"805 Main St, New York, TX 61789"
404,Clothing Store Co,"855 Main St, Chicago, NY 64641"
405,Restaurant Inc,"550 Main St, Chicago, NY 60380"
406,Restaurant Corp,"275 Main St, Houston, IL 24497"
407,Hotel Group,"203 Main St, Houston, NY 89643"
408,Restaurant Group,"391 Main St, New York, TX 98744"
409,Coffee Shop Group,"444 Main St, New York, NY 38212"
410,Hotel Co,"888 Main St, Los Angeles, NY 34430"
411,Hotel LLC,"507 Main St, New York, CA 95989"
412,Clothing Store Group,"339 Main St, Houston, AZ 11274"
413,Pharmacy Group,"824 Main St, Phoenix, AZ 79054"
414,Hotel Corp,"538 Main St, Phoenix, AZ 72818"
415,Gas Station Inc,"814 Main St, Houston, TX 64536"
416,Clothing Store LLC,"283 Main St, Los Angeles, CA 12938"
417,Restaurant Co,"919 Main St, Houston, IL 16235"
418,Clothing Store Group,"367 Main St, Houston, IL 17809"
419,Clothing Store Group,"490 Main St, New York, NY 59824"
420,Grocery Store Corp,"235 Main St, Phoenix, CA 32356"
421,Electronics Store Inc,"461 Main St, Chicago, TX 91521"
422,Electronics Store LLC,"978 Main St, New York, NY 44270"
423,Restaurant Corp,"388 Main St, Los Angeles, TX 39576"
424,Restaurant Inc,"729 Main St, New York, CA 55824"
425,Gas Station Corp,"887 Main St, Los Angeles, AZ 93214"
426,Grocery Store Co,"512 Main St, New York, IL 37475"
427,Grocery Store Corp,"360 Main St, New York, CA 98409"
428,Coffee Shop Inc,"129 Main St, Chicago, CA 99028"
429,Clothing Store Corp,"252 Main St, New York, NY 62787"
430,Clothing Store Inc,"170 Main St, Phoenix, NY 82148"
431,Restaurant LLC,"367 Main St, Phoenix, TX 67329"
432,Grocery Store LLC,"452 Main St, Chicago, CA 64356"
433,Retail Store Co,"161 Main St, Los Angeles, TX 68729"
434,Restaurant LLC,"264 Main St, Los Angeles, NY 43333"
435,Electronics Store Group,"371 Main St, Los Angeles, IL 96280"
436,Gas Station LLC,"766 Main St, New York, NY 22093"
437,Retail Store Inc,"547 Main St, Phoenix, AZ 80585"
438,Gas Station Inc,"624 Main St, Phoenix, IL 31696"
439,Restaurant Co,"761 Main St, Phoenix, TX 77840"
440,Coffee Shop Corp,"771 Main St, Los Angeles, IL 65455"
441,Restaurant Co,"396 Main St, Los Angeles, CA 91488"
442,Electronics Store Co,"133 Main St, Chicago, TX 17681"
443,Retail Store LLC,"621 Main St, Phoenix, IL 59015"
444,Grocery Store Group,"971 Main St, Los Angeles, NY 88733"
445,Clothing Store Corp,"492 Main St, Houston, TX 81000"
446,Gas Station LLC,"239 Main St, Houston, CA 41647"
447,Coffee Shop Co,"376 Main St, Chicago, TX 52169"
448,Hotel Group,"927 Main St, Los Angeles, NY 62334"
449,Gas Station Inc,"602 Main St, Chicago, AZ 74637"
450,Restaurant Inc,"776 Main St, Chicago, AZ 95104"
451,Retail Store Corp,"206 Main St, Chicago, AZ 45802"
452,Electronics Store Group,"856 Main St, Phoenix, NY 36597"
453,Grocery Store Group,"582 Main St, New York, IL 55005"
454,Grocery Store Co,"524 Main St, New York, CA 10681"
455,Restaurant Co,"156 Main St, Los Angeles, IL 91204"
456,Grocery Store Co,"200 Main St, Phoenix, IL 63610"
457,Hotel Co,"913 Main St, Phoenix, AZ 37367"
458,Grocery Store Inc,"329 Main St, Phoenix, CA 48453"
459,Electronics Store Inc,"657 Main St, Chicago, IL 33713"
460,Gas Station LLC,"107 Main St, New York, IL 16020"
461,Restaurant Corp,"576 Main St, New York, NY 94557"
462,Coffee Shop LLC,"308 Main St, Los Angeles, IL 75989"
463,Grocery Store Group,"682 Main St, Phoenix, IL 86140"
464,Restaurant Co,"871 Main St, Los Angeles, CA 82064"
465,Retail Store Group,"958 Main St, Phoenix, NY 45677"
466,Hotel Corp,"678 Main St, Phoenix, AZ 72492"
467,Gas Station Corp,"422 Main St, Houston, CA 52365"
468,Gas Station Inc,"737 Main St, Houston, TX 19823"
469,Electronics Store Corp,"375 Main St, Los Angeles, NY 40725"
470,Hotel LLC,"938 Main St, Los Angeles, NY 24195"
471,Grocery Store LLC,"334 Main St, Phoenix, AZ 94776"
472,Restaurant LLC,"665 Main St, Chicago, AZ 12185"
473,Electronics Store LLC,"991 Main St, Chicago, IL 20865"
474,Clothing Store Group,"945 Main St, Chicago, AZ 53457"
475,Coffee Shop Corp,"759 Main St, Phoenix, CA 73892"
476,Retail Store LLC,"658 Main St, Chicago, NY 43292"
477,Grocery Store LLC,"748 Main St, Los Angeles, IL 29769"
478,Clothing Store Group,"543 Main St, Houston, TX 83726"
479,Restaurant LLC,"630 Main St, Phoenix, TX 11906"
480,Coffee Shop Co,"133 Main St, Phoenix, CA 15102"
481,Retail Store Corp,"418 Main St, Phoenix, NY 45754"
482,Coffee Shop LLC,"254 Main St, Houston, CA 86501"
483,Retail Store Corp,"748 Main St, Los Angeles, NY 53005"
484,Restaurant Inc,"412 Main St, Los Angeles, NY 80467"
485,Coffee Shop Corp,"641 Main St, Chicago, CA 56129"
486,Clothing Store Co,"251 Main St, Phoenix, AZ 38775"
487,Electronics Store Inc,"620 Main St, Los Angeles, NY 75824"
488,Pharmacy Group,"198 Main St, Houston, TX 76297"
489,Restaurant LLC,"796 Main St, Phoenix, IL 93056"
490,Electronics Store Inc,"113 Main St, Chicago, AZ 14147"
491,Coffee Shop LLC,"392 Main St, New York, NY 43703"
492,Coffee Shop LLC,"409 Main St, Chicago, CA 45511"
493,Electronics Store Co,"381 Main St, New York, TX 19876"
494,Electronics Store LLC,"247 Main St, Chicago, TX 13428"
495,Electronics Store LLC,"926 Main St, Chicago, NY 61853"
496,Grocery Store Group,"547 Main St, Chicago, CA 76333"
497,Coffee Shop Group,"245 Main St, New York, CA 43721"
498,Hotel Corp,"127 Main St, Chicago, CA 20102"
499,Gas Station Group,"645 Main St, Los Angeles, IL 28276"
500,Clothing Store LLC,"375 Main St, New York, NY 56757"
501,Retail Store Inc,"334 Main St, New York, TX 34927"
502,Hotel Group,"411 Main St, Phoenix, NY 78460"
503,Hotel LLC,"414 Main St, New York, AZ 26969"
504,Retail Store Inc,"141 Main St, New York, AZ 52820"
505,Restaurant Group,"907 Main St, Houston, NY 96419"
506,Electronics Store Corp,"724 Main St, Los Angeles, CA 91935"
507,Grocery Store Co,"486 Main St, New York, CA 17586"
508,Retail Store Inc,"634 Main St, Chicago, IL 34579"
509,Retail Store Group,"499 Main St, Houston, IL 27680"
510,Clothing Store Inc,"211 Main St, Los Angeles, IL 93269"
511,Hotel Group,"666 Main St, Los Angeles, TX 96555"
512,Electronics Store Co,"924 Main St, Los Angeles, CA 79810"
513,Hotel Group,"598 Main St, Phoenix, IL 48033"
514,Electronics Store LLC,"111 Main St, Houston, AZ 35189"
515,Electronics Store Co,"163 Main St, New York, NY 20546"
516,Gas Station LLC,"575 Main St, Chicago, TX 55146"
517,Restaurant Group,"443 Main St, Houston, IL 28533"
518,Clothing Store Inc,"174 Main St, New York, TX 65543"
519,Coffee Shop LLC,"857 Main St, Los Angeles, AZ 16237"
520,Hotel LLC,"488 Main St, Chicago, NY 13268"
521,Retail Store Inc,"455 Main St, Phoenix, CA 86910"
522,Gas Station LLC,"813 Main St, Chicago, CA 10856"
523,Clothing Store Group,"118 Main St, New York, CA 88129"
524,Pharmacy Group,"763 Main St, Phoenix, CA 67824"
525,Coffee Shop Group,"784 Main St, New York, TX 18875"
526,Coffee Shop Corp,"338 Main St, Chicago, IL 67768"
527,Grocery Store Group,"600 Main St, Chicago, TX 91278"
528,Clothing Store Inc,"703 Main St, Houston, CA 47638"
529,Electronics Store Corp,"233 Main St, Houston, IL 91558"
530,Pharmacy Inc,"382 Main St, Phoenix, IL 76108"
531,Clothing Store Inc,"202 Main St, Los Angeles, TX 17424"
532,Restaurant Inc,"664 Main St, Los Angeles, CA 99353"
533,Pharmacy Corp,"842 Main St, Chicago, CA 61414"
534,Restaurant Co,"832 Main St, Houston, CA 92447"
535,Coffee Shop Corp,"863 Main St, New York, TX 13690"
536,Restaurant Corp,"646 Main St, Phoenix, CA 89336"
537,Retail Store Co,"761 Main St, Houston, NY 65434"
538,Clothing Store Co,"273 Main St, New York, NY 76125"
539,Restaurant Corp,"915 Main St, Chicago, NY 22311"
540,Restaurant Corp,"788 Main St, Chicago, CA 63408"
541,Restaurant LLC,"920 Main St, New York, CA 91356"
542,Grocery Store Corp,"277 Main St, Chicago, AZ 66964"
543,Restaurant Group,"215 Main St, Houston, IL 82475"
544,Pharmacy Group,"916 Main St, Phoenix, CA 92729"
545,Restaurant Corp,"566 Main St, Chicago, TX 25990"
546,Pharmacy Group,"896 Main St, New York, AZ 54789"
547,Restaurant Co,"828 Main St, Chicago, NY 10605"
548,Hotel Group,"150 Main St, Chicago, AZ 39244"
549,Grocery Store Inc,"950 Main St, Los Angeles, CA 74976"
550,Coffee Shop Corp,"509 Main St, Los Angeles, TX 34391"
551,Electronics Store Group,"186 Main St, Phoenix, NY 67358"
552,Grocery Store Corp,"166 Main St, New York, CA 29015"
553,Pharmacy Inc,"293 Main St, Los Angeles, CA 60063"
554,Restaurant Co,"749 Main St, Houston, NY 76715"
555,Grocery Store Co,"256 Main St, Chicago, TX 92445"
556,Restaurant Inc,"802 Main St, Chicago, TX 57540"
557,Pharmacy LLC,"313 Main St, Houston, AZ 69447"
558,Hotel LLC,"765 Main St, Chicago, NY 52359"
559,Restaurant Group,"355 Main St, Houston, TX 32604"
560,Gas Station Inc,"233 Main St, New York, IL 71434"
561,Restaurant Group,"190 Main St, Phoenix, IL 12281"
562,Pharmacy Inc,"770 Main St, New York, TX 38429"
563,Electronics Store Co,"452 Main St, Houston, NY 33887"
564,Pharmacy Co,"397 Main St, New York, CA 76940"
565,Hotel Inc,"721 Main St, Chicago, CA 20367"
566,Clothing Store Inc,"145 Main St, Phoenix, TX 53708"
567,Clothing Store Corp,"487 Main St, New York, IL 71986"
568,Restaurant Corp,"733 Main St, Los Angeles, IL 63724"
569,Clothing Store Co,"498 Main St, Chicago, AZ 31663"
570,Retail Store Corp,"166 Main St, Houston, IL 33303"
571,Coffee Shop Group,"900 Main St, Los Angeles, NY 22137"
572,Hotel Group,"272 Main St, Chicago, IL 20403"
573,Coffee Shop Group,"133 Main St, Phoenix, NY 79169"
574,Electronics Store LLC,"238 Main St, Houston, AZ 34983"
575,Pharmacy Corp,"936 Main St, Phoenix, NY 24397"
576,Clothing Store Group,"409 Main St, Chicago, NY 84704"
577,Clothing Store Co,"283 Main St, Houston, NY 13794"
578,Electronics Store Group,"732 Main St, Phoenix, CA 43749"
579,Coffee Shop Group,"601 Main St, New York, IL 57630"
580,Electronics Store LLC,"116 Main St, Chicago, IL 28800"
581,Grocery Store LLC,"929 Main St, Phoenix, CA 90581"
582,Clothing Store Co,"578 Main St, New York, TX 19918"
583,Electronics Store Group,"163 Main St, New York, AZ 61749"
584,Pharmacy Co,"340 Main St, Chicago, TX 94264"
585,Coffee Shop Corp,"506 Main St, Houston, TX 28861"
586,Clothing Store LLC,"517 Main St, Houston, NY 27006"
587,Pharmacy Corp,"549 Main St, Houston, TX 32107"
588,Restaurant Co,"409 Main St, Los Angeles, IL 57300"
589,Hotel Group,"331 Main St, Chicago, AZ 19754"
590,Grocery Store LLC,"737 Main St, Houston, IL 26512"
591,Pharmacy Group,"864 Main St, Los Angeles, IL 20714"
592,Hotel Inc,"846 Main St, Los Angeles, NY 94463"
593,Pharmacy LLC,"954 Main St, Chicago, TX 66897"
594,Hotel Corp,"921 Main St, Los Angeles, NY 81617"
595,Grocery Store Corp,"791 Main St, Houston, AZ 56699"
596,Restaurant Corp,"417 Main St, Chicago, IL 22101"
597,Pharmacy Group,"490 Main St, Houston, CA 96460"
598,Retail Store Group,"192 Main St, Houston, IL 50483"
599,Coffee Shop Co,"678 Main St, Houston, IL 88247"
600,Electronics Store Co,"963 Main St, Los Angeles, AZ 87908"
601,Pharmacy LLC,"975 Main St, Phoenix, TX 40934"
602,Hotel Inc,"682 Main St, Houston, NY 62793"
603,Restaurant Inc,"310 Main St, Los Angeles, AZ 53724"
604,Gas Station Co,"667 Main St, Los Angeles, AZ 43079"
605,Electronics Store Group,"228 Main St, Chicago, NY 72462"
606,Electronics Store Co,"676 Main St, Houston, CA 64141"
607,Electronics Store Inc,"151 Main St, Houston, IL 29097"
608,Hotel Inc,"468 Main St, New York, TX 29234"
609,Restaurant LLC,"750 Main St, Phoenix, IL 64221"
610,Restaurant Co,"505 Main St, Phoenix, AZ 85368"
611,Grocery Store LLC,"535 Main St, New York, TX 62113"
612,Electronics Store Co,"705 Main St, New York, TX 32774"
613,Retail Store LLC,"779 Main St, New York, AZ 93267"
614,Gas Station Group,"943 Main St, Phoenix, TX 99969"
615,Coffee Shop Corp,"967 Main St, Chicago, NY 76430"
616,Electronics Store Corp,"836 Main St, Chicago, CA 64613"
617,Hotel LLC,"545 Main St, Chicago, AZ 24203"
618,Hotel LLC,"895 Main St, Houston, AZ 91149"
619,Restaurant Co,"624 Main St, Chicago, IL 82917"
620,Restaurant LLC,"494 Main St, Phoenix, CA 33155"
621,Retail Store Inc,"850 Main St, Phoenix, NY 75494"
622,Pharmacy Co,"447 Main St, Phoenix, TX 39107"
623,Grocery Store Group,"475 Main St, Phoenix, NY 65599"
624,Restaurant LLC,"540 Main St, Chicago, IL 24938"
625,Electronics Store LLC,"979 Main St, New York, TX 24128"
626,Electronics Store Inc,"102 Main St, Los Angeles, TX 26591"
627,Grocery Store Group,"360 Main St, Chicago, IL 27722"
628,Hotel Inc,"826 Main St, Houston, NY 62501"
629,Electronics Store Group,"362 Main St, Houston, IL 38363"
630,Coffee Shop Inc,"119 Main St, Los Angeles, CA 20308"
631,Restaurant Inc,"647 Main St, Phoenix, AZ 87679"
632,Gas Station Inc,"352 Main St, Phoenix, IL 94069"
633,Grocery Store LLC,"338 Main St, Los Angeles, AZ 81447"
634,Pharmacy Co,"702 Main St, Los Angeles, NY 52035"
635,Gas Station Co,"166 Main St, Phoenix, CA 18898"
636,Hotel Group,"363 Main St, Los Angeles, CA 61792"
637,Coffee Shop Corp,"705 Main St, Phoenix, CA 88027"
638,Restaurant LLC,"270 Main St, Phoenix, IL 87908"
639,Gas Station Inc,"765 Main St, Houston, TX 30391"
640,Coffee Shop Group,"905 Main St, New York, AZ 45046"
641,Gas Station LLC,"854 Main St, New York, IL 72207"
642,Grocery Store Co,"579 Main St, Los Angeles, CA 24943"
643,Restaurant Co,"605 Main St, Chicago, NY 11581"
644,Clothing Store Corp,"805 Main St, Houston, NY 91478"
645,Restaurant Group,"883 Main St, Los Angeles, AZ 44007"
646,Retail Store Corp,"929 Main St, New York, IL 24715"
647,Retail Store Corp,"633 Main St, New York, CA 15992"
648,Electronics Store Corp,"560 Main St, Houston, CA 69453"
649,Restaurant Corp,"752 Main St, Los Angeles, IL 89622"
650,Hotel Corp,"903 Main St, Phoenix, NY 18751"
651,Grocery Store Co,"965 Main St, Chicago, CA 29056"
652,Electronics Store LLC,"933 Main St, Los Angeles, AZ 49115"
653,Gas Station Group,"467 Main St, New York, IL 86925"
654,Pharmacy Group,"562 Main St, Chicago, TX 20866"
655,Electronics Store Inc,"461 Main St, New York, NY 31570"
656,Restaurant LLC,"164 Main St, Los Angeles, IL 53103"
657,Retail Store Co,"992 Main St, New York, TX 36953"
658,Retail Store Corp,"468 Main St, Phoenix, CA 79507"
659,Grocery Store LLC,"982 Main St, Los Angeles, CA 26724"
660,Clothing Store Co,"690 Main St, Los Angeles, AZ 55969"
661,Retail Store LLC,"725 Main St, New York, NY 98879"
662,Grocery Store Inc,"292 Main St, Chicago, AZ 35683"
663,Grocery Store Group,"105 Main St, Phoenix, NY 63829"
664,Pharmacy Co,"332 Main St, New York, TX 52306"
665,Grocery Store Corp,"586 Main St, Phoenix, AZ 59646"
666,Gas Station Inc,"784 Main St, Los Angeles, AZ 72781"
667,Coffee Shop Inc,"963 Main St, Houston, TX 15459"
668,Clothing Store Group,"364 Main St, Phoenix, CA 37121"
669,Clothing Store LLC,"118 Main St, Houston, AZ 78545"
670,Grocery Store Inc,"107 Main St, New York, CA 46566"
671,Hotel LLC,"310 Main St, Houston, AZ 64180"
672,Pharmacy Co,"757 Main St, Los Angeles, AZ 90125"
673,Retail Store Group,"202 Main St, Phoenix, IL 76868"
674,Grocery Store Corp,"477 Main St, Los Angeles, IL 96226"
675,Retail Store Co,"905 Main St, Phoenix, NY 61319"
676,Electronics Store Corp,"165 Main St, Los Angeles, AZ 12347"
677,Restaurant Group,"394 Main St, Los Angeles, CA 23560"
678,Clothing Store LLC,"994 Main St, Los Angeles, IL 85880"
679,Pharmacy Group,"717 Main St, Phoenix, TX 95553"
680,Coffee Shop LLC,"956 Main St, Los Angeles, TX 97068"
681,Pharmacy Corp,"887 Main St, Phoenix, CA 52819"
682,Electronics Store Corp,"798 Main St, Phoenix, CA 30911"
683,Coffee Shop Co,"390 Main St, Chicago, TX 18834"
684,Hotel Inc,"118 Main St, New York, IL 57910"
685,Grocery Store Group,"402 Main St, Houston, CA 35251"
686,Hotel Inc,"493 Main St, New York, TX 37097"
687,Retail Store Co,"263 Main St, Houston, CA 21280"
688,Clothing Store LLC,"570 Main St, New York, NY 55390"
689,Coffee Shop Inc,"777 Main St, Houston, IL 51265"
690,Gas Station Group,"936 Main St, Los Angeles, TX 31590"
691,Grocery Store Inc,"902 Main St, New York, CA 11904"
692,Grocery Store Co,"440 Main St, Phoenix, IL 38442"
693,Grocery Store Corp,"957 Main St, Houston, IL 75992"
694,Retail Store Group,"753 Main St, Phoenix, IL 39188"
695,Electronics Store Co,"566 Main St, Houston, IL 81187"
696,Grocery Store Inc,"941 Main St, New York, AZ 87097"
697,Coffee Shop LLC,"176 Main St, New York, IL 26817"
698,Retail Store Group,"625 Main St, Los Angeles, CA 37065"
699,Electronics Store Inc,"580 Main St, Houston, CA 51446"
700,Electronics Store Co,"545 Main St, New York, TX 33235"
701,Pharmacy LLC,"798 Main St, New York, CA 71424"
702,Pharmacy Co,"591 Main St, Phoenix, AZ 55477"
703,Retail Store Group,"580 Main St, Los Angeles, CA 40801"
704,Hotel LLC,"808 Main St, Los Angeles, AZ 75217"
705,Pharmacy Group,"639 Main St, Houston, AZ 86611"
706,Restaurant Co,"746 Main St, Houston, TX 86171"
707,Hotel Co,"975 Main St, New York, AZ 63321"
708,Hotel Co,"707 Main St, Houston, IL 15433"
709,Hotel Group,"228 Main St, New York, NY 89971"
710,Clothing Store LLC,"121 Main St, Houston, AZ 24989"
711,Restaurant Co,"569 Main St, Houston, IL 90730"
712,Coffee Shop Inc,"259 Main St, Chicago, AZ 24236"
713,Electronics Store Co,"855 Main St, Los Angeles, TX 27687"
714,Electronics Store Group,"196 Main St, Phoenix, TX 91790"
715,Clothing Store Co,"992 Main St, Chicago, NY 18743"
716,Pharmacy Co,"817 Main St, Phoenix, CA 12433"
717,Electronics Store Inc,"528 Main St, Phoenix, CA 64022"
718,Clothing Store Inc,"734 Main St, Chicago, NY 51934"
719,Electronics Store LLC,"135 Main St, Los Angeles, CA 29112"
720,Restaurant Corp,"537 Main St, Phoenix, CA 87390"
721,Grocery Store Corp,"879 Main St, Los Angeles, TX 63331"
722,Retail Store Inc,"693 Main St, Chicago, TX 16211"
723,Gas Station Corp,"987 Main St, Houston, AZ 32477"
724,Clothing Store Co,"562 Main St, Houston, TX 65244"
725,Electronics Store Corp,"320 Main St, Chicago, CA 71489"
726,Grocery Store Group,"277 Main St, New York, TX 76323"
727,Gas Station Co,"919 Main St, New York, TX 34356"
728,Hotel Group,"419 Main St, New York, AZ 33511"
729,Hotel Co,"131 Main St, Houston, NY 84081"
730,Retail Store LLC,"807 Main St, Phoenix, NY 11391"
731,Restaurant Co,"934 Main St, Los Angeles, CA 83184"
732,Restaurant LLC,"858 Main St, Chicago, CA 99480"
733,Grocery Store Group,"787 Main St, New York, TX 30642"
734,Gas Station Group,"250 Main St, Chicago, IL 50328"
735,Electronics Store LLC,"244 Main St, Chicago, IL 27171"
736,Pharmacy Group,"753 Main St, Chicago, TX 71424"
737,Coffee Shop Inc,"590 Main St, Chicago, IL 98735"
738,Coffee Shop LLC,"324 Main St, New York, NY 45608"
739,Coffee Shop Group,"704 Main St, Los Angeles, AZ 18222"
740,Retail Store Co,"795 Main St, New York, NY 50825"
741,Grocery Store Corp,"966 Main St, New York, AZ 18751"
742,Retail Store LLC,"813 Main St, Phoenix, NY 20836"
743,Clothing Store Inc,"739 Main St, Houston, TX 81546"
744,Electronics Store Corp,"846 Main St, New York, AZ 85117"
745,Restaurant LLC,"110 Main St, Chicago, TX 57345"
746,Coffee Shop LLC,"823 Main St, New York, TX 94733"
747,Grocery Store Co,"527 Main St, New York, AZ 50152"
748,Gas Station Group,"234 Main St, Los Angeles, IL 61794"
749,Retail Store Group,"461 Main St, New York, NY 48285"
750,Hotel Group,"533 Main St, Chicago, NY 93134"
751,Pharmacy Co,"922 Main St, Chicago, NY 22477"
752,Clothing Store Corp,"233 Main St, Houston, IL 41595"
753,Pharmacy LLC,"735 Main St, Los Angeles, CA 47674"
754,Retail Store Corp,"231 Main St, Phoenix, TX 32592"
755,Gas Station Co,"239 Main St, Houston, TX 65398"
756,Restaurant Group,"990 Main St, Los Angeles, IL 71558"
757,Coffee Shop LLC,"724 Main St, New York, CA 20765"
758,Clothing Store Inc,"396 Main St, New York, TX 25148"
759,Grocery Store Group,"705 Main St, Houston, AZ 15809"
760,Electronics Store Inc,"377 Main St, Los Angeles, CA 25907"
761,Clothing Store Inc,"143 Main St, New York, AZ 71287"
762,Retail Store Group,"625 Main St, Phoenix, CA 25826"
763,Grocery Store Corp,"138 Main St, Houston, CA 87052"
764,Hotel Corp,"209 Main St, Phoenix, AZ 68986"
765,Restaurant Corp,"330 Main St, Los Angeles, NY 11030"
766,Pharmacy Inc,"583 Main St, Houston, NY 67007"
767,Clothing Store Co,"733 Main St, New York, AZ 16016"
768,Pharmacy Corp,"410 Main St, Phoenix, TX 13186"
769,Retail Store Inc,"111 Main St, Chicago, IL 38880"
770,Electronics Store LLC,"327 Main St, Houston, AZ 59359"
771,Electronics Store LLC,"302 Main St, Houston, NY 34512"
772,Grocery Store Group,"334 Main St, New York, NY 59637"
773,Electronics Store LLC,"845 Main St, Phoenix, TX 75155"
774,Clothing Store Group,"933 Main St, New York, IL 91303"
775,Coffee Shop Corp,"649 Main St, Houston, CA 18863"
776,Grocery Store Inc,"828 Main St, Phoenix, NY 82624"
777,Retail Store Inc,"696 Main St, New York, IL 82746"
778,Clothing Store LLC,"312 Main St, Houston, NY 85219"
779,Pharmacy Group,"253 Main St, New York, CA 87715"
780,Gas Station Group,"873 Main St, New York, NY 74055"
781,Hotel Inc,"857 Main St, Phoenix, TX 41549"
782,Clothing Store Inc,"784 Main St, Houston, NY 48001"
783,Retail Store Corp,"914 Main St, Phoenix, IL 74807"
784,Coffee Shop Group,"511 Main St, Chicago, TX 37806"
785,Electronics Store Co,"683 Main St, Los Angeles, AZ 25313"
786,Clothing Store Corp,"330 Main St, New York, CA 17134"
787,Gas Station Inc,"748 Main St, Phoenix, IL 34331"
788,Restaurant Inc,"378 Main St, New York, TX 70494"
789,Pharmacy Corp,"661 Main St, Los Angeles, AZ 40166"
790,Hotel Co,"976 Main St, Houston, NY 65259"
791,Electronics Store Inc,"766 Main St, Chicago, IL 58614"
792,Hotel Co,"370 Main St, Chicago, AZ 92529"
793,Coffee Shop Group,"847 Main St, Chicago, CA 92461"
794,Grocery Store Co,"544 Main St, Chicago, NY 94987"
795,Pharmacy LLC,"782 Main St, Phoenix, CA 20054"
796,Gas Station Inc,"362 Main St, Houston, TX 15422"
797,Grocery Store Inc,"851 Main St, Chicago, CA 79493"
798,Coffee Shop Co,"935 Main St, Houston, CA 29956"
799,Restaurant Group,"938 Main St, Phoenix, CA 70057"
800,Grocery Store Co,"621 Main St, Los Angeles, TX 89043"
801,Grocery Store Corp,"412 Main St, New York, IL 37574"
802,Retail Store Corp,"353 Main St, Los Angeles, NY 67795"
803,Electronics Store Group,"410 Main St, Los Angeles, TX 88953"
804,Gas Station Corp,"282 Main St, Los Angeles, CA 65528"
805,Grocery Store Corp,"303 Main St, New York, NY 33341"
806,Coffee Shop Corp,"273 Main St, Chicago, AZ 72039"
807,Pharmacy LLC,"632 Main St, Los Angeles, TX 45300"
808,Hotel LLC,"224 Main St, New York, CA 72585"
809,Retail Store Co,"705 Main St, New York, AZ 75512"
810,Restaurant LLC,"141 Main St, Chicago, IL 36163"
811,Hotel Corp,"409 Main St, Houston, CA 50500"
812,Grocery Store Co,"921 Main St, Houston, IL 54928"
813,Gas Station Group,"274 Main St, Chicago, AZ 45443"
814,Grocery Store LLC,"775 Main St, Los Angeles, TX 23388"
815,Gas Station Group,"925 Main St, Phoenix, AZ 97023"
816,Pharmacy LLC,"707 Main St, New York, TX 70931"
817,Clothing Store Co,"654 Main St, Chicago, TX 88207"
818,Electronics Store Corp,"705 Main St, Phoenix, CA 12471"
819,Clothing Store Co,"309 Main St, Los Angeles, IL 34394"
820,Coffee Shop LLC,"528 Main St, Houston, IL 20114"
821,Coffee Shop Group,"574 Main St, Phoenix, NY 50460"
822,Gas Station Group,"138 Main St, Phoenix, IL 25630"
823,Clothing Store Corp,"316 Main St, Phoenix, IL 36163"
824,Clothing Store LLC,"687 Main St, Phoenix, IL 17559"
825,Clothing Store Corp,"990 Main St, Houston, IL 38527"
826,Coffee Shop Corp,"925 Main St, Houston, CA 46593"
827,Hotel Corp,"163 Main St, New York, TX 70546"
828,Clothing Store Corp,"366 Main St, Chicago, IL 34110"
829,Retail Store Corp,"157 Main St, Phoenix, AZ 57463"
830,Electronics Store Corp,"168 Main St, Los Angeles, NY 66776"
831,Grocery Store LLC,"922 Main St, Houston, AZ 75808"
832,Hotel Corp,"288 Main St, Chicago, NY 46390"
833,Coffee Shop Group,"788 Main St, Phoenix, TX 91708"
834,Pharmacy Co,"562 Main St, Los Angeles, CA 39081"
835,Restaurant Group,"952 Main St, New York, TX 31782"
836,Grocery Store Co,"293 Main St, Phoenix, AZ 12446"
837,Retail Store Corp,"413 Main St, Chicago, TX 86530"
838,Pharmacy Corp,"440 Main St, Phoenix, CA 80709"
839,Pharmacy Group,"668 Main St, Phoenix, IL 51561"
840,Gas Station Inc,"994 Main St, Los Angeles, TX 59422"
841,Gas Station Corp,"719 Main St, Phoenix, IL 23236"
842,Restaurant Group,"336 Main St, New York, IL 22296"
843,Gas Station Inc,"746 Main St, New York, NY 77886"
844,Electronics Store Inc,"165 Main St, Phoenix, AZ 53111"
845,Grocery Store LLC,"145 Main St, Houston, AZ 34773"
846,Coffee Shop Group,"287 Main St, New York, CA 78688"
847,Coffee Shop LLC,"119 Main St, Houston, CA 17693"
848,Coffee Shop Inc,"503 Main St, Phoenix, CA 22624"
849,Gas Station LLC,"539 Main St, Phoenix, AZ 34409"
850,Restaurant Inc,"694 Main St, New York, IL 39079"
851,Coffee Shop Group,"891 Main St, Los Angeles, CA 42851"
852,Hotel LLC,"355 Main St, Phoenix, AZ 22655"
853,Clothing Store Corp,"531 Main St, Los Angeles, NY 30797"
854,Electronics Store LLC,"259 Main St, New York, AZ 94028"
855,Grocery Store Co,"519 Main St, New York, AZ 34033"
856,Coffee Shop Co,"130 Main St, Los Angeles, TX 99606"
857,Gas Station Inc,"674 Main St, Houston, TX 22990"
858,Retail Store Group,"198 Main St, New York, AZ 57224"
859,Gas Station Corp,"517 Main St, Houston, AZ 70855"
860,Gas Station Corp,"980 Main St, New York, AZ 62078"
861,Pharmacy Inc,"258 Main St, Los Angeles, TX 29713"
862,Restaurant Inc,"352 Main St, Chicago, IL 35645"
863,Gas Station Co,"250 Main St, New York, CA 85806"
864,Pharmacy LLC,"565 Main St, Chicago, NY 58702"
865,Restaurant Corp,"104 Main St, New York, AZ 98734"
866,Coffee Shop Group,"296 Main St, Houston, TX 29880"
867,Retail Store Inc,"234 Main St, New York, CA 23188"
868,Pharmacy Group,"618 Main St, Houston, CA 47847"
869,Retail Store Group,"879 Main St, New York, CA 54340"
870,Hotel Co,"657 Main St, Los Angeles, TX 19983"
871,Pharmacy Corp,"621 Main St, Phoenix, TX 88312"
872,Grocery Store Group,"982 Main St, Houston, TX 38453"
873,Electronics Store Corp,"626 Main St, Chicago, NY 99169"
874,Coffee Shop Inc,"160 Main St, Houston, TX 63848"
875,Restaurant LLC,"830 Main St, Phoenix, TX 60242"
876,Electronics Store LLC,"435 Main St, Los Angeles, TX 14285"
877,Coffee Shop Group,"647 Main St, New York, AZ 96808"
878,Pharmacy Corp,"561 Main St, Phoenix, AZ 95512"
879,Restaurant Co,"652 Main St, Houston, TX 39403"
880,Grocery Store Inc,"778 Main St, Chicago, CA 68520"
881,Restaurant Inc,"709 Main St, Phoenix, IL 28847"
882,Hotel Inc,"383 Main St, New York, TX 15047"
883,Coffee Shop LLC,"533 Main St, Los Angeles, NY 97892"
884,Restaurant Corp,"383 Main St, Houston, IL 92499"
885,Electronics Store Inc,"956 Main St, New York, IL 58300"
886,Coffee Shop LLC,"820 Main St, Phoenix, CA 49640"
887,Retail Store LLC,"461 Main St, Los Angeles, AZ 94964"
888,Coffee Shop Group,"962 Main St, Chicago, TX 11242"
889,Grocery Store LLC,"653 Main St, New York, TX 83318"
890,Coffee Shop Corp,"178 Main St, New York, CA 94948"
891,Gas Station Group,"420 Main St, Los Angeles, NY 79716"
892,Gas Station Co,"294 Main St, Chicago, CA 30496"
893,Restaurant Inc,"144 Main St, Los Angeles, TX 90809"
894,Pharmacy LLC,"664 Main St, New York, TX 37538"
895,Electronics Store LLC,"441 Main St, Los Angeles, AZ 16760"
896,Retail Store Corp,"840 Main St, Houston, TX 46406"
897,Restaurant Group,"682 Main St, Phoenix, TX 31884"
898,Coffee Shop Co,"205 Main St, New York, TX 82177"
899,Coffee Shop Inc,"694 Main St, Chicago, CA 92092"
900,Pharmacy Inc,"687 Main St, Los Angeles, IL 11524"
901,Restaurant LLC,"331 Main St, New York, TX 86383"
902,Grocery Store Inc,"360 Main St, Houston, TX 99868"
903,Grocery Store Co,"236 Main St, Houston, IL 93425"
904,Clothing Store Inc,"561 Main St, New York, AZ 76053"
905,Grocery Store LLC,"822 Main St, Chicago, TX 96238"
906,Coffee Shop Corp,"483 Main St, New York, CA 82503"
907,Pharmacy LLC,"399 Main St, New York, AZ 27386"
908,Clothing Store Corp,"984 Main St, Chicago, NY 80679"
909,Pharmacy Inc,"739 Main St, Houston, NY 72215"
910,Pharmacy Inc,"321 Main St, New York, AZ 52502"
911,Coffee Shop Co,"467 Main St, Chicago, IL 57123"
912,Retail Store Group,"528 Main St, Los Angeles, AZ 34117"
913,Gas Station Group,"406 Main St, Houston, IL 59689"
914,Hotel LLC,"318 Main St, Los Angeles, AZ 53104"
915,Grocery Store Co,"695 Main St, Los Angeles, CA 56209"
916,Gas Station Co,"391 Main St, Phoenix, NY 46098"
917,Grocery Store Inc,"469 Main St, New York, NY 12443"
918,Pharmacy Co,"627 Main St, Chicago, TX 97157"
919,Restaurant LLC,"228 Main St, New York, NY 45790"
920,Gas Station Co,"497 Main St, Chicago, AZ 55793"
921,Gas Station Corp,"835 Main St, Los Angeles, IL 17871"
922,Pharmacy Group,"798 Main St, Phoenix, AZ 92627"
923,Electronics Store Group,"828 Main St, Chicago, AZ 29535"
924,Coffee Shop LLC,"880 Main St, Phoenix, CA 26703"
925,Pharmacy Corp,"313 Main St, Houston, TX 66837"
926,Coffee Shop Group,"765 Main St, Los Angeles, AZ 70298"
927,Clothing Store LLC,"689 Main St, Houston, NY 51952"
928,Coffee Shop LLC,"551 Main St, Phoenix, CA 97009"
929,Gas Station Co,"445 Main St, Houston, NY 44323"
930,Coffee Shop Corp,"687 Main St, Los Angeles, TX 84654"
931,Grocery Store Corp,"589 Main St, Los Angeles, IL 83424"
932,Electronics Store Co,"146 Main St, Phoenix, AZ 25039"
933,Restaurant Corp,"863 Main St, Los Angeles, NY 29777"
934,Pharmacy Group,"508 Main St, Phoenix, IL 66518"
935,Hotel Group,"823 Main St, Houston, TX 66089"
936,Clothing Store Inc,"836 Main St, Chicago, IL 66034"
937,Gas Station Group,"297 Main St, Houston, TX 72171"
938,Electronics Store LLC,"912 Main St, Chicago, TX 56197"
939,Gas Station LLC,"432 Main St, Chicago, NY 15035"
940,Retail Store LLC,"360 Main St, Houston, IL 20231"
941,Electronics Store LLC,"994 Main St, Los Angeles, TX 21424"
942,Clothing Store Inc,"173 Main St, Houston, IL 47452"
943,Grocery Store Inc,"934 Main St, Phoenix, IL 87878"
944,Hotel Corp,"826 Main St, Houston, NY 81847"
945,Hotel Co,"492 Main St, Chicago, TX 56512"
946,Hotel Inc,"459 Main St, Phoenix, AZ 20080"
947,Retail Store Corp,"156 Main St, New York, AZ 12190"
948,Pharmacy Inc,"741 Main St, Houston, TX 32775"
949,Electronics Store Group,"879 Main St, New York, CA 49862"
950,Coffee Shop Co,"743 Main St, Houston, CA 40646"
951,Clothing Store Co,"736 Main St, Houston, TX 56264"
952,Retail Store Corp,"705 Main St, Chicago, NY 79976"
953,Clothing Store LLC,"129 Main St, Chicago, IL 34903"
954,Electronics Store Inc,"610 Main St, Los Angeles, CA 57915"
955,Pharmacy Inc,"510 Main St, New York, IL 69120"
956,Retail Store Corp,"810 Main St, Phoenix, TX 98537"
957,Grocery Store Group,"217 Main St, Los Angeles, CA 99993"
958,Clothing Store LLC,"806 Main St, Phoenix, IL 18084"
959,Gas Station Inc,"598 Main St, New York, NY 40076"
960,Clothing Store Corp,"164 Main St, Los Angeles, TX 36283"
961,Clothing Store Co,"394 Main St, Houston, CA 91795"
962,Restaurant Corp,"418 Main St, Chicago, CA 26588"
963,Retail Store Group,"745 Main St, Los Angeles, CA 34008"
964,Electronics Store Corp,"212 Main St, Chicago, AZ 31292"
965,Gas Station Group,"362 Main St, Phoenix, AZ 46881"
966,Coffee Shop LLC,"283 Main St, Chicago, NY 90727"
967,Coffee Shop Corp,"436 Main St, New York, TX 73671"
968,Hotel Group,"291 Main St, New York, TX 92517"
969,Grocery Store Co,"511 Main St, Phoenix, AZ 31262"
970,Clothing Store Corp,"455 Main St, Phoenix, CA 36869"
971,Hotel LLC,"309 Main St, Phoenix, IL 20899"
972,Restaurant Group,"164 Main St, New York, TX 14277"
973,Grocery Store Group,"257 Main St, Chicago, CA 73347"
974,Pharmacy Inc,"276 Main St, New York, CA 13344"
975,Clothing Store Corp,"170 Main St, Houston, CA 74681"
976,Coffee Shop Co,"851 Main St, Phoenix, IL 12096"
977,Retail Store Corp,"642 Main St, New York, AZ 29120"
978,Electronics Store Co,"260 Main St, Phoenix, AZ 55611"
979,Hotel Inc,"925 Main St, Los Angeles, AZ 29185"
980,Grocery Store Inc,"677 Main St, Houston, CA 29478"
981,Electronics Store LLC,"874 Main St, Chicago, IL 46476"
982,Gas Station Co,"469 Main St, New York, TX 64705"
983,Clothing Store Group,"198 Main St, Los Angeles, NY 84910"
984,Gas Station Inc,"255 Main St, Houston, AZ 32290"
985,Grocery Store LLC,"511 Main St, Houston, AZ 33372"
986,Gas Station Co,"637 Main St, Phoenix, CA 77512"
987,Hotel LLC,"890 Main St, Los Angeles, AZ 39168"
988,Hotel Corp,"324 Main St, Houston, CA 20995"
989,Electronics Store Inc,"419 Main St, New York, NY 40032"
990,Coffee Shop Co,"822 Main St, New York, TX 32028"
991,Electronics Store LLC,"993 Main St, Los Angeles, AZ 39173"
992,Grocery Store Corp,"330 Main St, Chicago, AZ 15362"
993,Electronics Store LLC,"302 Main St, Los Angeles, TX 99216"
994,Restaurant Group,"179 Main St, Los Angeles, AZ 88136"
995,Clothing Store Group,"142 Main St, Houston, CA 25292"
996,Hotel Co,"583 Main St, Los Angeles, NY 30080"
997,Clothing Store LLC,"748 Main St, Los Angeles, NY 67674"
998,Hotel Corp,"212 Main St, New York, AZ 95470"
999,Hotel Inc,"891 Main St, New York, IL 32715"
1000,Restaurant Corp,"764 Main St, Los Angeles, IL 62452"
1001,Electronics Store Co,"424 Main St, New York, IL 99703"
1002,Retail Store Corp,"370 Main St, Phoenix, IL 44989"
1003,Clothing Store Corp,"583 Main St, Los Angeles, NY 60052"
1004,Restaurant Inc,"569 Main St, Chicago, AZ 93338"
1005,Electronics Store Corp,"527 Main St, Chicago, NY 73044"
1006,Coffee Shop Group,"247 Main St, New York, CA 56733"
1007,Hotel Inc,"875 Main St, Phoenix, NY 74093"
1008,Electronics Store Co,"238 Main St, Houston, IL 66781"
1009,Restaurant Inc,"240 Main St, Los Angeles, TX 25219"
1010,Clothing Store Inc,"286 Main St, Houston, IL 16106"
1011,Electronics Store Group,"573 Main St, Los Angeles, AZ 36819"
1012,Retail Store Inc,"757 Main St, Phoenix, NY 40131"
1013,Restaurant LLC,"317 Main St, Houston, CA 96156"
1014,Clothing Store LLC,"477 Main St, Los Angeles, TX 29442"
1015,Restaurant LLC,"833 Main St, Chicago, AZ 87369"
1016,Retail Store Inc,"752 Main St, Los Angeles, TX 67287"
1017,Clothing Store Group,"927 Main St, New York, TX 80049"
1018,Restaurant Co,"146 Main St, New York, NY 12644"
1019,Gas Station Corp,"741 Main St, Houston, AZ 67483"
1020,Retail Store Corp,"960 Main St, New York, NY 44534"
1021,Clothing Store Inc,"701 Main St, New York, AZ 59983"
1022,Pharmacy Corp,"989 Main St, New York, NY 27184"
1023,Retail Store Inc,"932 Main St, New York, IL 49402"
1024,Restaurant Inc,"234 Main St, Los Angeles, NY 83211"
1025,Retail Store Corp,"547 Main St, New York, NY 26842"
1026,Retail Store Co,"953 Main St, New York, AZ 58271"
1027,Electronics Store LLC,"319 Main St, Houston, IL 61799"
1028,Hotel Co,"827 Main St, New York, AZ 34671"
1029,Gas Station Corp,"342 Main St, Phoenix, IL 46985"
1030,Pharmacy LLC,"224 Main St, Houston, CA 21998"
1031,Restaurant LLC,"302 Main St, Houston, TX 13762"
1032,Gas Station Inc,"179 Main St, Houston, CA 21544"
1033,Coffee Shop Group,"194 Main St, Chicago, AZ 93784"
1034,Gas Station Group,"394 Main St, Los Angeles, NY 63095"
1035,Clothing Store Inc,"412 Main St, Los Angeles, TX 55761"
1036,Hotel Co,"853 Main St, New York, NY 84865"
1037,Electronics Store Co,"373 Main St, Los Angeles, TX 78366"
1038,Clothing Store Group,"827 Main St, Chicago, AZ 23534"
1039,Electronics Store Inc,"820 Main St, Phoenix, CA 71447"
1040,Grocery Store Corp,"806 Main St, New York, AZ 78069"
1041,Gas Station Group,"220 Main St, Phoenix, TX 13171"
1042,Electronics Store Inc,"494 Main St, Chicago, TX 68224"
1043,Hotel Group,"251 Main St, Chicago, IL 95464"
1044,Hotel LLC,"959 Main St, New York, NY 54752"
1045,Hotel LLC,"486 Main St, Los Angeles, CA 21686"
1046,Retail Store Corp,"542 Main St, New York, NY 58152"
1047,Gas Station Group,"638 Main St, Los Angeles, NY 11741"
1048,Grocery Store Co,"629 Main St, New York, NY 89314"
1049,Grocery Store Corp,"710 Main St, Los Angeles, NY 62459"
1050,Gas Station Inc,"391 Main St, Houston, NY 19299"
1051,Hotel Group,"442 Main St, Phoenix, IL 51790"
1052,Coffee Shop Inc,"645 Main St, Los Angeles, IL 39164"
1053,Pharmacy Co,"102 Main St, New York, AZ 77818"
1054,Hotel Inc,"204 Main St, Chicago, CA 36430"
1055,Hotel LLC,"615 Main St, Phoenix, NY 39463"
1056,Pharmacy Co,"400 Main St, Houston, IL 68983"
1057,Gas Station Inc,"274 Main St, Los Angeles, NY 15298"
1058,Coffee Shop Group,"601 Main St, Phoenix, TX 69248"
1059,Clothing Store LLC,"302 Main St, Chicago, TX 45636"
1060,Restaurant Inc,"395 Main St, Los Angeles, CA 47901"
1061,Electronics Store Co,"851 Main St, New York, AZ 66876"
1062,Electronics Store Group,"721 Main St, Chicago, NY 79696"
1063,Grocery Store Corp,"678 Main St, Phoenix, TX 42835"
1064,Gas Station Corp,"941 Main St, Phoenix, AZ 29027"
1065,Retail Store Inc,"298 Main St, New York, IL 45857"
1066,Electronics Store Co,"940 Main St, Chicago, TX 76574"
1067,Coffee Shop Group,"650 Main St, Chicago, AZ 59456"
1068,Retail Store Co,"341 Main St, Chicago, CA 96291"
1069,Electronics Store Inc,"949 Main St, Phoenix, IL 69966"
1070,Pharmacy Group,"691 Main St, Los Angeles, CA 25711"
1071,Restaurant Corp,"441 Main St, Phoenix, NY 19435"
1072,Restaurant Inc,"104 Main St, Chicago, IL 17402"
1073,Coffee Shop LLC,"413 Main St, Phoenix, NY 46135"
1074,Electronics Store LLC,"155 Main St, Houston, TX 66173"
1075,Clothing Store Corp,"290 Main St, Los Angeles, NY 40595"
1076,Electronics Store Inc,"630 Main St, Houston, TX 62844"
1077,Gas Station Co,"537 Main St, Los Angeles, CA 94661"
1078,Electronics Store Group,"325 Main St, Phoenix, CA 58259"
1079,Grocery Store Inc,"985 Main St, Phoenix, NY 77703"
1080,Restaurant LLC,"394 Main St, Chicago, CA 96597"
1081,Grocery Store Inc,"456 Main St, Los Angeles, TX 89939"
1082,Restaurant Corp,"474 Main St, Phoenix, NY 20780"
1083,Retail Store Group,"123 Main St, Houston, NY 84448"
1084,Grocery Store LLC,"578 Main St, Los Angeles, IL 98432"
1085,Pharmacy Co,"303 Main St, Houston, IL 86226"
1086,Pharmacy Co,"991 Main St, Los Angeles, AZ 86772"
1087,Gas Station Corp,"458 Main St, Los Angeles, AZ 58383"
1088,Grocery Store Group,"960 Main St, Los Angeles, TX 97508"
1089,Pharmacy Group,"977 Main St, New York, NY 80042"
1090,Coffee Shop Co,"260 Main St, Houston, TX 27663"
1091,Grocery Store Inc,"173 Main St, Houston, CA 63195"
1092,Restaurant Group,"117 Main St, Houston, NY 95988"
1093,Electronics Store Group,"980 Main St, Los Angeles, AZ 43989"
1094,Pharmacy Co,"547 Main St, Los Angeles, NY 26333"
1095,Clothing Store Inc,"225 Main St, New York, AZ 36312"
1096,Hotel Inc,"220 Main St, Los Angeles, AZ 14168"
1097,Electronics Store Corp,"183 Main St, Los Angeles, CA 43748"
1098,Coffee Shop Inc,"102 Main St, Houston, AZ 60978"
1099,Grocery Store Co,"473 Main St, Houston, TX 95948"
1100,Pharmacy Corp,"391 Main St, Los Angeles, IL 91403"
1101,Electronics Store LLC,"462 Main St, Los Angeles, AZ 43383"
1102,Restaurant Inc,"839 Main St, New York, NY 31851"
1103,Grocery Store Co,"737 Main St, Houston, NY 86522"
1104,Grocery Store Corp,"719 Main St, Los Angeles, AZ 50899"
1105,Pharmacy Corp,"215 Main St, New York, TX 65195"
1106,Hotel Co,"834 Main St, Houston, CA 16114"
1107,Electronics Store Co,"380 Main St, Chicago, TX 26907"
1108,Restaurant Corp,"262 Main St, Los Angeles, IL 34121"
1109,Coffee Shop Inc,"145 Main St, New York, CA 72459"
1110,Gas Station Co,"406 Main St, New York, NY 42075"
1111,Clothing Store LLC,"484 Main St, Houston, TX 94461"
1112,Electronics Store Co,"998 Main St, Houston, CA 66321"
1113,Pharmacy LLC,"555 Main St, Los Angeles, TX 15399"
1114,Retail Store LLC,"626 Main St, Chicago, IL 66246"
1115,Clothing Store Inc,"693 Main St, Houston, NY 14543"
1116,Electronics Store LLC,"784 Main St, Los Angeles, IL 40165"
1117,Restaurant LLC,"168 Main St, Los Angeles, AZ 20809"
1118,Coffee Shop Inc,"863 Main St, Chicago, TX 66575"
1119,Pharmacy Co,"292 Main St, New York, NY 56873"
1120,Clothing Store Corp,"335 Main St, Houston, NY 22243"
1121,Clothing Store Group,"236 Main St, Chicago, NY 27824"
1122,Electronics Store LLC,"358 Main St, Los Angeles, CA 56778"
1123,Clothing Store Co,"315 Main St, Houston, AZ 81842"
1124,Clothing Store Group,"859 Main St, Los Angeles, CA 14484"
1125,Electronics Store Group,"883 Main St, Phoenix, AZ 68207"
1126,Clothing Store Group,"530 Main St, Houston, NY 46552"
1127,Restaurant Group,"353 Main St, Los Angeles, CA 35483"
1128,Clothing Store LLC,"969 Main St, Chicago, NY 38240"
1129,Restaurant Corp,"183 Main St, New York, AZ 43558"
1130,Retail Store Corp,"153 Main St, Chicago, NY 93940"
1131,Pharmacy LLC,"773 Main St, Chicago, NY 39348"
1132,Gas Station Group,"473 Main St, Chicago, TX 34068"
1133,Coffee Shop Inc,"617 Main St, Chicago, IL 37530"
1134,Retail Store Group,"979 Main St, Los Angeles, TX 89922"
1135,Electronics Store Inc,"784 Main St, Chicago, NY 60733"
1136,Restaurant Corp,"963 Main St, Phoenix, AZ 82226"
1137,Retail Store Corp,"116 Main St, Chicago, IL 27578"
1138,Clothing Store Group,"501 Main St, Phoenix, IL 70062"
1139,Electronics Store LLC,"934 Main St, Chicago, TX 20236"
1140,Electronics Store Corp,"225 Main St, Chicago, TX 38137"
1141,Pharmacy Corp,"288 Main St, Phoenix, IL 41090"
1142,Clothing Store Corp,"703 Main St, Phoenix, NY 45178"
1143,Pharmacy Co,"531 Main St, New York, AZ 10059"
1144,Restaurant Inc,"287 Main St, Phoenix, CA 61910"
1145,Coffee Shop LLC,"595 Main St, Houston, TX 61918"
1146,Grocery Store Co,"566 Main St, New York, TX 69390"
1147,Retail Store Co,"946 Main St, Houston, TX 41347"
1148,Gas Station Corp,"501 Main St, Phoenix, NY 66279"
1149,Hotel Corp,"752 Main St, New York, IL 99485"
1150,Hotel Group,"679 Main St, Phoenix, TX 55947"
1151,Electronics Store Co,"758 Main St, Los Angeles, CA 35493"
1152,Pharmacy Inc,"558 Main St, Houston, TX 22253"
1153,Grocery Store Inc,"394 Main St, Houston, CA 47570"
1154,Hotel Group,"578 Main St, Houston, CA 38131"
1155,Restaurant Inc,"227 Main St, New York, AZ 95618"
1156,Coffee Shop LLC,"669 Main St, Phoenix, TX 95313"
1157,Grocery Store Corp,"540 Main St, Chicago, TX 93073"
1158,Grocery Store LLC,"912 Main St, Los Angeles, CA 66278"
1159,Hotel LLC,"209 Main St, Houston, NY 25873"
1160,Coffee Shop Inc,"567 Main St, Chicago, IL 95272"
1161,Coffee Shop Group,"264 Main St, Houston, AZ 31108"
1162,Hotel LLC,"325 Main St, Los Angeles, TX 78326"
1163,Hotel Co,"840 Main St, Phoenix, TX 21596"
1164,Gas Station Group,"591 Main St, New York, AZ 51805"
1165,Gas Station Group,"723 Main St, Houston, IL 38373"
1166,Restaurant Inc,"396 Main St, Phoenix, CA 49599"
1167,Pharmacy Inc,"595 Main St, Los Angeles, CA 20992"
1168,Electronics Store Group,"979 Main St, Los Angeles, IL 82008"
1169,Coffee Shop Inc,"961 Main St, Phoenix, TX 30869"
1170,Gas Station LLC,"254 Main St, New York, NY 58375"
1171,Coffee Shop Group,"941 Main St, Houston, AZ 28394"
1172,Gas Station Inc,"180 Main St, Chicago, CA 58570"
1173,Electronics Store Group,"649 Main St, Los Angeles, NY 68731"
1174,Hotel Co,"518 Main St, Houston, TX 13777"
1175,Restaurant LLC,"355 Main St, Phoenix, CA 98815"
1176,Retail Store Group,"461 Main St, Los Angeles, IL 26634"
1177,Coffee Shop Inc,"277 Main St, New York, CA 74275"
1178,Coffee Shop Group,"759 Main St, New York, CA 21204"
1179,Hotel Inc,"631 Main St, Phoenix, IL 50298"
1180,Restaurant Inc,"869 Main St, Houston, TX 36163"
1181,Retail Store Inc,"561 Main St, Los Angeles, AZ 19038"
1182,Coffee Shop LLC,"786 Main St, Chicago, AZ 64573"
1183,Retail Store Group,"879 Main St, Houston, IL 98680"
1184,Hotel Inc,"762 Main St, Phoenix, AZ 90849"
1185,Hotel LLC,"233 Main St, Chicago, NY 95903"
1186,Clothing Store Corp,"556 Main St, Chicago, NY 64593"
1187,Retail Store LLC,"638 Main St, Chicago, NY 46220"
1188,Coffee Shop Co,"221 Main St, Chicago, AZ 67491"
1189,Clothing Store Corp,"245 Main St, Los Angeles, CA 67727"
1190,Coffee Shop Inc,"402 Main St, New York, IL 80927"
1191,Retail Store Inc,"847 Main St, Houston, AZ 40552"
1192,Pharmacy Group,"703 Main St, Los Angeles, NY 73766"
1193,Pharmacy Group,"272 Main St, New York, IL 58370"
1194,Coffee Shop Group,"214 Main St, Phoenix, IL 41865"
1195,Retail Store Inc,"973 Main St, Houston, AZ 42726"
1196,Grocery Store Co,"436 Main St, New York, NY 94001"
1197,Gas Station Corp,"285 Main St, Los Angeles, CA 15373"
1198,Pharmacy Corp,"164 Main St, Houston, CA 12662"
1199,Hotel Group,"968 Main St, Chicago, CA 99223"
1200,Restaurant Corp,"871 Main St, Los Angeles, CA 56685"
1201,Hotel Corp,"495 Main St, Chicago, AZ 36761"
1202,Retail Store LLC,"162 Main St, New York, IL 43807"
1203,Hotel Inc,"458 Main St, Phoenix, NY 53036"
1204,Grocery Store Co,"687 Main St, Houston, CA 45596"
1205,Electronics Store Group,"645 Main St, New York, IL 75975"
1206,Hotel LLC,"543 Main St, Los Angeles, AZ 85017"
1207,Clothing Store LLC,"773 Main St, Houston, TX 86550"
1208,Grocery Store Co,"938 Main St, Houston, CA 18344"
1209,Electronics Store Corp,"727 Main St, Chicago, CA 75245"
1210,Restaurant LLC,"612 Main St, Los Angeles, CA 14023"
1211,Gas Station Co,"758 Main St, Chicago, NY 94038"
1212,Clothing Store Inc,"596 Main St, Los Angeles, TX 60842"
1213,Retail Store Group,"171 Main St, Phoenix, AZ 57459"
1214,Retail Store LLC,"186 Main St, Chicago, NY 71249"
1215,Grocery Store Co,"346 Main St, Phoenix, AZ 69040"
1216,Gas Station Inc,"296 Main St, New York, NY 25157"
1217,Hotel Inc,"379 Main St, New York, IL 18446"
1218,Coffee Shop Corp,"914 Main St, Chicago, TX 53199"
1219,Pharmacy Group,"582 Main St, New York, IL 18433"
1220,Restaurant Inc,"808 Main St, Phoenix, NY 60816"
1221,Restaurant LLC,"419 Main St, Los Angeles, CA 69894"
1222,Retail Store Group,"903 Main St, New York, CA 15804"
1223,Gas Station Inc,"632 Main St, Los Angeles, AZ 28579"
1224,Grocery Store Co,"311 Main St, Houston, TX 95790"
1225,Restaurant Corp,"562 Main St, New York, NY 33829"
1226,Restaurant Co,"637 Main St, Los Angeles, TX 39326"
1227,Grocery Store Group,"449 Main St, Chicago, NY 89354"
1228,Hotel Group,"325 Main St, Phoenix, IL 97336"
1229,Gas Station LLC,"220 Main St, Houston, AZ 23534"
1230,Coffee Shop Corp,"743 Main St, Phoenix, CA 89674"
1231,Clothing Store Corp,"776 Main St, Los Angeles, TX 31450"
1232,Grocery Store Group,"302 Main St, Chicago, CA 43971"
1233,Coffee Shop Inc,"758 Main St, Los Angeles, NY 17116"
1234,Restaurant Corp,"973 Main St, Houston, CA 41132"
1235,Clothing Store Corp,"490 Main St, Los Angeles, IL 39514"
1236,Grocery Store Corp,"953 Main St, Houston, TX 33170"
1237,Restaurant Group,"654 Main St, Phoenix, NY 84455"
1238,Grocery Store Co,"698 Main St, Chicago, AZ 47094"
1239,Clothing Store Corp,"612 Main St, Houston, IL 38023"
1240,Coffee Shop Group,"934 Main St, Phoenix, AZ 91256"
1241,Gas Station Group,"782 Main St, Chicago, AZ 24215"
1242,Electronics Store Group,"222 Main St, Houston, CA 20854"
1243,Grocery Store Co,"338 Main St, Phoenix, TX 82300"
1244,Retail Store LLC,"103 Main St, Los Angeles, NY 72714"
1245,Coffee Shop Group,"152 Main St, Chicago, TX 63903"
1246,Coffee Shop Co,"284 Main St, Phoenix, IL 49686"
1247,Retail Store Group,"400 Main St, New York, TX 23105"
1248,Grocery Store Group,"966 Main St, Los Angeles, AZ 70289"
1249,Pharmacy LLC,"563 Main St, New York, IL 23291"
1250,Coffee Shop Inc,"525 Main St, Chicago, NY 18911"
1251,Restaurant Corp,"230 Main St, Chicago, NY 64854"
1252,Grocery Store LLC,"314 Main St, Chicago, AZ 89878"
1253,Grocery Store Corp,"128 Main St, Phoenix, CA 49105"
1254,Grocery Store Corp,"138 Main St, Los Angeles, AZ 88818"
1255,Hotel Inc,"163 Main St, Houston, TX 88972"
1256,Grocery Store Inc,"776 Main St, Chicago, IL 41520"
1257,Clothing Store Co,"997 Main St, Phoenix, TX 27384"
1258,Gas Station Group,"933 Main St, Houston, TX 97515"
1259,Grocery Store Corp,"909 Main St, Los Angeles, TX 86150"
1260,Grocery Store Inc,"813 Main St, Phoenix, IL 92873"
1261,Clothing Store Co,"603 Main St, Phoenix, NY 99093"
1262,Coffee Shop Inc,"403 Main St, Los Angeles, AZ 24317"
1263,Pharmacy LLC,"412 Main St, Phoenix, CA 69611"
1264,Gas Station LLC,"570 Main St, Phoenix, AZ 74789"
1265,Pharmacy Corp,"581 Main St, Houston, CA 84565"
1266,Coffee Shop Co,"854 Main St, Chicago, IL 97044"
1267,Coffee Shop Corp,"727 Main St, Houston, NY 84742"
1268,Grocery Store Co,"112 Main St, Los Angeles, AZ 12264"
1269,Coffee Shop Inc,"943 Main St, Chicago, CA 23088"
1270,Hotel Corp,"679 Main St, Houston, IL 32383"
1271,Clothing Store Co,"855 Main St, Los Angeles, NY 33142"
1272,Pharmacy Inc,"997 Main St, Chicago, IL 96365"
1273,Hotel Inc,"795 Main St, Los Angeles, TX 62810"
1274,Gas Station Inc,"826 Main St, Chicago, CA 23406"
1275,Retail Store Inc,"307 Main St, Los Angeles, NY 38056"
1276,Hotel Inc,"355 Main St, New York, TX 87430"
1277,Clothing Store Inc,"616 Main St, Houston, AZ 18190"
1278,Coffee Shop Corp,"664 Main St, Phoenix, IL 68169"
1279,Grocery Store Inc,"294 Main St, New York, IL 82441"
1280,Pharmacy Group,"374 Main St, Los Angeles, TX 51420"
1281,Pharmacy LLC,"983 Main St, Houston, CA 62707"
1282,Retail Store Corp,"122 Main St, Chicago, NY 52673"
1283,Retail Store Corp,"758 Main St, Phoenix, NY 69194"
1284,Coffee Shop Group,"766 Main St, Phoenix, CA 31992"
1285,Retail Store Co,"592 Main St, Chicago, CA 62765"
1286,Gas Station LLC,"966 Main St, Los Angeles, TX 67618"
1287,Restaurant Group,"645 Main St, Chicago, TX 13561"
1288,Electronics Store Group,"654 Main St, Phoenix, TX 54604"
1289,Hotel Co,"910 Main St, Houston, CA 42547"
1290,Gas Station Inc,"339 Main St, Chicago, CA 83408"
1291,Grocery Store LLC,"285 Main St, New York, TX 38298"
1292,Clothing Store Inc,"159 Main St, Phoenix, AZ 49195"
1293,Pharmacy Co,"516 Main St, Los Angeles, AZ 46041"
1294,Retail Store Inc,"237 Main St, Phoenix, CA 62441"
1295,Electronics Store Inc,"205 Main St, Chicago, CA 56118"
1296,Pharmacy Group,"810 Main St, New York, AZ 40997"
1297,Pharmacy Group,"260 Main St, New York, IL 69429"
1298,Pharmacy Corp,"606 Main St, Los Angeles, NY 37897"
1299,Electronics Store Co,"727 Main St, Chicago, CA 62188"
1300,Coffee Shop Corp,"565 Main St, Chicago, CA 60163"
1301,Electronics Store Co,"646 Main St, New York, NY 26440"
1302,Pharmacy LLC,"199 Main St, Phoenix, AZ 84648"
1303,Hotel Co,"285 Main St, Houston, NY 18149"
1304,Restaurant Corp,"196 Main St, Los Angeles, TX 49439"
1305,Coffee Shop Corp,"943 Main St, Los Angeles, CA 74027"
1306,Pharmacy LLC,"786 Main St, Phoenix, TX 45269"
1307,Restaurant Corp,"544 Main St, Phoenix, IL 54686"
1308,Coffee Shop Corp,"714 Main St, Los Angeles, NY 55847"
1309,Restaurant LLC,"399 Main St, Chicago, IL 12636"
1310,Coffee Shop Co,"506 Main St, Los Angeles, TX 78534"
1311,Electronics Store Inc,"822 Main St, New York, AZ 46495"
1312,Clothing Store Group,"515 Main St, New York, NY 92376"
1313,Hotel Co,"229 Main St, Phoenix, TX 11301"
1314,Restaurant Group,"696 Main St, Phoenix, NY 15535"
1315,Clothing Store Co,"833 Main St, Los Angeles, TX 39479"
1316,Pharmacy Co,"145 Main St, Los Angeles, IL 55602"
1317,Restaurant Corp,"236 Main St, Chicago, NY 93857"
1318,Gas Station LLC,"317 Main St, Houston, AZ 69161"
1319,Hotel Group,"268 Main St, Houston, AZ 77673"
1320,Coffee Shop Group,"432 Main St, Los Angeles, TX 15829"
1321,Clothing Store Inc,"757 Main St, Chicago, AZ 24246"
1322,Pharmacy Co,"890 Main St, Phoenix, AZ 33171"
1323,Retail Store Co,"509 Main St, Phoenix, AZ 49975"
1324,Retail Store LLC,"153 Main St, Chicago, NY 51416"
1325,Pharmacy Corp,"548 Main St, New York, CA 42123"
1326,Pharmacy Inc,"831 Main St, Los Angeles, AZ 44397"
1327,Hotel Co,"272 Main St, Phoenix, TX 31362"
1328,Gas Station LLC,"950 Main St, Phoenix, CA 34105"
1329,Pharmacy Co,"458 Main St, Chicago, AZ 94049"
1330,Pharmacy Inc,"750 Main St, Phoenix, AZ 73975"
1331,Coffee Shop Inc,"423 Main St, Houston, CA 92135"
1332,Electronics Store Group,"142 Main St, New York, NY 52328"
1333,Grocery Store Group,"548 Main St, Chicago, CA 68173"
1334,Hotel Group,"119 Main St, New York, CA 96365"
1335,Pharmacy Corp,"886 Main St, Chicago, IL 68790"
1336,Gas Station Group,"819 Main St, Los Angeles, AZ 42005"
1337,Pharmacy LLC,"573 Main St, Los Angeles, CA 60261"
1338,Pharmacy Corp,"814 Main St, Los Angeles, CA 36805"
1339,Grocery Store Co,"330 Main St, Houston, TX 54251"
1340,Pharmacy Group,"216 Main St, Phoenix, AZ 96137"
1341,Retail Store Corp,"415 Main St, Los Angeles, AZ 41340"
1342,Grocery Store Group,"827 Main St, Phoenix, TX 84088"
1343,Coffee Shop Co,"996 Main St, New York, NY 43177"
1344,Gas Station Inc,"900 Main St, Chicago, TX 36110"
1345,Pharmacy Corp,"331 Main St, Phoenix, TX 66344"
1346,Restaurant Co,"746 Main St, Phoenix, NY 63253"
1347,Electronics Store LLC,"812 Main St, Phoenix, CA 87036"
1348,Coffee Shop LLC,"664 Main St, New York, CA 25224"
1349,Pharmacy LLC,"832 Main St, New York, AZ 65482"
1350,Gas Station LLC,"204 Main St, Houston, CA 28503"
1351,Hotel Group,"773 Main St, Chicago, AZ 47353"
1352,Hotel Corp,"238 Main St, Chicago, AZ 90121"
1353,Clothing Store Group,"227 Main St, Los Angeles, IL 77110"
1354,Coffee Shop Corp,"325 Main St, Los Angeles, IL 47031"
1355,Gas Station Co,"909 Main St, Phoenix, TX 99728"
1356,Electronics Store Corp,"248 Main St, Los Angeles, IL 80143"
1357,Hotel Co,"978 Main St, Houston, AZ 96679"
1358,Grocery Store Inc,"889 Main St, Houston, AZ 11876"
1359,Hotel Group,"488 Main St, Phoenix, CA 90314"
1360,Coffee Shop Group,"837 Main St, Chicago, AZ 46085"
1361,Retail Store Co,"917 Main St, Houston, AZ 25377"
1362,Hotel LLC,"537 Main St, Los Angeles, TX 43616"
1363,Coffee Shop Corp,"744 Main St, Phoenix, NY 13278"
1364,Clothing Store LLC,"602 Main St, Phoenix, TX 96326"
1365,Restaurant Co,"155 Main St, Houston, NY 26996"
1366,Grocery Store LLC,"446 Main St, Chicago, IL 57002"
1367,Electronics Store Corp,"646 Main St, New York, TX 49218"
1368,Grocery Store Group,"913 Main St, Phoenix, NY 66737"
1369,Retail Store Corp,"657 Main St, Phoenix, CA 92134"
1370,Pharmacy Corp,"922 Main St, Los Angeles, NY 65283"
1371,Clothing Store LLC,"694 Main St, Phoenix, CA 22610"
1372,Hotel Co,"495 Main St, Houston, NY 86805"
1373,Clothing Store LLC,"733 Main St, Los Angeles, IL 27503"
1374,Pharmacy LLC,"850 Main St, Houston, AZ 42389"
1375,Grocery Store Co,"506 Main St, New York, IL 77507"
1376,Coffee Shop Inc,"285 Main St, Phoenix, TX 50418"
1377,Electronics Store Corp,"543 Main St, Phoenix, TX 61732"
1378,Pharmacy Corp,"340 Main St, Houston, TX 50566"
1379,Clothing Store LLC,"686 Main St, Phoenix, CA 97180"
1380,Gas Station Group,"655 Main St, Chicago, NY 37359"
1381,Hotel LLC,"903 Main St, New York, AZ 29179"
1382,Gas Station Inc,"580 Main St, New York, TX 25977"
1383,Clothing Store Co,"229 Main St, Chicago, CA 20966"
1384,Gas Station Corp,"872 Main St, Phoenix, NY 78434"
1385,Coffee Shop Corp,"868 Main St, Chicago, NY 26560"
1386,Restaurant LLC,"309 Main St, Houston, CA 39935"
1387,Gas Station Corp,"482 Main St, Phoenix, CA 96000"
1388,Gas Station Co,"133 Main St, Phoenix, NY 91362"
1389,Electronics Store Group,"299 Main St, New York, NY 10686"
1390,Retail Store Group,"641 Main St, New York, IL 71180"
1391,Hotel Group,"380 Main St, Houston, TX 28782"
1392,Grocery Store Corp,"887 Main St, Los Angeles, CA 41213"
1393,Coffee Shop LLC,"968 Main St, Phoenix, IL 22707"
1394,Grocery Store Group,"813 Main St, Chicago, TX 98880"
1395,Electronics Store LLC,"896 Main St, Houston, NY 34035"
1396,Restaurant Inc,"534 Main St, Houston, TX 22729"
1397,Gas Station LLC,"852 Main St, New York, AZ 72646"
1398,Restaurant Corp,"378 Main St, New York, IL 15974"
1399,Grocery Store Group,"999 Main St, Los Angeles, TX 15077"
1400,Clothing Store Corp,"550 Main St, Houston, TX 25392"
1401,Clothing Store Corp,"129 Main St, Los Angeles, CA 31837"
1402,Grocery Store Inc,"998 Main St, Phoenix, TX 79497"
1403,Electronics Store Corp,"335 Main St, Los Angeles, TX 21133"
1404,Grocery Store Inc,"789 Main St, Chicago, IL 25781"
1405,Gas Station Co,"418 Main St, New York, NY 88388"
1406,Grocery Store Corp,"365 Main St, New York, NY 82363"
1407,Electronics Store Co,"507 Main St, New York, TX 76323"
1408,Restaurant Co,"404 Main St, Chicago, TX 18171"
1409,Grocery Store LLC,"858 Main St, Chicago, AZ 90179"
1410,Retail Store Corp,"372 Main St, Houston, TX 71967"
1411,Retail Store Inc,"108 Main St, Phoenix, IL 43579"
1412,Coffee Shop Group,"216 Main St, New York, NY 39757"
1413,Coffee Shop Corp,"946 Main St, Los Angeles, TX 71762"
1414,Grocery Store Co,"144 Main St, Phoenix, AZ 94576"
1415,Electronics Store Inc,"191 Main St, Phoenix, CA 42267"
1416,Gas Station Inc,"149 Main St, Chicago, TX 34504"
1417,Gas Station Co,"953 Main St, Phoenix, AZ 46302"
1418,Clothing Store Corp,"611 Main St, Phoenix, IL 69899"
1419,Pharmacy Inc,"317 Main St, New York, TX 27540"
1420,Coffee Shop Corp,"490 Main St, New York, IL 99515"
1421,Clothing Store Inc,"825 Main St, Los Angeles, IL 13568"
1422,Grocery Store LLC,"350 Main St, Los Angeles, IL 65896"
1423,Pharmacy Group,"393 Main St, Houston, NY 51623"
1424,Retail Store Group,"858 Main St, Phoenix, CA 76824"
1425,Coffee Shop Co,"990 Main St, New York, AZ 25214"
1426,Restaurant LLC,"461 Main St, Chicago, NY 93118"
1427,Hotel Co,"705 Main St, Phoenix, NY 24662"
1428,Clothing Store Co,"720 Main St, Houston, AZ 80344"
1429,Hotel LLC,"111 Main St, Houston, CA 77552"
1430,Retail Store Corp,"253 Main St, Chicago, NY 15885"
1431,Hotel Inc,"458 Main St, Los Angeles, IL 12726"
1432,Retail Store Co,"343 Main St, New York, TX 91954"
1433,Pharmacy Corp,"635 Main St, New York, NY 72562"
1434,Gas Station LLC,"447 Main St, Houston, AZ 79850"
1435,Clothing Store Group,"774 Main St, Los Angeles, CA 65958"
1436,Clothing Store LLC,"523 Main St, New York, NY 47382"
1437,Clothing Store Group,"502 Main St, Houston, CA 59804"
1438,Restaurant LLC,"529 Main St, Houston, CA 56761"
1439,Coffee Shop Inc,"284 Main St, Houston, CA 15583"
1440,Electronics Store Corp,"793 Main St, Houston, NY 23519"
1441,Coffee Shop Co,"150 Main St, Chicago, TX 82926"
1442,Clothing Store Inc,"674 Main St, Chicago, IL 98508"
1443,Hotel Co,"595 Main St, New York, AZ 23919"
1444,Gas Station Corp,"611 Main St, New York, AZ 12738"
1445,Pharmacy Co,"478 Main St, New York, CA 68061"
1446,Electronics Store Corp,"362 Main St, Phoenix, CA 99168"
1447,Coffee Shop Co,"194 Main St, Chicago, CA 94302"
1448,Electronics Store Group,"554 Main St, New York, NY 73669"
1449,Hotel LLC,"277 Main St, Chicago, NY 29138"
1450,Restaurant Corp,"888 Main St, Chicago, AZ 78299"
1451,Grocery Store Corp,"307 Main St, Houston, NY 58169"
1452,Hotel Group,"808 Main St, New York, TX 90787"
1453,Restaurant Co,"910 Main St, New York, CA 91825"
1454,Grocery Store Inc,"282 Main St, New York, AZ 79511"
1455,Hotel Corp,"843 Main St, Chicago, NY 47981"
1456,Restaurant Inc,"250 Main St, Chicago, IL 85764"
1457,Coffee Shop Group,"834 Main St, Houston, IL 82344"
1458,Electronics Store Group,"356 Main St, Chicago, TX 58553"
1459,Retail Store Inc,"679 Main St, Houston, TX 84845"
1460,Grocery Store Group,"621 Main St, Phoenix, TX 86389"
1461,Gas Station LLC,"893 Main St, Los Angeles, IL 15660"
1462,Coffee Shop Co,"507 Main St, Houston, TX 59022"
1463,Restaurant Inc,"904 Main St, Houston, TX 79983"
1464,Pharmacy LLC,"156 Main St, New York, CA 27958"
1465,Clothing Store LLC,"289 Main St, Los Angeles, CA 73386"
1466,Hotel LLC,"619 Main St, Los Angeles, IL 96973"
1467,Hotel Group,"594 Main St, Chicago, CA 93995"
1468,Pharmacy Corp,"579 Main St, New York, AZ 32373"
1469,Gas Station Group,"137 Main St, Phoenix, IL 44537"
1470,Restaurant Corp,"673 Main St, Chicago, TX 55579"
1471,Hotel LLC,"282 Main St, Houston, TX 41586"
1472,Retail Store Corp,"854 Main St, Los Angeles, NY 70332"
1473,Hotel LLC,"176 Main St, Phoenix, IL 18362"
1474,Grocery Store Corp,"633 Main St, Los Angeles, TX 32786"
1475,Hotel Group,"562 Main St, Los Angeles, TX 74978"
1476,Pharmacy LLC,"794 Main St, Houston, AZ 43653"
1477,Grocery Store Corp,"993 Main St, Houston, NY 76848"
1478,Electronics Store Group,"610 Main St, Los Angeles, NY 14198"
1479,Pharmacy Corp,"801 Main St, Los Angeles, AZ 63650"
1480,Restaurant Inc,"810 Main St, Chicago, AZ 57869"
1481,Restaurant Inc,"861 Main St, Chicago, IL 69994"
1482,Grocery Store Co,"356 Main St, Chicago, IL 20621"
1483,Coffee Shop LLC,"799 Main St, New York, AZ 74583"
1484,Restaurant Group,"902 Main St, Phoenix, NY 81567"
1485,Gas Station Corp,"846 Main St, New York, IL 90738"
1486,Retail Store Inc,"357 Main St, New York, NY 42240"
1487,Coffee Shop Corp,"574 Main St, New York, NY 73414"
1488,Grocery Store Corp,"772 Main St, Los Angeles, AZ 62377"
1489,Hotel Co,"923 Main St, Phoenix, IL 73664"
1490,Restaurant Group,"454 Main St, Chicago, NY 40316"
1491,Hotel Group,"977 Main St, Phoenix, IL 16238"
1492,Hotel Co,"510 Main St, Los Angeles, NY 39472"
1493,Electronics Store Group,"151 Main St, Houston, TX 48405"
1494,Electronics Store Co,"488 Main St, Phoenix, CA 78669"
1495,Restaurant Co,"822 Main St, Chicago, TX 35886"
1496,Coffee Shop LLC,"594 Main St, Phoenix, IL 93814"
1497,Hotel Group,"335 Main St, New York, NY 28707"
1498,Clothing Store Co,"772 Main St, Chicago, NY 69298"
1499,Electronics Store LLC,"345 Main St, Phoenix, TX 76531"
1500,Gas Station Corp,"888 Main St, Houston, AZ 60859"
1501,Grocery Store LLC,"271 Main St, New York, CA 67166"
1502,Clothing Store LLC,"904 Main St, Los Angeles, IL 44523"
1503,Grocery Store Co,"295 Main St, Chicago, IL 68731"
1504,Pharmacy LLC,"177 Main St, Los Angeles, AZ 54214"
1505,Hotel Group,"568 Main St, Los Angeles, NY 37615"
1506,Electronics Store Inc,"316 Main St, New York, TX 88003"
1507,Gas Station Group,"784 Main St, New York, TX 88778"
1508,Hotel Co,"518 Main St, Los Angeles, AZ 20699"
1509,Clothing Store Co,"878 Main St, Chicago, IL 76570"
1510,Electronics Store Group,"678 Main St, Phoenix, CA 37676"
1511,Electronics Store LLC,"519 Main St, Phoenix, AZ 73999"
1512,Gas Station Corp,"489 Main St, Phoenix, TX 78667"
1513,Electronics Store Group,"290 Main St, Phoenix, AZ 67584"
1514,Clothing Store Corp,"319 Main St, Los Angeles, TX 24658"
1515,Pharmacy Corp,"219 Main St, Houston, AZ 54178"
1516,Gas Station Group,"523 Main St, Chicago, CA 61671"
1517,Pharmacy LLC,"262 Main St, Chicago, CA 78874"
1518,Hotel Corp,"518 Main St, Phoenix, CA 56311"
1519,Electronics Store Co,"849 Main St, Chicago, IL 66650"
1520,Clothing Store Group,"700 Main St, Los Angeles, NY 20385"
1521,Electronics Store Corp,"173 Main St, Chicago, IL 12124"
1522,Coffee Shop Group,"349 Main St, Houston, NY 84764"
1523,Restaurant Co,"115 Main St, Los Angeles, AZ 16694"
1524,Grocery Store Inc,"463 Main St, New York, CA 80274"
1525,Pharmacy Corp,"487 Main St, Phoenix, CA 20534"
1526,Coffee Shop Corp,"447 Main St, Houston, NY 25533"
1527,Grocery Store Co,"849 Main St, Houston, AZ 84201"
1528,Restaurant Co,"110 Main St, Chicago, IL 65957"
1529,Hotel LLC,"312 Main St, Los Angeles, NY 68288"
1530,Pharmacy Co,"855 Main St, New York, CA 88268"
1531,Clothing Store Co,"887 Main St, New York, IL 62651"
1532,Retail Store Co,"135 Main St, Houston, IL 67740"
1533,Pharmacy Group,"976 Main St, Phoenix, AZ 49576"
1534,Pharmacy Group,"824 Main St, Los Angeles, AZ 22535"
1535,Retail Store Co,"242 Main St, Los Angeles, NY 20094"
1536,Pharmacy Inc,"332 Main St, Houston, NY 40999"
1537,Gas Station Co,"819 Main St, Los Angeles, NY 14392"
1538,Retail Store Group,"844 Main St, Chicago, NY 29903"
1539,Restaurant Group,"692 Main St, Phoenix, CA 70502"
1540,Clothing Store Corp,"412 Main St, New York, NY 53571"
1541,Electronics Store Group,"174 Main St, Houston, IL 42998"
1542,Pharmacy Corp,"494 Main St, New York, CA 26407"
1543,Retail Store Co,"264 Main St, Phoenix, TX 51064"
1544,Hotel LLC,"362 Main St, Houston, IL 71294"
1545,Restaurant Inc,"963 Main St, New York, NY 99696"
1546,Restaurant Group,"107 Main St, Los Angeles, NY 47496"
1547,Grocery Store Group,"992 Main St, Phoenix, CA 21909"
1548,Retail Store Group,"343 Main St, New York, TX 67193"
1549,Electronics Store Corp,"790 Main St, Houston, NY 92244"
1550,Electronics Store Inc,"112 Main St, Houston, CA 25508"
1551,Retail Store LLC,"442 Main St, Houston, IL 94362"
1552,Restaurant Corp,"163 Main St, Phoenix, TX 82479"
1553,Coffee Shop Co,"780 Main St, Los Angeles, AZ 12378"
1554,Electronics Store Corp,"602 Main St, Phoenix, TX 35900"
1555,Grocery Store LLC,"567 Main St, Houston, CA 96050"
1556,Gas Station Group,"826 Main St, New York, AZ 46814"
1557,Electronics Store Inc,"285 Main St, Los Angeles, CA 60265"
1558,Electronics Store Inc,"841 Main St, Phoenix, IL 60818"
1559,Coffee Shop Co,"297 Main St, Phoenix, CA 89218"
1560,Coffee Shop Inc,"196 Main St, Los Angeles, TX 10006"
1561,Restaurant LLC,"728 Main St, Houston, IL 88918"
1562,Gas Station LLC,"632 Main St, Phoenix, TX 53603"
1563,Gas Station LLC,"429 Main St, Los Angeles, AZ 14236"
1564,Coffee Shop Inc,"204 Main St, New York, IL 96898"
1565,Restaurant Co,"457 Main St, Chicago, AZ 76554"
1566,Retail Store LLC,"168 Main St, Houston, AZ 80480"
1567,Electronics Store Group,"967 Main St, New York, TX 87848"
1568,Clothing Store Inc,"214 Main St, New York, TX 15999"
1569,Clothing Store Corp,"941 Main St, Chicago, NY 61860"
1570,Clothing Store LLC,"851 Main St, Phoenix, CA 26281"
1571,Gas Station Co,"810 Main St, Houston, NY 50378"
1572,Electronics Store Co,"111 Main St, New York, AZ 57176"
1573,Clothing Store LLC,"998 Main St, Chicago, AZ 11898"
1574,Restaurant Group,"690 Main St, Houston, NY 59791"
1575,Restaurant LLC,"926 Main St, Phoenix, TX 64012"
1576,Retail Store Inc,"469 Main St, Houston, CA 49392"
1577,Coffee Shop Corp,"440 Main St, Los Angeles, NY 84895"
1578,Grocery Store Inc,"812 Main St, Los Angeles, TX 45932"
1579,Retail Store Corp,"500 Main St, New York, TX 44103"
1580,Restaurant Group,"589 Main St, New York, AZ 92132"
1581,Coffee Shop Group,"275 Main St, Phoenix, NY 90284"
1582,Pharmacy LLC,"683 Main St, New York, NY 62255"
1583,Hotel Inc,"384 Main St, Phoenix, AZ 30800"
1584,Retail Store Corp,"363 Main St, Houston, CA 84634"
1585,Electronics Store Co,"667 Main St, Phoenix, CA 94353"
1586,Grocery Store LLC,"572 Main St, Houston, AZ 97093"
1587,Hotel Inc,"693 Main St, Los Angeles, CA 16322"
1588,Hotel Group,"719 Main St, Chicago, NY 53944"
1589,Clothing Store Co,"964 Main St, Houston, NY 37588"
1590,Pharmacy Inc,"246 Main St, Phoenix, AZ 37351"
1591,Grocery Store Inc,"824 Main St, Phoenix, CA 54936"
1592,Electronics Store Inc,"723 Main St, Chicago, CA 58129"
1593,Hotel Corp,"318 Main St, Phoenix, TX 13427"
1594,Hotel LLC,"323 Main St, Phoenix, AZ 88462"
1595,Pharmacy LLC,"599 Main St, Phoenix, NY 97393"
1596,Restaurant Group,"220 Main St, New York, IL 92531"
1597,Clothing Store Corp,"973 Main St, New York, TX 51202"
1598,Clothing Store Group,"576 Main St, Phoenix, AZ 93763"
1599,Retail Store Inc,"378 Main St, Phoenix, CA 57775"
1600,Grocery Store Corp,"342 Main St, Los Angeles, NY 89513"
1601,Electronics Store Corp,"426 Main St, Los Angeles, TX 80152"
1602,Retail Store Group,"243 Main St, Houston, CA 45630"
1603,Electronics Store Corp,"323 Main St, New York, TX 58872"
1604,Grocery Store LLC,"622 Main St, Houston, TX 65067"
1605,Restaurant Group,"970 Main St, Los Angeles, IL 55028"
1606,Coffee Shop Group,"260 Main St, New York, NY 12764"
1607,Hotel Co,"195 Main St, Los Angeles, NY 51065"
1608,Pharmacy LLC,"862 Main St, Chicago, TX 56804"
1609,Coffee Shop Co,"843 Main St, New York, TX 78613"
1610,Retail Store LLC,"647 Main St, Chicago, AZ 73586"
1611,Retail Store Corp,"281 Main St, Houston, AZ 34918"
1612,Electronics Store Corp,"630 Main St, Phoenix, IL 70221"
1613,Grocery Store Corp,"258 Main St, Phoenix, TX 92098"
1614,Gas Station LLC,"996 Main St, New York, CA 51088"
1615,Clothing Store Group,"814 Main St, Phoenix, TX 65406"
1616,Grocery Store Group,"428 Main St, Los Angeles, IL 55685"
1617,Electronics Store Co,"366 Main St, Los Angeles, TX 19818"
1618,Hotel Inc,"887 Main St, Los Angeles, AZ 30900"
1619,Clothing Store Corp,"488 Main St, Houston, NY 37012"
1620,Gas Station Group,"396 Main St, Chicago, TX 25441"
1621,Retail Store Inc,"664 Main St, Chicago, TX 30464"
1622,Retail Store LLC,"164 Main St, New York, AZ 35571"
1623,Electronics Store Inc,"826 Main St, Houston, CA 10945"
1624,Pharmacy Inc,"513 Main St, Chicago, IL 73033"
1625,Retail Store LLC,"285 Main St, Chicago, IL 60250"
1626,Pharmacy Corp,"982 Main St, Phoenix, IL 31212"
1627,Coffee Shop Co,"341 Main St, Houston, IL 63680"
1628,Pharmacy Co,"943 Main St, Phoenix, CA 38985"
1629,Coffee Shop Inc,"854 Main St, Los Angeles, NY 52939"
1630,Grocery Store Corp,"592 Main St, Chicago, NY 22851"
1631,Pharmacy Corp,"734 Main St, Chicago, NY 22321"
1632,Electronics Store Corp,"376 Main St, Phoenix, IL 10289"
1633,Coffee Shop Group,"274 Main St, Houston, NY 78026"
1634,Hotel Inc,"157 Main St, Phoenix, IL 63334"
1635,Retail Store LLC,"891 Main St, Phoenix, IL 38006"
1636,Grocery Store Co,"283 Main St, Houston, NY 29005"
1637,Electronics Store LLC,"738 Main St, New York, AZ 87725"
1638,Gas Station Corp,"550 Main St, New York, CA 17246"
1639,Pharmacy LLC,"394 Main St, Chicago, CA 25420"
1640,Restaurant Inc,"501 Main St, Los Angeles, AZ 22763"
1641,Grocery Store Corp,"441 Main St, Houston, TX 50911"
1642,Coffee Shop Co,"456 Main St, New York, AZ 17288"
1643,Hotel Group,"649 Main St, Los Angeles, AZ 49093"
1644,Restaurant Corp,"359 Main St, Chicago, NY 55383"
1645,Retail Store Group,"397 Main St, Houston, TX 98632"
1646,Coffee Shop Co,"349 Main St, Los Angeles, IL 88891"
1647,Gas Station LLC,"462 Main St, Chicago, NY 42150"
1648,Grocery Store LLC,"354 Main St, Phoenix, IL 23173"
1649,Clothing Store LLC,"163 Main St, New York, TX 73750"
1650,Hotel Inc,"799 Main St, Houston, NY 27948"
1651,Retail Store Co,"814 Main St, Chicago, TX 33111"
1652,Hotel Group,"894 Main St, Chicago, CA 93623"
1653,Retail Store Group,"719 Main St, Phoenix, IL 65411"
1654,Clothing Store Group,"584 Main St, New York, NY 21224"
1655,Gas Station Inc,"189 Main St, Houston, NY 55201"
1656,Retail Store Inc,"726 Main St, New York, CA 96500"
1657,Electronics Store Corp,"288 Main St, Houston, TX 51413"
1658,Grocery Store Corp,"450 Main St, Los Angeles, NY 96581"
1659,Clothing Store Inc,"593 Main St, Phoenix, NY 42525"
1660,Clothing Store LLC,"939 Main St, Chicago, IL 48971"
1661,Restaurant Inc,"321 Main St, Los Angeles, CA 66148"
1662,Electronics Store LLC,"417 Main St, Houston, AZ 71333"
1663,Clothing Store Inc,"442 Main St, Phoenix, TX 83006"
1664,Grocery Store Co,"434 Main St, Phoenix, CA 12369"
1665,Electronics Store Group,"233 Main St, New York, NY 47247"
1666,Restaurant Corp,"586 Main St, New York, CA 17077"
1667,Hotel Group,"796 Main St, New York, IL 51822"
1668,Coffee Shop Corp,"151 Main St, Phoenix, IL 97331"
1669,Clothing Store Inc,"667 Main St, New York, NY 82199"
1670,Coffee Shop Inc,"542 Main St, Phoenix, CA 96233"
1671,Retail Store Co,"602 Main St, Chicago, TX 70738"
1672,Retail Store Group,"264 Main St, Chicago, NY 26706"
1673,Clothing Store Co,"140 Main St, Phoenix, CA 30742"
1674,Gas Station Co,"368 Main St, Los Angeles, CA 33214"
1675,Pharmacy Corp,"361 Main St, Chicago, NY 10975"
1676,Electronics Store Inc,"641 Main St, Houston, AZ 99856"
1677,Pharmacy LLC,"908 Main St, Phoenix, CA 60042"
1678,Electronics Store Co,"949 Main St, Chicago, CA 39960"
1679,Electronics Store LLC,"206 Main St, Chicago, TX 63101"
1680,Grocery Store LLC,"872 Main St, Chicago, NY 62396"
1681,Coffee Shop Co,"768 Main St, New York, AZ 14016"
1682,Grocery Store Inc,"681 Main St, Los Angeles, CA 18207"
1683,Electronics Store LLC,"473 Main St, New York, IL 58003"
1684,Hotel LLC,"818 Main St, Chicago, TX 60405"
1685,Clothing Store Corp,"510 Main St, New York, CA 64128"
1686,Gas Station Inc,"957 Main St, Los Angeles, IL 37956"
1687,Clothing Store LLC,"723 Main St, New York, NY 88514"
1688,Retail Store LLC,"532 Main St, New York, CA 46853"
1689,Grocery Store LLC,"995 Main St, New York, NY 48699"
1690,Grocery Store Corp,"913 Main St, Chicago, AZ 24745"
1691,Retail Store LLC,"553 Main St, Chicago, CA 56768"
1692,Restaurant LLC,"682 Main St, Chicago, CA 44789"
1693,Hotel Corp,"754 Main St, Los Angeles, IL 67405"
1694,Gas Station LLC,"257 Main St, Houston, TX 19618"
1695,Grocery Store Corp,"797 Main St, Houston, CA 93402"
1696,Hotel Group,"886 Main St, New York, AZ 36245"
1697,Retail Store Inc,"263 Main St, Chicago, TX 35027"
1698,Clothing Store Corp,"841 Main St, Los Angeles, TX 11068"
1699,Electronics Store Inc,"479 Main St, Chicago, IL 99734"
1700,Clothing Store LLC,"918 Main St, New York, AZ 23457"
1701,Restaurant Group,"592 Main St, Phoenix, TX 22301"
1702,Pharmacy Group,"842 Main St, Chicago, AZ 13997"
1703,Coffee Shop Corp,"235 Main St, New York, TX 62733"
1704,Pharmacy LLC,"624 Main St, Houston, IL 89689"
1705,Hotel Group,"344 Main St, New York, IL 17915"
1706,Retail Store Corp,"637 Main St, Los Angeles, IL 55252"
1707,Hotel LLC,"755 Main St, New York, TX 45455"
1708,Retail Store Corp,"233 Main St, New York, IL 63779"
1709,Grocery Store Group,"242 Main St, Los Angeles, NY 96035"
1710,Coffee Shop Co,"256 Main St, New York, AZ 25671"
1711,Gas Station Co,"526 Main St, Chicago, NY 75610"
1712,Restaurant Co,"395 Main St, Los Angeles, TX 81542"
1713,Pharmacy Corp,"775 Main St, Los Angeles, TX 41546"
1714,Gas Station Inc,"913 Main St, Phoenix, AZ 72706"
1715,Gas Station Corp,"277 Main St, Los Angeles, NY 56788"
1716,Gas Station Group,"776 Main St, Phoenix, NY 61891"
1717,Pharmacy Co,"286 Main St, Phoenix, AZ 80157"
1718,Clothing Store Co,"429 Main St, Houston, TX 30589"
1719,Clothing Store Group,"125 Main St, New York, CA 78786"
1720,Hotel Corp,"140 Main St, Los Angeles, CA 52147"
1721,Grocery Store Corp,"519 Main St, New York, TX 64050"
1722,Electronics Store Corp,"347 Main St, Los Angeles, IL 40028"
1723,Electronics Store Corp,"880 Main St, New York, NY 56922"
1724,Gas Station Group,"572 Main St, Phoenix, AZ 35528"
1725,Gas Station LLC,"364 Main St, New York, NY 73773"
1726,Hotel Co,"902 Main St, Los Angeles, CA 21236"
1727,Coffee Shop Corp,"955 Main St, New York, AZ 83698"
1728,Hotel Co,"131 Main St, Houston, AZ 82458"
1729,Coffee Shop Co,"372 Main St, Houston, CA 15721"
1730,Clothing Store Corp,"890 Main St, Chicago, IL 14215"
1731,Gas Station LLC,"712 Main St, Houston, TX 48255"
1732,Electronics Store Corp,"750 Main St, Chicago, AZ 44362"
1733,Gas Station LLC,"189 Main St, Los Angeles, NY 33455"
1734,Clothing Store Co,"884 Main St, Phoenix, CA 13981"
1735,Electronics Store Group,"388 Main St, Phoenix, NY 56684"
1736,Clothing Store Inc,"666 Main St, Chicago, IL 94206"
1737,Hotel Corp,"475 Main St, New York, AZ 74110"
1738,Electronics Store Co,"925 Main St, New York, TX 59871"
1739,Gas Station Corp,"194 Main St, Phoenix, NY 98657"
1740,Pharmacy Group,"658 Main St, Houston, NY 36579"
1741,Pharmacy Co,"796 Main St, Chicago, NY 16842"
1742,Gas Station Group,"823 Main St, Los Angeles, CA 66574"
1743,Coffee Shop Inc,"796 Main St, Chicago, CA 41884"
1744,Retail Store Group,"378 Main St, Houston, NY 86829"
1745,Electronics Store Corp,"406 Main St, Los Angeles, NY 56452"
1746,Restaurant Group,"325 Main St, Los Angeles, NY 98687"
1747,Retail Store Inc,"196 Main St, Chicago, AZ 13328"
1748,Pharmacy LLC,"609 Main St, Los Angeles, AZ 82652"
1749,Hotel Co,"263 Main St, Los Angeles, AZ 63330"
1750,Electronics Store LLC,"617 Main St, Chicago, CA 77281"
1751,Clothing Store Co,"912 Main St, New York, TX 91372"
1752,Clothing Store LLC,"661 Main St, Houston, NY 16341"
1753,Hotel Inc,"582 Main St, Phoenix, NY 28314"
1754,Retail Store Co,"123 Main St, Phoenix, NY 30855"
1755,Restaurant Group,"182 Main St, Houston, IL 87238"
1756,Hotel Group,"108 Main St, Phoenix, AZ 46489"
1757,Gas Station Corp,"144 Main St, Los Angeles, CA 27965"
1758,Retail Store Group,"402 Main St, New York, CA 90918"
1759,Hotel Co,"528 Main St, New York, IL 48205"
1760,Restaurant Co,"461 Main St, Chicago, NY 92093"
1761,Clothing Store LLC,"668 Main St, New York, CA 13054"
1762,Restaurant LLC,"520 Main St, Chicago, AZ 60587"
1763,Restaurant Inc,"385 Main St, Chicago, CA 11980"
1764,Restaurant LLC,"929 Main St, Phoenix, NY 72238"
1765,Restaurant Co,"347 Main St, Los Angeles, TX 99224"
1766,Electronics Store Inc,"901 Main St, Houston, CA 55475"
1767,Gas Station Co,"366 Main St, Los Angeles, IL 55360"
1768,Restaurant Corp,"342 Main St, Phoenix, TX 67485"
1769,Electronics Store Inc,"387 Main St, Houston, AZ 64784"
1770,Electronics Store Group,"765 Main St, Los Angeles, CA 98164"
1771,Coffee Shop Co,"246 Main St, Phoenix, AZ 30506"
1772,Hotel Corp,"720 Main St, Phoenix, CA 83780"
1773,Grocery Store Corp,"694 Main St, Phoenix, CA 27637"
1774,Retail Store Group,"921 Main St, Los Angeles, CA 23127"
1775,Clothing Store Inc,"359 Main St, Los Angeles, CA 13340"
1776,Restaurant Co,"494 Main St, Los Angeles, CA 86114"
1777,Electronics Store LLC,"291 Main St, Los Angeles, CA 91111"
1778,Hotel Co,"296 Main St, Houston, AZ 91522"
1779,Electronics Store LLC,"349 Main St, Los Angeles, AZ 71326"
1780,Restaurant Co,"786 Main St, Phoenix, NY 55335"
1781,Electronics Store LLC,"224 Main St, Phoenix, IL 38673"
1782,Hotel Co,"439 Main St, Los Angeles, CA 96404"
1783,Electronics Store LLC,"916 Main St, Los Angeles, IL 30944"
1784,Retail Store Group,"860 Main St, Los Angeles, TX 63817"
1785,Clothing Store Corp,"281 Main St, Los Angeles, CA 55110"
1786,Restaurant LLC,"960 Main St, Los Angeles, AZ 43371"
1787,Gas Station LLC,"770 Main St, New York, AZ 46392"
1788,Clothing Store Corp,"825 Main St, Phoenix, IL 30289"
1789,Restaurant Corp,"712 Main St, Chicago, NY 17818"
1790,Pharmacy LLC,"484 Main St, Chicago, IL 46084"
1791,Clothing Store Co,"442 Main St, Houston, IL 87510"
1792,Retail Store Group,"227 Main St, New York, NY 53897"
1793,Hotel Corp,"343 Main St, Houston, TX 72319"
1794,Restaurant Inc,"181 Main St, Los Angeles, AZ 27889"
1795,Electronics Store Corp,"813 Main St, New York, TX 99815"
1796,Clothing Store LLC,"991 Main St, Houston, AZ 72162"
1797,Retail Store LLC,"796 Main St, Los Angeles, AZ 98662"
1798,Coffee Shop Inc,"630 Main St, New York, IL 80516"
1799,Gas Station Group,"720 Main St, Los Angeles, TX 51784"
1800,Gas Station Inc,"566 Main St, New York, NY 58716"
1801,Pharmacy Inc,"994 Main St, Chicago, AZ 43981"
1802,Grocery Store Group,"524 Main St, Houston, TX 59443"
1803,Gas Station LLC,"461 Main St, Chicago, IL 48713"
1804,Grocery Store Inc,"552 Main St, Phoenix, TX 16995"
1805,Coffee Shop Corp,"114 Main St, Los Angeles, IL 67961"
1806,Hotel LLC,"616 Main St, Chicago, TX 97028"
1807,Retail Store Group,"662 Main St, Houston, TX 87553"
1808,Retail Store Group,"692 Main St, Los Angeles, CA 82364"
1809,Hotel Group,"719 Main St, Houston, CA 13282"
1810,Pharmacy Inc,"465 Main St, Los Angeles, AZ 77505"
1811,Restaurant Corp,"686 Main St, New York, CA 25829"
1812,Pharmacy Co,"665 Main St, New York, CA 16299"
1813,Coffee Shop LLC,"336 Main St, Houston, CA 23811"
1814,Pharmacy Inc,"435 Main St, Phoenix, IL 33535"
1815,Clothing Store Co,"317 Main St, Chicago, IL 69687"
1816,Pharmacy Corp,"361 Main St, New York, TX 11652"
1817,Coffee Shop Group,"148 Main St, Los Angeles, AZ 60894"
1818,Retail Store Co,"188 Main St, Los Angeles, NY 73268"
1819,Electronics Store Group,"209 Main St, Los Angeles, TX 50466"
1820,Restaurant Co,"292 Main St, New York, IL 57333"
1821,Grocery Store Co,"418 Main St, Phoenix, CA 96607"
1822,Restaurant Co,"434 Main St, Los Angeles, CA 36512"
1823,Coffee Shop Inc,"147 Main St, Los Angeles, CA 70913"
1824,Gas Station Co,"509 Main St, Houston, TX 59877"
1825,Grocery Store LLC,"291 Main St, New York, IL 61635"
1826,Gas Station Group,"538 Main St, Phoenix, TX 29264"
1827,Hotel Group,"553 Main St, Chicago, CA 58918"
1828,Gas Station LLC,"193 Main St, Los Angeles, AZ 48282"
1829,Electronics Store LLC,"202 Main St, Houston, TX 65417"
1830,Retail Store LLC,"574 Main St, New York, CA 88887"
1831,Electronics Store Corp,"385 Main St, New York, NY 74925"
1832,Coffee Shop LLC,"852 Main St, New York, NY 59398"
1833,Gas Station Co,"387 Main St, New York, CA 30714"
1834,Hotel Inc,"477 Main St, Phoenix, CA 53964"
1835,Gas Station Group,"837 Main St, Chicago, CA 22408"
1836,Retail Store Group,"888 Main St, New York, TX 68298"
1837,Gas Station Co,"465 Main St, Houston, AZ 71038"
1838,Clothing Store Corp,"105 Main St, Houston, NY 93917"
1839,Retail Store Corp,"804 Main St, Chicago, AZ 82128"
1840,Pharmacy Corp,"732 Main St, Phoenix, TX 89653"
1841,Pharmacy Group,"489 Main St, Chicago, TX 93130"
1842,Hotel Corp,"596 Main St, Chicago, AZ 53080"
1843,Grocery Store LLC,"321 Main St, Chicago, AZ 94872"
1844,Electronics Store Corp,"844 Main St, Houston, AZ 73587"
1845,Clothing Store LLC,"498 Main St, Los Angeles, IL 47799"
1846,Coffee Shop LLC,"443 Main St, New York, TX 87808"
1847,Clothing Store Corp,"464 Main St, Houston, NY 91221"
1848,Gas Station LLC,"573 Main St, Houston, CA 70304"
1849,Hotel Co,"457 Main St, New York, NY 14567"
1850,Grocery Store Inc,"851 Main St, Los Angeles, NY 16406"
1851,Coffee Shop Co,"150 Main St, Houston, NY 44016"
1852,Pharmacy Group,"396 Main St, Chicago, AZ 94444"
1853,Gas Station LLC,"257 Main St, Chicago, AZ 97886"
1854,Pharmacy Inc,"271 Main St, New York, IL 94761"
1855,Retail Store LLC,"154 Main St, Chicago, IL 67893"
1856,Coffee Shop Corp,"320 Main St, Phoenix, CA 45255"
1857,Clothing Store Group,"179 Main St, Chicago, AZ 77502"
1858,Clothing Store Co,"458 Main St, Los Angeles, CA 51935"
1859,Gas Station LLC,"665 Main St, Phoenix, NY 18001"
1860,Gas Station LLC,"796 Main St, Chicago, AZ 90257"
1861,Electronics Store Co,"158 Main St, Phoenix, AZ 30718"
1862,Gas Station LLC,"641 Main St, Phoenix, CA 70162"
1863,Grocery Store Inc,"888 Main St, New York, IL 67060"
1864,Clothing Store LLC,"551 Main St, Phoenix, CA 98057"
1865,Pharmacy Group,"873 Main St, Chicago, AZ 72674"
1866,Electronics Store Group,"587 Main St, Los Angeles, NY 90089"
1867,Restaurant Group,"293 Main St, Houston, CA 47404"
1868,Retail Store Co,"616 Main St, New York, TX 32590"
1869,Coffee Shop Group,"846 Main St, New York, AZ 10807"
1870,Electronics Store LLC,"802 Main St, Phoenix, NY 90359"
1871,Pharmacy Corp,"196 Main St, Chicago, TX 21770"
1872,Grocery Store LLC,"299 Main St, Los Angeles, IL 89746"
1873,Coffee Shop LLC,"793 Main St, Houston, IL 24952"
1874,Pharmacy LLC,"308 Main St, Houston, NY 81286"
1875,Gas Station LLC,"297 Main St, New York, IL 27910"
1876,Electronics Store Inc,"696 Main St, Los Angeles, CA 29589"
1877,Retail Store LLC,"802 Main St, Phoenix, TX 23767"
1878,Hotel Inc,"222 Main St, New York, CA 25586"
1879,Clothing Store Co,"650 Main St, Los Angeles, TX 46877"
1880,Clothing Store Co,"445 Main St, Houston, IL 89263"
1881,Restaurant Co,"467 Main St, Los Angeles, CA 82422"
1882,Electronics Store Inc,"721 Main St, Phoenix, AZ 53519"
1883,Coffee Shop Group,"213 Main St, Chicago, NY 43656"
1884,Restaurant Co,"749 Main St, Houston, IL 16562"
1885,Electronics Store Group,"610 Main St, Chicago, NY 67438"
1886,Retail Store Inc,"644 Main St, Los Angeles, IL 70779"
1887,Hotel Inc,"250 Main St, Houston, NY 68069"
1888,Grocery Store Corp,"357 Main St, New York, CA 21178"
1889,Retail Store LLC,"183 Main St, Chicago, CA 53379"
1890,Pharmacy Group,"578 Main St, Chicago, NY 76840"
1891,Gas Station Group,"814 Main St, Phoenix, IL 64229"
1892,Electronics Store LLC,"727 Main St, New York, IL 16179"
1893,Gas Station Co,"582 Main St, New York, NY 47249"
1894,Hotel Group,"903 Main St, Chicago, AZ 98013"
1895,Hotel LLC,"290 Main St, Los Angeles, IL 71096"
1896,Gas Station LLC,"896 Main St, Los Angeles, AZ 10204"
1897,Electronics Store Group,"183 Main St, New York, AZ 49364"
1898,Hotel LLC,"877 Main St, Phoenix, AZ 42228"
1899,Electronics Store LLC,"920 Main St, Los Angeles, TX 40940"
1900,Grocery Store Inc,"604 Main St, Chicago, IL 75832"
1901,Pharmacy Inc,"710 Main St, Houston, IL 23372"
1902,Retail Store Corp,"244 Main St, Los Angeles, TX 38188"
1903,Electronics Store Co,"203 Main St, Los Angeles, AZ 54686"
1904,Restaurant Corp,"853 Main St, Houston, IL 28490"
1905,Clothing Store Corp,"354 Main St, Phoenix, AZ 54459"
1906,Electronics Store Co,"481 Main St, Houston, NY 32336"
1907,Hotel Inc,"538 Main St, Los Angeles, IL 74331"
1908,Grocery Store Inc,"411 Main St, New York, NY 85971"
1909,Hotel Corp,"548 Main St, Houston, CA 81066"
1910,Gas Station LLC,"710 Main St, Phoenix, AZ 61493"
1911,Restaurant Inc,"998 Main St, Phoenix, CA 51514"
1912,Gas Station Corp,"292 Main St, Phoenix, AZ 54626"
1913,Electronics Store LLC,"310 Main St, Phoenix, TX 17511"
1914,Retail Store Corp,"255 Main St, Los Angeles, CA 96415"
1915,Gas Station LLC,"547 Main St, Los Angeles, NY 55376"
1916,Retail Store Co,"518 Main St, Phoenix, TX 31190"
1917,Restaurant Group,"755 Main St, New York, NY 42077"
1918,Pharmacy Co,"222 Main St, New York, CA 74070"
1919,Restaurant Inc,"243 Main St, Los Angeles, AZ 67260"
1920,Clothing Store Group,"217 Main St, Houston, TX 31219"
1921,Grocery Store Inc,"140 Main St, Los Angeles, AZ 53321"
1922,Hotel LLC,"284 Main St, Chicago, NY 38965"
1923,Retail Store Inc,"448 Main St, Houston, AZ 37709"
1924,Pharmacy Co,"121 Main St, Houston, NY 51075"
1925,Gas Station LLC,"413 Main St, New York, AZ 97224"
1926,Electronics Store LLC,"632 Main St, New York, CA 60475"
1927,Pharmacy Inc,"638 Main St, New York, TX 35823"
1928,Pharmacy Corp,"443 Main St, Houston, NY 76676"
1929,Retail Store Inc,"766 Main St, Chicago, NY 26862"
1930,Coffee Shop Corp,"531 Main St, Phoenix, TX 79338"
1931,Grocery Store LLC,"181 Main St, Los Angeles, CA 79071"
1932,Grocery Store LLC,"559 Main St, Chicago, CA 12224"
1933,Restaurant LLC,"331 Main St, Phoenix, NY 88888"
1934,Restaurant Group,"255 Main St, Houston, CA 48695"
1935,Coffee Shop Group,"237 Main St, Los Angeles, NY 17855"
1936,Hotel LLC,"660 Main St, New York, AZ 92422"
1937,Retail Store Co,"436 Main St, Phoenix, AZ 78020"
1938,Electronics Store Group,"204 Main St, New York, CA 78146"
1939,Retail Store Corp,"188 Main St, Houston, NY 95406"
1940,Restaurant LLC,"742 Main St, Phoenix, CA 15417"
1941,Electronics Store LLC,"165 Main St, Chicago, TX 52582"
1942,Coffee Shop Group,"974 Main St, New York, AZ 93610"
1943,Gas Station Corp,"197 Main St, Phoenix, CA 99898"
1944,Restaurant Co,"553 Main St, New York, TX 18790"
1945,Grocery Store Co,"230 Main St, New York, IL 91871"
1946,Gas Station Corp,"793 Main St, Chicago, AZ 97893"
1947,Coffee Shop Co,"553 Main St, Houston, AZ 54835"
1948,Clothing Store LLC,"432 Main St, New York, NY 46310"
1949,Electronics Store Group,"992 Main St, Houston, IL 74262"
1950,Retail Store Co,"156 Main St, New York, IL 56108"
1951,Coffee Shop Co,"341 Main St, Chicago, IL 58427"
1952,Electronics Store Inc,"619 Main St, Chicago, AZ 94720"
1953,Clothing Store Co,"169 Main St, Chicago, TX 27032"
1954,Hotel Co,"873 Main St, New York, AZ 85661"
1955,Hotel LLC,"852 Main St, Chicago, AZ 52817"
1956,Hotel Group,"734 Main St, Phoenix, CA 87163"
1957,Grocery Store Co,"709 Main St, Chicago, TX 37962"
1958,Pharmacy Group,"799 Main St, Houston, AZ 87163"
1959,Electronics Store Co,"895 Main St, Phoenix, IL 99372"
1960,Coffee Shop Co,"208 Main St, Phoenix, NY 96635"
1961,Hotel Inc,"204 Main St, Houston, TX 24671"
1962,Electronics Store Co,"230 Main St, Houston, CA 99675"
1963,Retail Store Inc,"160 Main St, Los Angeles, TX 27028"
1964,Retail Store Co,"324 Main St, Los Angeles, IL 74280"
1965,Retail Store Inc,"412 Main St, New York, TX 51428"
1966,Grocery Store Inc,"189 Main St, New York, NY 94213"
1967,Clothing Store Corp,"293 Main St, Houston, TX 10333"
1968,Coffee Shop LLC,"160 Main St, Los Angeles, NY 86863"
1969,Clothing Store Corp,"281 Main St, Houston, IL 52442"
1970,Electronics Store Co,"144 Main St, Phoenix, TX 49059"
1971,Pharmacy Group,"785 Main St, Phoenix, CA 54034"
1972,Clothing Store Group,"612 Main St, Los Angeles, AZ 67899"
1973,Coffee Shop Inc,"133 Main St, Los Angeles, IL 83557"
1974,Restaurant LLC,"371 Main St, Phoenix, AZ 28690"
1975,Electronics Store Group,"235 Main St, Chicago, CA 14105"
1976,Clothing Store Inc,"998 Main St, Houston, AZ 24531"
1977,Restaurant LLC,"211 Main St, Los Angeles, IL 49541"
1978,Gas Station LLC,"737 Main St, Chicago, TX 72346"
1979,Retail Store LLC,"255 Main St, Phoenix, NY 35645"
1980,Electronics Store Group,"258 Main St, Los Angeles, CA 10223"
1981,Grocery Store LLC,"753 Main St, Los Angeles, AZ 33561"
1982,Clothing Store Co,"152 Main St, New York, IL 71430"
1983,Electronics Store LLC,"290 Main St, Chicago, AZ 67575"
1984,Hotel Inc,"433 Main St, Los Angeles, CA 66281"
1985,Retail Store Group,"914 Main St, Houston, IL 99123"
1986,Grocery Store Group,"244 Main St, Phoenix, AZ 38147"
1987,Grocery Store Group,"520 Main St, Los Angeles, NY 72772"
1988,Gas Station Co,"167 Main St, Houston, AZ 93985"
1989,Restaurant Co,"195 Main St, Chicago, AZ 87789"
1990,Gas Station LLC,"988 Main St, Los Angeles, CA 87828"
1991,Clothing Store Corp,"391 Main St, New York, AZ 86555"
1992,Restaurant Co,"561 Main St, Phoenix, TX 45784"
1993,Grocery Store Inc,"537 Main St, Chicago, CA 25986"
1994,Clothing Store Co,"830 Main St, Chicago, IL 85196"
1995,Electronics Store LLC,"508 Main St, New York, IL 84932"
1996,Hotel Group,"128 Main St, Phoenix, TX 85101"
1997,Gas Station LLC,"455 Main St, Phoenix, AZ 76060"
1998,Hotel Corp,"118 Main St, Chicago, CA 73395"
1999,Electronics Store Inc,"671 Main St, New York, AZ 34471"
2000,Pharmacy Group,"451 Main St, Los Angeles, CA 53357"
2001,Pharmacy Corp,"620 Main St, Houston, IL 96380"
2002,Clothing Store LLC,"765 Main St, Phoenix, CA 86511"
2003,Pharmacy Co,"153 Main St, Phoenix, NY 52379"
2004,Clothing Store Corp,"368 Main St, Houston, IL 97755"
2005,Clothing Store Corp,"405 Main St, New York, IL 40128"
2006,Gas Station LLC,"725 Main St, Chicago, NY 75602"
2007,Coffee Shop Group,"464 Main St, Phoenix, IL 83198"
2008,Clothing Store Corp,"897 Main St, Phoenix, AZ 87447"
2009,Clothing Store Corp,"598 Main St, Houston, AZ 85037"
2010,Grocery Store Inc,"164 Main St, New York, AZ 90901"
2011,Gas Station Corp,"842 Main St, Chicago, TX 58365"
2012,Electronics Store Inc,"976 Main St, New York, CA 21968"
2013,Pharmacy Co,"876 Main St, Los Angeles, AZ 27274"
2014,Grocery Store Group,"681 Main St, Chicago, NY 45294"
2015,Retail Store Co,"799 Main St, Houston, NY 47112"
2016,Grocery Store LLC,"516 Main St, Los Angeles, TX 81019"
2017,Hotel Group,"788 Main St, Houston, NY 81686"
2018,Coffee Shop LLC,"997 Main St, Houston, AZ 90038"
2019,Pharmacy Group,"780 Main St, Chicago, CA 47072"
2020,Retail Store Co,"428 Main St, Phoenix, NY 61775"
2021,Grocery Store Corp,"912 Main St, Houston, NY 27768"
2022,Grocery Store Corp,"983 Main St, Chicago, TX 32601"
2023,Grocery Store LLC,"933 Main St, New York, TX 11608"
2024,Coffee Shop LLC,"587 Main St, Los Angeles, AZ 15713"
2025,Restaurant LLC,"996 Main St, New York, TX 88671"
2026,Clothing Store Co,"993 Main St, Chicago, TX 31678"
2027,Retail Store Inc,"636 Main St, Chicago, IL 29299"
2028,Gas Station LLC,"853 Main St, Houston, NY 47683"
2029,Restaurant Co,"808 Main St, Chicago, TX 62465"
2030,Gas Station Co,"835 Main St, New York, NY 88487"
2031,Gas Station LLC,"582 Main St, Chicago, NY 27223"
2032,Coffee Shop Inc,"703 Main St, Los Angeles, AZ 84594"
2033,Hotel Inc,"415 Main St, Phoenix, AZ 43019"
2034,Gas Station Co,"299 Main St, Los Angeles, IL 97549"
2035,Gas Station Corp,"572 Main St, New York, AZ 92022"
2036,Hotel Group,"365 Main St, Chicago, AZ 95752"
2037,Electronics Store Inc,"662 Main St, Phoenix, TX 22390"
2038,Clothing Store Group,"971 Main St, New York, CA 34872"
2039,Hotel Group,"759 Main St, Phoenix, IL 46843"
2040,Coffee Shop LLC,"738 Main St, New York, AZ 80365"
2041,Retail Store Corp,"294 Main St, New York, NY 58058"
2042,Grocery Store Co,"374 Main St, Los Angeles, IL 11002"
2043,Pharmacy Corp,"216 Main St, Los Angeles, IL 82097"
2044,Grocery Store Co,"409 Main St, New York, AZ 41303"
2045,Hotel Group,"830 Main St, Los Angeles, AZ 28804"
2046,Electronics Store Co,"263 Main St, Phoenix, AZ 97492"
2047,Gas Station Corp,"247 Main St, Los Angeles, CA 36089"
2048,Retail Store LLC,"466 Main St, Los Angeles, TX 79204"
2049,Retail Store Group,"571 Main St, Los Angeles, IL 87054"
2050,Retail Store Inc,"280 Main St, New York, NY 76365"
2051,Electronics Store LLC,"602 Main St, Los Angeles, IL 76696"
2052,Gas Station LLC,"131 Main St, Houston, TX 25213"
2053,Hotel Corp,"979 Main St, New York, IL 79924"
2054,Pharmacy Corp,"614 Main St, New York, TX 91520"
2055,Coffee Shop Co,"687 Main St, Houston, AZ 56738"
2056,Electronics Store Group,"740 Main St, Chicago, NY 50557"
2057,Gas Station Corp,"425 Main St, Los Angeles, AZ 59073"
2058,Restaurant Group,"262 Main St, New York, IL 71010"
2059,Grocery Store Inc,"159 Main St, Phoenix, TX 43306"
2060,Electronics Store LLC,"480 Main St, Phoenix, CA 30113"
2061,Pharmacy Corp,"775 Main St, Phoenix, AZ 39009"
2062,Clothing Store Co,"404 Main St, Los Angeles, NY 59218"
2063,Gas Station Group,"295 Main St, New York, IL 77624"
2064,Coffee Shop Inc,"410 Main St, Chicago, NY 58723"
2065,Hotel Group,"782 Main St, Phoenix, TX 22309"
2066,Clothing Store Inc,"541 Main St, New York, CA 82931"
2067,Gas Station LLC,"881 Main St, Houston, TX 62785"
2068,Retail Store Co,"110 Main St, Houston, AZ 19632"
2069,Electronics Store Corp,"287 Main St, Los Angeles, AZ 33995"
2070,Hotel Corp,"530 Main St, Chicago, AZ 73179"
2071,Hotel LLC,"617 Main St, Houston, CA 17663"
2072,Restaurant Inc,"875 Main St, Los Angeles, IL 18423"
2073,Electronics Store Co,"740 Main St, Los Angeles, AZ 50137"
2074,Restaurant Group,"139 Main St, New York, IL 32170"
2075,Restaurant LLC,"510 Main St, Houston, AZ 74514"
2076,Electronics Store Inc,"494 Main St, New York, TX 53681"
2077,Coffee Shop Group,"421 Main St, Phoenix, AZ 34018"
2078,Hotel Inc,"754 Main St, Los Angeles, IL 73952"
2079,Grocery Store Inc,"830 Main St, Houston, NY 94014"
2080,Clothing Store Co,"294 Main St, Houston, CA 48096"
2081,Gas Station Corp,"562 Main St, Chicago, NY 80980"
2082,Electronics Store Inc,"750 Main St, Los Angeles, TX 56986"
2083,Retail Store Inc,"701 Main St, Phoenix, NY 12902"
2084,Electronics Store LLC,"418 Main St, Los Angeles, TX 33985"
2085,Electronics Store Inc,"188 Main St, Phoenix, NY 15815"
2086,Hotel Co,"769 Main St, New York, TX 36422"
2087,Grocery Store Group,"514 Main St, Houston, IL 94918"
2088,Retail Store LLC,"759 Main St, Chicago, AZ 19363"
2089,Gas Station Inc,"957 Main St, Chicago, AZ 80069"
2090,Hotel Group,"697 Main St, Phoenix, NY 85103"
2091,Restaurant Corp,"386 Main St, Phoenix, CA 24254"
2092,Grocery Store LLC,"103 Main St, New York, IL 80393"
2093,Restaurant Corp,"912 Main St, New York, TX 22618"
2094,Grocery Store Group,"888 Main St, New York, AZ 72458"
2095,Gas Station Co,"508 Main St, Los Angeles, NY 77700"
2096,Electronics Store Group,"527 Main St, New York, IL 32197"
2097,Retail Store LLC,"711 Main St, Chicago, CA 77462"
2098,Retail Store Inc,"669 Main St, Phoenix, TX 83083"
2099,Gas Station LLC,"911 Main St, Los Angeles, IL 67181"
2100,Pharmacy Corp,"628 Main St, Los Angeles, AZ 58688"
2101,Retail Store Co,"948 Main St, Chicago, TX 60340"
2102,Hotel Inc,"542 Main St, New York, AZ 51471"
2103,Hotel Group,"833 Main St, Chicago, TX 30713"
2104,Gas Station Corp,"963 Main St, Los Angeles, NY 86716"
2105,Restaurant LLC,"596 Main St, Phoenix, CA 26968"
2106,Retail Store Group,"842 Main St, Phoenix, CA 84012"
2107,Restaurant Co,"275 Main St, New York, NY 79154"
2108,Restaurant Inc,"249 Main St, Los Angeles, NY 41979"
2109,Gas Station Group,"302 Main St, New York, AZ 91092"
2110,Hotel Corp,"498 Main St, Chicago, NY 13666"
2111,Grocery Store Co,"642 Main St, Chicago, AZ 26218"
2112,Electronics Store Group,"730 Main St, Los Angeles, NY 32512"
2113,Hotel Inc,"363 Main St, New York, AZ 19128"
2114,Coffee Shop Inc,"609 Main St, New York, AZ 56412"
2115,Restaurant Co,"416 Main St, Houston, IL 59520"
2116,Clothing Store Co,"348 Main St, Houston, IL 80724"
2117,Pharmacy Group,"799 Main St, Houston, CA 71633"
2118,Restaurant Corp,"971 Main St, Houston, IL 73951"
2119,Grocery Store Group,"729 Main St, New York, IL 14706"
2120,Clothing Store Group,"539 Main St, Chicago, NY 82102"
2121,Gas Station Inc,"535 Main St, New York, IL 30057"
2122,Retail Store LLC,"229 Main St, Houston, NY 42320"
2123,Coffee Shop Group,"565 Main St, Phoenix, CA 22263"
2124,Electronics Store Group,"543 Main St, Phoenix, NY 58505"
2125,Retail Store Group,"295 Main St, Chicago, TX 11123"
2126,Hotel Corp,"119 Main St, Phoenix, AZ 74957"
2127,Hotel Co,"672 Main St, New York, CA 32626"
2128,Grocery Store Co,"671 Main St, Chicago, IL 76269"
2129,Pharmacy LLC,"976 Main St, Los Angeles, CA 49117"
2130,Retail Store Corp,"815 Main St, Los Angeles, CA 51885"
2131,Pharmacy Group,"613 Main St, Houston, TX 78249"
2132,Hotel Inc,"865 Main St, Phoenix, NY 27262"
2133,Gas Station Corp,"681 Main St, Phoenix, AZ 82193"
2134,Gas Station Co,"212 Main St, Chicago, TX 34035"
2135,Grocery Store Group,"652 Main St, Houston, NY 25192"
2136,Retail Store Inc,"567 Main St, Chicago, NY 21214"
2137,Clothing Store Inc,"238 Main St, New York, IL 53984"
2138,Pharmacy Co,"227 Main St, Houston, NY 94222"
2139,Coffee Shop LLC,"853 Main St, Chicago, NY 75680"
2140,Coffee Shop Corp,"354 Main St, Los Angeles, NY 19512"
2141,Electronics Store LLC,"356 Main St, Phoenix, TX 11522"
2142,Grocery Store Group,"215 Main St, Phoenix, TX 47960"
2143,Grocery Store Corp,"296 Main St, Houston, TX 64086"
2144,Grocery Store Group,"185 Main St, Phoenix, IL 36077"
2145,Clothing Store LLC,"411 Main St, New York, IL 80635"
2146,Gas Station Inc,"627 Main St, Houston, TX 75286"
2147,Electronics Store Inc,"525 Main St, Chicago, CA 98471"
2148,Grocery Store Group,"995 Main St, Los Angeles, AZ 53525"
2149,Electronics Store Corp,"168 Main St, Houston, IL 22204"
2150,Retail Store LLC,"774 Main St, New York, AZ 65119"
2151,Electronics Store LLC,"786 Main St, New York, TX 86091"
2152,Electronics Store Corp,"308 Main St, Phoenix, TX 48064"
2153,Gas Station Group,"221 Main St, Phoenix, IL 76224"
2154,Pharmacy Co,"494 Main St, New York, IL 98274"
2155,Coffee Shop Co,"720 Main St, New York, TX 43909"
2156,Retail Store Co,"841 Main St, Phoenix, NY 88358"
2157,Coffee Shop LLC,"257 Main St, Phoenix, IL 20315"
2158,Electronics Store Co,"426 Main St, Los Angeles, IL 49709"
2159,Restaurant Co,"720 Main St, Houston, IL 16062"
2160,Grocery Store LLC,"592 Main St, Chicago, IL 96828"
2161,Clothing Store Co,"170 Main St, New York, AZ 63476"
2162,Pharmacy Corp,"613 Main St, Los Angeles, AZ 80560"
2163,Coffee Shop Group,"852 Main St, Phoenix, IL 15713"
2164,Gas Station Corp,"769 Main St, New York, IL 61004"
2165,Coffee Shop Co,"849 Main St, New York, NY 65494"
2166,Hotel Inc,"325 Main St, Phoenix, AZ 85305"
2167,Coffee Shop Group,"530 Main St, New York, AZ 15019"
2168,Grocery Store Inc,"821 Main St, Los Angeles, NY 54241"
2169,Restaurant Inc,"836 Main St, Chicago, AZ 72056"
2170,Clothing Store Inc,"216 Main St, Los Angeles, TX 41998"
2171,Electronics Store Inc,"285 Main St, Los Angeles, IL 23230"
2172,Electronics Store Group,"926 Main St, Phoenix, AZ 56725"
2173,Retail Store Group,"655 Main St, Chicago, AZ 40591"
2174,Coffee Shop Inc,"631 Main St, Phoenix, TX 22518"
2175,Grocery Store Inc,"916 Main St, Los Angeles, IL 89915"
2176,Electronics Store Inc,"701 Main St, New York, TX 61865"
2177,Pharmacy Co,"834 Main St, Phoenix, AZ 50848"
2178,Gas Station LLC,"121 Main St, Houston, IL 26758"
2179,Hotel Group,"437 Main St, Houston, AZ 16794"
2180,Retail Store LLC,"854 Main St, Phoenix, CA 14576"
2181,Restaurant Inc,"548 Main St, Houston, CA 80138"
2182,Hotel Corp,"747 Main St, Houston, NY 98806"
2183,Electronics Store LLC,"144 Main St, Phoenix, NY 96829"
2184,Grocery Store Inc,"662 Main St, Chicago, AZ 79845"
2185,Grocery Store LLC,"156 Main St, Los Angeles, CA 47006"
2186,Retail Store Inc,"476 Main St, Phoenix, NY 86903"
2187,Pharmacy Inc,"773 Main St, Houston, TX 33424"
2188,Retail Store Co,"958 Main St, Houston, IL 32791"
2189,Hotel Co,"817 Main St, Houston, NY 64884"
2190,Pharmacy Corp,"777 Main St, Los Angeles, CA 58370"
2191,Gas Station Group,"256 Main St, Phoenix, NY 18747"
2192,Pharmacy Group,"964 Main St, New York, TX 65740"
2193,Coffee Shop Corp,"628 Main St, Chicago, NY 54831"
2194,Hotel Corp,"413 Main St, Los Angeles, NY 48216"
2195,Gas Station Inc,"315 Main St, Houston, CA 78255"
2196,Electronics Store Group,"180 Main St, New York, NY 85873"
2197,Coffee Shop Group,"442 Main St, Chicago, IL 11139"
2198,Restaurant Inc,"933 Main St, Chicago, TX 79542"
2199,Coffee Shop Group,"853 Main St, Phoenix, AZ 43763"
2200,Coffee Shop Co,"319 Main St, Chicago, NY 32188"
2201,Electronics Store Inc,"934 Main St, Houston, NY 10250"
2202,Hotel Inc,"313 Main St, New York, IL 90592"
2203,Electronics Store LLC,"309 Main St, New York, CA 90274"
2204,Gas Station LLC,"154 Main St, Phoenix, TX 58843"
2205,Gas Station Inc,"839 Main St, New York, AZ 73163"
2206,Grocery Store Group,"184 Main St, New York, IL 16582"
2207,Restaurant Corp,"247 Main St, Chicago, NY 75985"
2208,Pharmacy Inc,"435 Main St, Houston, TX 80945"
2209,Pharmacy Corp,"192 Main St, Phoenix, AZ 97143"
2210,Gas Station Group,"275 Main St, New York, AZ 53730"
2211,Restaurant Corp,"340 Main St, Chicago, NY 13479"
2212,Pharmacy Corp,"982 Main St, New York, TX 94546"
2213,Grocery Store Group,"834 Main St, Houston, TX 42668"
2214,Clothing Store Co,"938 Main St, Chicago, AZ 95943"
2215,Coffee Shop Corp,"546 Main St, New York, TX 23599"
2216,Restaurant Group,"991 Main St, Houston, TX 58768"
2217,Gas Station Inc,"873 Main St, Los Angeles, TX 61597"
2218,Hotel Group,"604 Main St, New York, IL 37732"
2219,Hotel Inc,"587 Main St, New York, IL 34691"
2220,Gas Station Group,"179 Main St, Chicago, TX 55511"
2221,Gas Station Corp,"191 Main St, Los Angeles, AZ 76726"
2222,Clothing Store Co,"757 Main St, Houston, AZ 42479"
2223,Electronics Store Co,"387 Main St, Houston, IL 91809"
2224,Clothing Store Group,"665 Main St, Phoenix, TX 16833"
2225,Hotel Corp,"910 Main St, Los Angeles, NY 93019"
2226,Coffee Shop Corp,"181 Main St, New York, TX 41513"
2227,Retail Store Co,"749 Main St, Houston, NY 72572"
2228,Restaurant Co,"611 Main St, Los Angeles, AZ 99315"
2229,Pharmacy Co,"223 Main St, Chicago, AZ 31115"
2230,Clothing Store LLC,"623 Main St, New York, NY 49453"
2231,Pharmacy Corp,"669 Main St, Phoenix, CA 82853"
2232,Pharmacy Corp,"174 Main St, Los Angeles, TX 68967"
2233,Restaurant Corp,"885 Main St, New York, IL 46451"
2234,Gas Station LLC,"855 Main St, Los Angeles, AZ 24215"
2235,Pharmacy Corp,"884 Main St, Chicago, CA 24395"
2236,Grocery Store Inc,"569 Main St, Los Angeles, NY 96042"
2237,Clothing Store Corp,"277 Main St, Chicago, TX 88997"
2238,Retail Store LLC,"967 Main St, New York, IL 16722"
2239,Electronics Store Corp,"105 Main St, New York, AZ 18024"
2240,Restaurant Inc,"473 Main St, Houston, NY 33365"
2241,Retail Store LLC,"567 Main St, Chicago, AZ 46435"
2242,Coffee Shop LLC,"651 Main St, Los Angeles, NY 20991"
2243,Electronics Store Group,"170 Main St, Houston, TX 45534"
2244,Hotel LLC,"667 Main St, Phoenix, NY 10714"
2245,Pharmacy Corp,"385 Main St, Los Angeles, AZ 49849"
2246,Restaurant LLC,"742 Main St, New York, CA 55106"
2247,Grocery Store Group,"307 Main St, Los Angeles, CA 28286"
2248,Hotel Inc,"912 Main St, New York, TX 52243"
2249,Clothing Store Inc,"254 Main St, Phoenix, CA 58427"
2250,Retail Store Co,"980 Main St, New York, AZ 35650"
2251,Grocery Store Co,"377 Main St, Phoenix, CA 73120"
2252,Electronics Store Group,"813 Main St, Chicago, AZ 73662"
2253,Clothing Store Co,"860 Main St, Chicago, IL 84828"
2254,Electronics Store Corp,"434 Main St, Chicago, AZ 75655"
2255,Grocery Store Co,"883 Main St, Los Angeles, AZ 56764"
2256,Electronics Store Inc,"677 Main St, Los Angeles, TX 29942"
2257,Coffee Shop Co,"321 Main St, Houston, IL 25169"
2258,Electronics Store Corp,"731 Main St, Chicago, IL 92984"
2259,Restaurant Group,"774 Main St, New York, CA 94373"
2260,Gas Station Corp,"863 Main St, Los Angeles, IL 76198"
2261,Grocery Store Corp,"255 Main St, New York, TX 16148"
2262,Coffee Shop Group,"938 Main St, Chicago, CA 16172"
2263,Grocery Store LLC,"608 Main St, Chicago, NY 37533"
2264,Hotel LLC,"260 Main St, Phoenix, TX 31296"
2265,Hotel Co,"867 Main St, Chicago, CA 29166"
2266,Restaurant LLC,"782 Main St, Los Angeles, NY 88040"
2267,Retail Store LLC,"476 Main St, Los Angeles, CA 47558"
2268,Retail Store Corp,"716 Main St, New York, AZ 85505"
2269,Hotel LLC,"729 Main St, Los Angeles, TX 40297"
2270,Pharmacy Corp,"653 Main St, Los Angeles, IL 86390"
2271,Grocery Store Group,"836 Main St, New York, TX 26414"
2272,Restaurant Co,"731 Main St, New York, TX 53876"
2273,Electronics Store Group,"439 Main St, Chicago, AZ 63361"
2274,Electronics Store Group,"260 Main St, Los Angeles, CA 20577"
2275,Electronics Store Corp,"274 Main St, Houston, AZ 55431"
2276,Grocery Store Group,"737 Main St, Los Angeles, CA 16829"
2277,Hotel Co,"643 Main St, Los Angeles, IL 58677"
2278,Restaurant Corp,"968 Main St, Los Angeles, NY 86013"
2279,Pharmacy Co,"511 Main St, Chicago, IL 62788"
2280,Clothing Store Inc,"914 Main St, New York, AZ 88579"
2281,Grocery Store Corp,"626 Main St, Phoenix, IL 94678"
2282,Hotel LLC,"761 Main St, Phoenix, IL 52878"
2283,Pharmacy Corp,"539 Main St, Houston, CA 19782"
2284,Retail Store Corp,"361 Main St, Los Angeles, IL 65179"
2285,Restaurant LLC,"822 Main St, New York, TX 75388"
2286,Pharmacy LLC,"601 Main St, Los Angeles, IL 99618"
2287,Grocery Store LLC,"214 Main St, Chicago, IL 32463"
2288,Pharmacy LLC,"927 Main St, Phoenix, IL 74979"
2289,Coffee Shop Co,"451 Main St, Chicago, IL 52474"
2290,Hotel Inc,"338 Main St, New York, NY 90579"
2291,Restaurant Group,"155 Main St, Los Angeles, AZ 19774"
2292,Restaurant LLC,"421 Main St, Los Angeles, CA 85279"
2293,Hotel Co,"806 Main St, New York, AZ 85402"
2294,Coffee Shop Inc,"281 Main St, Chicago, NY 55702"
2295,Retail Store LLC,"307 Main St, New York, TX 46532"
2296,Retail Store Inc,"370 Main St, New York, AZ 27878"
2297,Coffee Shop Inc,"966 Main St, New York, TX 43072"
2298,Retail Store Corp,"245 Main St, Houston, IL 13809"
2299,Grocery Store LLC,"311 Main St, Chicago, CA 55712"
2300,Clothing Store Co,"640 Main St, Chicago, NY 93830"
2301,Pharmacy LLC,"218 Main St, Houston, TX 48492"
2302,Restaurant Co,"863 Main St, Chicago, AZ 69185"
2303,Clothing Store Group,"762 Main St, New York, TX 82563"
2304,Retail Store LLC,"342 Main St, Houston, IL 49246"
2305,Grocery Store Co,"945 Main St, New York, TX 41525"
2306,Restaurant Corp,"949 Main St, Phoenix, AZ 16192"
2307,Hotel LLC,"124 Main St, New York, AZ 30905"
2308,Coffee Shop Group,"215 Main St, Houston, TX 82679"
2309,Clothing Store Inc,"568 Main St, Houston, CA 88661"
2310,Restaurant LLC,"229 Main St, Chicago, IL 12575"
2311,Clothing Store Inc,"635 Main St, Los Angeles, IL 89716"
2312,Clothing Store Corp,"224 Main St, Phoenix, CA 22391"
2313,Clothing Store Group,"753 Main St, Los Angeles, IL 53824"
2314,Electronics Store LLC,"261 Main St, Houston, CA 38648"
2315,Grocery Store Inc,"229 Main St, New York, AZ 80659"
2316,Pharmacy Co,"740 Main St, Chicago, CA 89178"
2317,Gas Station Inc,"800 Main St, Los Angeles, IL 16139"
2318,Coffee Shop Group,"784 Main St, Phoenix, IL 91237"
2319,Pharmacy Corp,"186 Main St, New York, CA 86835"
2320,Restaurant Co,"743 Main St, Chicago, AZ 42016"
2321,Hotel Corp,"492 Main St, New York, CA 64793"
2322,Gas Station Inc,"171 Main St, New York, IL 50547"
2323,Electronics Store Co,"726 Main St, New York, CA 60180"
2324,Gas Station Inc,"159 Main St, Chicago, IL 11131"
2325,Electronics Store Group,"540 Main St, Chicago, NY 87722"
2326,Clothing Store Corp,"154 Main St, Chicago, AZ 35295"
2327,Restaurant Inc,"939 Main St, Chicago, NY 11096"
2328,Electronics Store Corp,"218 Main St, Phoenix, AZ 67301"
2329,Restaurant Inc,"957 Main St, Phoenix, IL 58005"
2330,Pharmacy Co,"501 Main St, Chicago, CA 86988"
2331,Hotel Inc,"239 Main St, Houston, IL 73360"
2332,Electronics Store Corp,"752 Main St, Houston, NY 89459"
2333,Gas Station Corp,"858 Main St, Houston, TX 92545"
2334,Pharmacy Inc,"697 Main St, Chicago, TX 56706"
2335,Grocery Store LLC,"432 Main St, Phoenix, NY 24704"
2336,Gas Station LLC,"594 Main St, New York, NY 70064"
2337,Gas Station Inc,"575 Main St, New York, IL 62250"
2338,Pharmacy Group,"780 Main St, Phoenix, AZ 39555"
2339,Grocery Store Corp,"247 Main St, Los Angeles, TX 71413"
2340,Restaurant Group,"843 Main St, Los Angeles, NY 44913"
2341,Hotel Inc,"706 Main St, Los Angeles, TX 95465"
2342,Hotel Corp,"818 Main St, Chicago, AZ 87606"
2343,Grocery Store Group,"888 Main St, New York, NY 52678"
2344,Retail Store Corp,"792 Main St, Houston, TX 36804"
2345,Pharmacy Group,"203 Main St, Los Angeles, AZ 78047"
2346,Coffee Shop LLC,"663 Main St, Los Angeles, AZ 12545"
2347,Restaurant Group,"901 Main St, Chicago, TX 37206"
2348,Hotel Co,"964 Main St, Houston, NY 42721"
2349,Restaurant Inc,"182 Main St, New York, NY 72858"
2350,Grocery Store Group,"925 Main St, New York, CA 57373"
2351,Hotel Corp,"203 Main St, New York, IL 46143"
2352,Gas Station Group,"772 Main St, Phoenix, TX 90838"
2353,Pharmacy LLC,"105 Main St, Los Angeles, CA 22496"
2354,Grocery Store Corp,"768 Main St, Houston, CA 64215"
2355,Clothing Store Group,"500 Main St, Phoenix, NY 44452"
2356,Grocery Store Inc,"569 Main St, Houston, IL 26165"
2357,Coffee Shop LLC,"478 Main St, Los Angeles, CA 75293"
2358,Grocery Store Inc,"728 Main St, Chicago, NY 59867"
2359,Pharmacy Corp,"821 Main St, New York, CA 19701"
2360,Gas Station Inc,"784 Main St, New York, CA 17349"
2361,Clothing Store Inc,"720 Main St, Houston, IL 55992"
2362,Pharmacy Inc,"512 Main St, Houston, NY 16741"
2363,Pharmacy Co,"441 Main St, Houston, NY 86285"
2364,Gas Station LLC,"150 Main St, Houston, CA 62157"
2365,Electronics Store Group,"182 Main St, New York, NY 74091"
2366,Restaurant Inc,"820 Main St, New York, IL 78853"
2367,Coffee Shop LLC,"375 Main St, Phoenix, AZ 74471"
2368,Hotel Corp,"479 Main St, Houston, CA 11168"
2369,Electronics Store LLC,"517 Main St, Phoenix, IL 37487"
2370,Restaurant Corp,"535 Main St, New York, AZ 53001"
2371,Restaurant Corp,"389 Main St, Houston, AZ 31197"
2372,Retail Store Co,"508 Main St, Los Angeles, IL 56504"
2373,Retail Store Corp,"149 Main St, New York, NY 84177"
2374,Restaurant Co,"858 Main St, New York, AZ 74690"
2375,Retail Store Co,"265 Main St, New York, IL 94099"
2376,Pharmacy Corp,"960 Main St, Los Angeles, NY 18695"
2377,Hotel Co,"853 Main St, Chicago, TX 51600"
2378,Electronics Store Inc,"288 Main St, Houston, IL 34877"
2379,Retail Store Inc,"323 Main St, Los Angeles, AZ 57821"
2380,Hotel Inc,"371 Main St, Chicago, CA 79823"
2381,Electronics Store Corp,"702 Main St, New York, TX 34444"
2382,Gas Station LLC,"760 Main St, Phoenix, IL 25093"
2383,Gas Station Group,"126 Main St, New York, CA 78505"
2384,Restaurant Co,"823 Main St, Los Angeles, AZ 64937"
2385,Hotel LLC,"298 Main St, Phoenix, TX 18755"
2386,Restaurant Co,"931 Main St, Phoenix, AZ 29432"
2387,Retail Store LLC,"970 Main St, New York, NY 12944"
2388,Hotel LLC,"453 Main St, Los Angeles, TX 89408"
2389,Coffee Shop LLC,"236 Main St, Los Angeles, AZ 32142"
2390,Gas Station Group,"527 Main St, New York, NY 57842"
2391,Clothing Store Corp,"685 Main St, Houston, AZ 52593"
2392,Retail Store Inc,"812 Main St, New York, CA 34432"
2393,Grocery Store Inc,"360 Main St, New York, TX 90728"
2394,Coffee Shop LLC,"270 Main St, Phoenix, CA 24653"
2395,Pharmacy Corp,"463 Main St, Phoenix, AZ 23991"
2396,Gas Station Group,"417 Main St, Houston, CA 58154"
2397,Restaurant LLC,"119 Main St, Houston, IL 84825"
2398,Coffee Shop Co,"398 Main St, Houston, CA 80592"
2399,Pharmacy Inc,"348 Main St, Chicago, IL 19319"
2400,Hotel Inc,"164 Main St, Houston, NY 99752"
2401,Restaurant Inc,"274 Main St, Phoenix, IL 90952"
2402,Electronics Store Co,"613 Main St, New York, NY 57138"
2403,Restaurant Group,"615 Main St, Los Angeles, AZ 44098"
2404,Restaurant Corp,"262 Main St, Houston, AZ 76038"
2405,Grocery Store LLC,"620 Main St, Phoenix, TX 72404"
2406,Clothing Store Co,"167 Main St, Phoenix, IL 18856"
2407,Hotel Inc,"681 Main St, Chicago, AZ 72121"
2408,Pharmacy Co,"111 Main St, New York, NY 95205"
2409,Retail Store LLC,"234 Main St, Phoenix, NY 70566"
2410,Hotel Corp,"663 Main St, New York, NY 79656"
2411,Gas Station Group,"312 Main St, New York, TX 15143"
2412,Clothing Store Inc,"494 Main St, Chicago, AZ 47537"
2413,Gas Station Corp,"829 Main St, Houston, NY 63287"
2414,Retail Store Co,"752 Main St, Houston, AZ 77957"
2415,Retail Store Inc,"928 Main St, Los Angeles, CA 20501"
2416,Hotel Inc,"723 Main St, Phoenix, NY 37987"
2417,Restaurant Corp,"314 Main St, Chicago, TX 18638"
2418,Grocery Store Group,"531 Main St, Los Angeles, AZ 98495"
2419,Hotel Group,"808 Main St, New York, TX 63873"
2420,Retail Store Corp,"649 Main St, Houston, IL 28835"
2421,Restaurant Corp,"630 Main St, New York, TX 69190"
2422,Retail Store LLC,"156 Main St, Los Angeles, CA 14046"
2423,Gas Station LLC,"916 Main St, Houston, CA 58936"
2424,Gas Station LLC,"135 Main St, New York, NY 54962"
2425,Electronics Store Corp,"159 Main St, Phoenix, IL 27020"
2426,Pharmacy LLC,"603 Main St, Chicago, CA 27034"
2427,Restaurant Inc,"880 Main St, Phoenix, NY 13730"
2428,Retail Store Corp,"729 Main St, Houston, IL 32680"
2429,Electronics Store Co,"132 Main St, New York, CA 35859"
2430,Pharmacy Inc,"498 Main St, Los Angeles, TX 67762"
2431,Restaurant Inc,"982 Main St, New York, IL 70339"
2432,Hotel Corp,"516 Main St, Chicago, CA 83520"
2433,Clothing Store Inc,"180 Main St, Chicago, CA 18424"
2434,Coffee Shop Inc,"538 Main St, Los Angeles, NY 47154"
2435,Coffee Shop Corp,"832 Main St, Phoenix, AZ 20679"
2436,Gas Station Group,"812 Main St, Los Angeles, AZ 84149"
2437,Pharmacy Group,"464 Main St, New York, NY 66059"
2438,Hotel Inc,"734 Main St, Phoenix, TX 52951"
2439,Electronics Store Co,"385 Main St, Chicago, TX 86098"
2440,Grocery Store Co,"134 Main St, Los Angeles, NY 16419"
2441,Gas Station LLC,"400 Main St, Phoenix, TX 90349"
2442,Electronics Store Co,"591 Main St, Phoenix, IL 17166"
2443,Electronics Store Co,"515 Main St, New York, IL 22241"
2444,Electronics Store Corp,"333 Main St, Los Angeles, NY 67846"
2445,Restaurant Corp,"613 Main St, Chicago, AZ 61801"
2446,Restaurant Corp,"644 Main St, Houston, TX 25411"
2447,Clothing Store Co,"265 Main St, Los Angeles, CA 85616"
2448,Retail Store Group,"864 Main St, Houston, NY 97553"
2449,Grocery Store LLC,"789 Main St, New York, TX 80755"
2450,Grocery Store LLC,"999 Main St, Phoenix, CA 91368"
2451,Gas Station Co,"535 Main St, Los Angeles, CA 39616"
2452,Restaurant Inc,"989 Main St, Los Angeles, CA 52709"
2453,Hotel Inc,"668 Main St, Chicago, TX 27242"
2454,Grocery Store Co,"506 Main St, Houston, CA 82454"
2455,Electronics Store Co,"789 Main St, Los Angeles, IL 50964"
2456,Restaurant Corp,"766 Main St, Houston, IL 98087"
2457,Pharmacy Inc,"250 Main St, New York, AZ 98424"
2458,Electronics Store Corp,"299 Main St, Phoenix, NY 31000"
2459,Pharmacy Inc,"391 Main St, Los Angeles, IL 19531"
2460,Electronics Store LLC,"817 Main St, Phoenix, AZ 11162"
2461,Gas Station Co,"614 Main St, Phoenix, IL 64687"
2462,Gas Station LLC,"266 Main St, New York, CA 66978"
2463,Electronics Store Group,"597 Main St, Los Angeles, NY 58729"
2464,Coffee Shop Inc,"494 Main St, Houston, NY 92548"
2465,Clothing Store Corp,"571 Main St, Phoenix, IL 60749"
2466,Restaurant Corp,"698 Main St, New York, TX 87613"
2467,Gas Station LLC,"652 Main St, Los Angeles, AZ 38435"
2468,Clothing Store LLC,"749 Main St, Houston, TX 74204"
2469,Coffee Shop Corp,"480 Main St, Chicago, AZ 67165"
2470,Gas Station Inc,"625 Main St, New York, IL 76143"
2471,Coffee Shop Inc,"182 Main St, Chicago, TX 96806"
2472,Pharmacy Co,"651 Main St, Phoenix, AZ 36784"
2473,Clothing Store Inc,"893 Main St, Los Angeles, TX 95035"
2474,Coffee Shop Corp,"118 Main St, Houston, IL 99840"
2475,Hotel Group,"736 Main St, Chicago, NY 32214"
2476,Electronics Store Inc,"500 Main St, Chicago, NY 46628"
2477,Electronics Store Co,"614 Main St, Phoenix, NY 25147"
2478,Electronics Store Corp,"794 Main St, Houston, AZ 63285"
2479,Coffee Shop Group,"135 Main St, New York, AZ 69465"
2480,Pharmacy Co,"769 Main St, Los Angeles, TX 81815"
2481,Restaurant LLC,"846 Main St, New York, AZ 63172"
2482,Clothing Store Group,"105 Main St, Chicago, IL 54329"
2483,Grocery Store Co,"582 Main St, Los Angeles, TX 49370"
2484,Restaurant Co,"208 Main St, Houston, CA 64798"
2485,Electronics Store LLC,"179 Main St, Phoenix, NY 47295"
2486,Hotel Co,"922 Main St, Houston, TX 60871"
2487,Retail Store Group,"376 Main St, Houston, NY 23440"
2488,Restaurant LLC,"906 Main St, Los Angeles, TX 55286"
2489,Hotel Inc,"340 Main St, Chicago, IL 30157"
2490,Retail Store LLC,"892 Main St, New York, AZ 85671"
2491,Restaurant Inc,"866 Main St, Los Angeles, NY 80406"
2492,Gas Station Inc,"299 Main St, Chicago, NY 71802"
2493,Hotel LLC,"101 Main St, Los Angeles, CA 13518"
2494,Electronics Store Inc,"659 Main St, New York, NY 59033"
2495,Hotel Corp,"191 Main St, New York, CA 92911"
2496,Coffee Shop Inc,"968 Main St, Houston, IL 30729"
2497,Clothing Store Co,"976 Main St, Houston, IL 49776"
2498,Coffee Shop Group,"667 Main St, Houston, NY 37324"
2499,Pharmacy Co,"790 Main St, Phoenix, AZ 72393"
2500,Restaurant Corp,"662 Main St, Los Angeles, NY 44472"
2501,Grocery Store Inc,"212 Main St, Houston, AZ 82027"
2502,Hotel Inc,"953 Main St, Houston, TX 49043"
2503,Restaurant Group,"761 Main St, Houston, IL 20202"
2504,Hotel Inc,"618 Main St, Chicago, NY 10298"
2505,Pharmacy Inc,"558 Main St, New York, CA 22987"
2506,Hotel Corp,"645 Main St, Los Angeles, TX 26404"
2507,Gas Station LLC,"703 Main St, Houston, IL 75934"
2508,Restaurant LLC,"763 Main St, Houston, AZ 43421"
2509,Electronics Store Co,"730 Main St, Los Angeles, AZ 83775"
2510,Gas Station LLC,"790 Main St, Phoenix, TX 42492"
2511,Electronics Store LLC,"621 Main St, Phoenix, NY 87687"
2512,Coffee Shop Corp,"274 Main St, New York, IL 58217"
2513,Electronics Store LLC,"849 Main St, New York, NY 52150"
2514,Coffee Shop LLC,"260 Main St, Phoenix, AZ 93030"
2515,Grocery Store Corp,"897 Main St, New York, AZ 79245"
2516,Gas Station Group,"624 Main St, Phoenix, NY 16948"
2517,Restaurant Inc,"963 Main St, New York, AZ 33332"
2518,Restaurant Group,"975 Main St, Phoenix, AZ 38037"
2519,Retail Store LLC,"104 Main St, New York, NY 55792"
2520,Grocery Store LLC,"403 Main St, Los Angeles, CA 55665"
2521,Hotel Group,"876 Main St, Los Angeles, CA 31209"
2522,Clothing Store Group,"456 Main St, Houston, AZ 92227"
2523,Gas Station Inc,"967 Main St, Houston, TX 54896"
2524,Pharmacy Group,"586 Main St, Los Angeles, IL 28071"
2525,Gas Station Group,"766 Main St, Chicago, TX 76631"
2526,Retail Store Co,"899 Main St, Houston, NY 98371"
2527,Coffee Shop Corp,"584 Main St, Los Angeles, AZ 30651"
2528,Restaurant Inc,"995 Main St, Chicago, IL 83812"
2529,Pharmacy Co,"238 Main St, New York, NY 82956"
2530,Retail Store Corp,"332 Main St, New York, IL 67076"
2531,Grocery Store Inc,"570 Main St, Phoenix, AZ 38328"
2532,Electronics Store Co,"563 Main St, Chicago, TX 70850"
2533,Pharmacy Group,"621 Main St, Houston, CA 63262"
2534,Gas Station Inc,"984 Main St, Chicago, TX 71280"
2535,Gas Station Inc,"556 Main St, New York, TX 96973"
2536,Grocery Store Inc,"841 Main St, Phoenix, AZ 95594"
2537,Electronics Store Corp,"642 Main St, Phoenix, CA 12580"
2538,Coffee Shop Co,"377 Main St, New York, TX 73595"
2539,Pharmacy Group,"179 Main St, Houston, AZ 85834"
2540,Coffee Shop LLC,"905 Main St, Los Angeles, IL 99638"
2541,Gas Station LLC,"189 Main St, Chicago, CA 29808"
2542,Restaurant Inc,"678 Main St, Chicago, TX 36902"
2543,Clothing Store Co,"944 Main St, Phoenix, AZ 57050"
2544,Clothing Store Co,"885 Main St, Phoenix, AZ 53993"
2545,Hotel Corp,"333 Main St, New York, AZ 38462"
2546,Restaurant LLC,"460 Main St, New York, IL 97978"
2547,Gas Station Co,"198 Main St, Houston, AZ 52933"
2548,Clothing Store Corp,"286 Main St, New York, AZ 73866"
2549,Gas Station Corp,"269 Main St, Phoenix, NY 62817"
2550,Grocery Store Co,"684 Main St, Chicago, TX 65566"
2551,Gas Station Inc,"590 Main St, New York, CA 75022"
2552,Hotel Co,"802 Main St, Chicago, NY 50118"
2553,Clothing Store Inc,"714 Main St, Houston, CA 76734"
2554,Grocery Store Co,"400 Main St, Phoenix, IL 32362"
2555,Restaurant Corp,"296 Main St, Houston, AZ 24862"
2556,Electronics Store Inc,"185 Main St, Houston, IL 79327"
2557,Pharmacy Group,"917 Main St, Houston, NY 96323"
2558,Gas Station Corp,"250 Main St, Los Angeles, NY 39648"
2559,Hotel Inc,"967 Main St, Los Angeles, NY 35855"
2560,Pharmacy LLC,"315 Main St, Houston, IL 70919"
2561,Retail Store Corp,"172 Main St, New York, IL 66703"
2562,Retail Store LLC,"678 Main St, Phoenix, IL 98492"
2563,Gas Station Inc,"129 Main St, Chicago, NY 32360"
2564,Clothing Store Co,"212 Main St, Los Angeles, NY 78381"
2565,Restaurant LLC,"432 Main St, Phoenix, TX 14543"
2566,Pharmacy Group,"393 Main St, Chicago, TX 61359"
2567,Electronics Store Group,"401 Main St, New York, TX 42547"
2568,Electronics Store Co,"782 Main St, Phoenix, NY 79653"
2569,Restaurant Group,"695 Main St, Los Angeles, AZ 51395"
2570,Coffee Shop LLC,"279 Main St, Chicago, TX 40614"
2571,Pharmacy LLC,"344 Main St, Houston, TX 89266"
2572,Pharmacy LLC,"499 Main St, New York, NY 32504"
2573,Grocery Store Group,"642 Main St, Los Angeles, AZ 56864"
2574,Pharmacy Group,"924 Main St, New York, NY 96229"
2575,Coffee Shop Group,"815 Main St, Los Angeles, AZ 11071"
2576,Clothing Store LLC,"623 Main St, Chicago, AZ 84189"
2577,Clothing Store Corp,"134 Main St, Houston, AZ 96865"
2578,Electronics Store Corp,"616 Main St, Houston, CA 63397"
2579,Restaurant Group,"186 Main St, Phoenix, NY 24898"
2580,Clothing Store Inc,"619 Main St, Houston, CA 72600"
2581,Retail Store LLC,"759 Main St, Phoenix, TX 40251"
2582,Grocery Store Co,"499 Main St, Chicago, AZ 17454"
2583,Grocery Store Inc,"909 Main St, Phoenix, CA 98027"
2584,Gas Station Inc,"206 Main St, Houston, NY 53212"
2585,Gas Station LLC,"602 Main St, Los Angeles, IL 35944"
2586,Gas Station Corp,"743 Main St, Los Angeles, AZ 37525"
2587,Gas Station Co,"772 Main St, Phoenix, TX 39490"
2588,Clothing Store LLC,"297 Main St, Phoenix, IL 24009"
2589,Clothing Store Inc,"643 Main St, Phoenix, AZ 28997"
2590,Electronics Store Corp,"765 Main St, Chicago, CA 41819"
2591,Restaurant Group,"483 Main St, Chicago, TX 31621"
2592,Pharmacy Corp,"200 Main St, New York, TX 17650"
2593,Gas Station Inc,"592 Main St, Los Angeles, TX 70750"
2594,Grocery Store LLC,"390 Main St, New York, IL 15102"
2595,Coffee Shop Corp,"382 Main St, Phoenix, CA 57358"
2596,Coffee Shop Group,"129 Main St, Phoenix, NY 74318"
2597,Clothing Store Corp,"467 Main St, Los Angeles, AZ 30076"
2598,Gas Station Group,"279 Main St, Houston, AZ 60179"
2599,Coffee Shop Corp,"977 Main St, Los Angeles, TX 78256"
2600,Restaurant Corp,"942 Main St, Chicago, CA 53561"
2601,Hotel Inc,"945 Main St, New York, CA 24479"
2602,Grocery Store Inc,"247 Main St, Houston, NY 93060"
2603,Gas Station Co,"796 Main St, Los Angeles, NY 76641"
2604,Coffee Shop Co,"936 Main St, Los Angeles, CA 72727"
2605,Retail Store Inc,"775 Main St, New York, TX 51753"
2606,Retail Store Co,"307 Main St, Phoenix, AZ 61138"
2607,Hotel Co,"170 Main St, Chicago, CA 72654"
2608,Coffee Shop Co,"867 Main St, Phoenix, IL 73127"
2609,Grocery Store Co,"592 Main St, Chicago, IL 51340"
2610,Hotel LLC,"230 Main St, New York, CA 68993"
2611,Restaurant Inc,"693 Main St, New York, CA 51895"
2612,Grocery Store Co,"657 Main St, Chicago, CA 21110"
2613,Gas Station Corp,"276 Main St, Houston, IL 75726"
2614,Restaurant Co,"745 Main St, Houston, CA 51961"
2615,Gas Station Group,"472 Main St, Phoenix, NY 60713"
2616,Hotel Inc,"332 Main St, Phoenix, CA 99991"
2617,Clothing Store Inc,"856 Main St, Chicago, CA 57975"
2618,Hotel LLC,"716 Main St, New York, TX 61342"
2619,Gas Station LLC,"637 Main St, Los Angeles, TX 17247"
2620,Grocery Store LLC,"101 Main St, Phoenix, NY 80850"
2621,Pharmacy Corp,"698 Main St, New York, IL 75012"
2622,Gas Station Co,"624 Main St, New York, IL 90672"
2623,Electronics Store LLC,"520 Main St, New York, IL 84252"
2624,Clothing Store Inc,"793 Main St, Houston, IL 68692"
2625,Clothing Store LLC,"580 Main St, Los Angeles, CA 48000"
2626,Coffee Shop Corp,"456 Main St, Chicago, NY 42452"
2627,Grocery Store Corp,"587 Main St, Houston, CA 10030"
2628,Electronics Store Group,"184 Main St, Houston, IL 67025"
2629,Retail Store Co,"520 Main St, Chicago, TX 20866"
2630,Clothing Store LLC,"821 Main St, Los Angeles, TX 64236"
2631,Hotel Corp,"560 Main St, Chicago, TX 91722"
2632,Pharmacy Corp,"894 Main St, Los Angeles, IL 11820"
2633,Grocery Store LLC,"276 Main St, Houston, TX 67114"
2634,Grocery Store LLC,"383 Main St, Los Angeles, AZ 35571"
2635,Restaurant LLC,"316 Main St, Phoenix, IL 69854"
2636,Coffee Shop Co,"587 Main St, Chicago, TX 94315"
2637,Pharmacy Group,"385 Main St, Houston, CA 88004"
2638,Retail Store LLC,"333 Main St, Los Angeles, AZ 73581"
2639,Coffee Shop Co,"287 Main St, Los Angeles, NY 91703"
2640,Grocery Store Co,"785 Main St, Phoenix, IL 77981"
2641,Electronics Store Corp,"478 Main St, New York, IL 82841"
2642,Pharmacy Corp,"362 Main St, Phoenix, AZ 84703"
2643,Hotel Co,"498 Main St, Los Angeles, TX 25488"
2644,Pharmacy Group,"634 Main St, Los Angeles, IL 31463"
2645,Clothing Store Corp,"368 Main St, New York, IL 20214"
2646,Gas Station Inc,"704 Main St, Los Angeles, CA 53750"
2647,Restaurant Co,"941 Main St, Phoenix, CA 73961"
2648,Restaurant Co,"460 Main St, Chicago, IL 99942"
2649,Restaurant Co,"232 Main St, Chicago, IL 13672"
2650,Pharmacy Inc,"863 Main St, Phoenix, IL 31690"
2651,Electronics Store Group,"261 Main St, Houston, TX 88665"
2652,Gas Station Corp,"649 Main St, Houston, AZ 41084"
2653,Clothing Store LLC,"991 Main St, Houston, AZ 80017"
2654,Electronics Store Corp,"805 Main St, New York, NY 54086"
2655,Grocery Store Inc,"247 Main St, Houston, IL 12621"
2656,Gas Station Inc,"985 Main St, Los Angeles, CA 40434"
2657,Coffee Shop Group,"695 Main St, Chicago, IL 26174"
2658,Hotel Corp,"318 Main St, Phoenix, IL 59186"
2659,Pharmacy Corp,"528 Main St, New York, TX 65472"
2660,Pharmacy Inc,"619 Main St, Los Angeles, IL 97456"
2661,Coffee Shop Co,"573 Main St, Houston, IL 96178"
2662,Retail Store Group,"986 Main St, Phoenix, IL 14485"
2663,Electronics Store Inc,"359 Main St, Houston, CA 64395"
2664,Grocery Store Group,"382 Main St, Chicago, NY 12761"
2665,Electronics Store Group,"701 Main St, New York, CA 74480"
2666,Clothing Store Group,"168 Main St, New York, IL 54628"
2667,Grocery Store Co,"456 Main St, Chicago, CA 23555"
2668,Hotel Group,"589 Main St, Los Angeles, CA 77864"
2669,Electronics Store Group,"549 Main St, Phoenix, NY 50123"
2670,Clothing Store Group,"493 Main St, New York, IL 20512"
2671,Hotel Co,"687 Main St, Chicago, NY 95498"
2672,Gas Station Group,"939 Main St, Los Angeles, AZ 22632"
2673,Gas Station Inc,"674 Main St, New York, IL 52081"
2674,Coffee Shop Inc,"531 Main St, Los Angeles, TX 24860"
2675,Hotel Co,"296 Main St, Houston, CA 66556"
2676,Coffee Shop Inc,"754 Main St, Chicago, AZ 70345"
2677,Restaurant Co,"747 Main St, Phoenix, CA 25455"
2678,Coffee Shop LLC,"786 Main St, Phoenix, CA 15650"
2679,Restaurant Inc,"749 Main St, New York, TX 62135"
2680,Pharmacy Group,"724 Main St, Phoenix, NY 49404"
2681,Restaurant Co,"961 Main St, Los Angeles, CA 30501"
2682,Grocery Store Inc,"785 Main St, Los Angeles, TX 22792"
2683,Coffee Shop Corp,"817 Main St, New York, CA 72495"
2684,Retail Store Corp,"759 Main St, Los Angeles, AZ 35350"
2685,Gas Station Corp,"386 Main St, Houston, AZ 89227"
2686,Gas Station Co,"407 Main St, Houston, TX 23293"
2687,Clothing Store Co,"386 Main St, Los Angeles, NY 10131"
2688,Pharmacy Inc,"436 Main St, Los Angeles, IL 11449"
2689,Restaurant Corp,"809 Main St, Houston, TX 76429"
2690,Grocery Store Inc,"299 Main St, Houston, NY 43451"
2691,Restaurant Group,"239 Main St, Chicago, NY 58241"
2692,Gas Station Co,"891 Main St, Phoenix, TX 40012"
2693,Pharmacy Corp,"246 Main St, Phoenix, NY 51486"
2694,Pharmacy LLC,"498 Main St, Chicago, NY 91051"
2695,Pharmacy Co,"519 Main St, Houston, CA 60638"
2696,Hotel LLC,"745 Main St, Houston, TX 15367"
2697,Hotel Group,"570 Main St, Los Angeles, IL 24116"
2698,Restaurant Inc,"661 Main St, Los Angeles, IL 63027"
2699,Gas Station Co,"336 Main St, Phoenix, NY 27261"
2700,Grocery Store LLC,"666 Main St, Los Angeles, IL 87609"
2701,Clothing Store Co,"483 Main St, Chicago, CA 38092"
2702,Retail Store Co,"620 Main St, Chicago, TX 12166"
2703,Pharmacy Co,"976 Main St, Los Angeles, NY 17237"
2704,Coffee Shop Co,"710 Main St, Houston, IL 94134"
2705,Clothing Store LLC,"755 Main St, Chicago, AZ 70566"
2706,Electronics Store Group,"667 Main St, Chicago, AZ 56667"
2707,Restaurant Inc,"729 Main St, Phoenix, NY 56890"
2708,Restaurant Inc,"741 Main St, Los Angeles, NY 53034"
2709,Grocery Store Co,"908 Main St, Chicago, NY 22615"
2710,Electronics Store Inc,"778 Main St, Phoenix, CA 67327"
2711,Gas Station LLC,"548 Main St, Chicago, NY 37017"
2712,Coffee Shop Corp,"210 Main St, Chicago, AZ 69685"
2713,Gas Station LLC,"983 Main St, Chicago, CA 63606"
2714,Hotel Corp,"736 Main St, Houston, TX 88203"
2715,Electronics Store Co,"442 Main St, New York, AZ 48915"
2716,Grocery Store LLC,"501 Main St, Chicago, NY 30406"
2717,Coffee Shop Group,"261 Main St, New York, CA 73637"
2718,Hotel Co,"507 Main St, Houston, AZ 63272"
2719,Restaurant Inc,"950 Main St, Phoenix, CA 51324"
2720,Pharmacy Inc,"602 Main St, Chicago, NY 64255"
2721,Gas Station Co,"204 Main St, New York, TX 60003"
2722,Hotel Group,"905 Main St, Chicago, CA 18176"
2723,Clothing Store Inc,"145 Main St, Chicago, TX 18397"
2724,Gas Station LLC,"134 Main St, Chicago, TX 31694"
2725,Gas Station Co,"700 Main St, New York, AZ 67274"
2726,Clothing Store LLC,"574 Main St, New York, CA 12491"
2727,Hotel Group,"185 Main St, New York, TX 41533"
2728,Gas Station Inc,"250 Main St, Phoenix, CA 53488"
2729,Hotel Inc,"463 Main St, Los Angeles, IL 15688"
2730,Restaurant Group,"490 Main St, Phoenix, CA 53813"
2731,Electronics Store LLC,"714 Main St, New York, IL 51676"
2732,Grocery Store Group,"319 Main St, Houston, IL 75715"
2733,Coffee Shop LLC,"611 Main St, Phoenix, IL 19181"
2734,Clothing Store Group,"552 Main St, Chicago, IL 39869"
2735,Coffee Shop LLC,"957 Main St, Los Angeles, TX 43306"
2736,Electronics Store Group,"143 Main St, New York, NY 95208"
2737,Gas Station Co,"910 Main St, Phoenix, CA 94182"
2738,Electronics Store Corp,"419 Main St, Los Angeles, IL 22809"
2739,Clothing Store Corp,"950 Main St, Houston, CA 62874"
2740,Clothing Store Group,"973 Main St, Phoenix, NY 44972"
2741,Clothing Store Co,"529 Main St, Houston, IL 68821"
2742,Restaurant Group,"520 Main St, Chicago, IL 89485"
2743,Coffee Shop Co,"735 Main St, Houston, IL 55542"
2744,Coffee Shop Group,"480 Main St, New York, AZ 18606"
2745,Coffee Shop Inc,"129 Main St, Houston, AZ 54999"
2746,Electronics Store Corp,"988 Main St, Houston, AZ 87898"
2747,Coffee Shop LLC,"783 Main St, New York, IL 29619"
2748,Pharmacy Inc,"369 Main St, Houston, AZ 18999"
2749,Restaurant Group,"960 Main St, Houston, NY 30050"
2750,Electronics Store Group,"866 Main St, Houston, AZ 72218"
2751,Hotel Group,"174 Main St, Chicago, CA 29556"
2752,Coffee Shop Corp,"245 Main St, New York, NY 76524"
2753,Clothing Store Corp,"508 Main St, Los Angeles, NY 42414"
2754,Electronics Store LLC,"751 Main St, Houston, NY 59104"
2755,Coffee Shop Corp,"185 Main St, New York, AZ 59741"
2756,Retail Store Inc,"679 Main St, Phoenix, NY 56978"
2757,Clothing Store Corp,"361 Main St, Phoenix, CA 14237"
2758,Pharmacy Inc,"952 Main St, Houston, CA 83374"
2759,Restaurant LLC,"630 Main St, New York, AZ 18950"
2760,Coffee Shop Corp,"710 Main St, Chicago, TX 58218"
2761,Coffee Shop Co,"705 Main St, Houston, NY 91882"
2762,Gas Station Inc,"744 Main St, New York, IL 14174"
2763,Restaurant LLC,"860 Main St, Houston, IL 72738"
2764,Restaurant Co,"581 Main St, Chicago, IL 50568"
2765,Electronics Store Co,"294 Main St, Los Angeles, NY 84817"
2766,Hotel Inc,"311 Main St, Phoenix, IL 19019"
2767,Gas Station Corp,"874 Main St, Los Angeles, TX 94641"
2768,Grocery Store Inc,"431 Main St, Phoenix, IL 94837"
2769,Pharmacy Group,"399 Main St, Houston, IL 30644"
2770,Hotel Group,"406 Main St, Houston, IL 69914"
2771,Coffee Shop LLC,"791 Main St, Los Angeles, IL 88251"
2772,Grocery Store Co,"911 Main St, Houston, AZ 50737"
2773,Gas Station Co,"881 Main St, Houston, IL 91900"
2774,Clothing Store Co,"766 Main St, Chicago, IL 55859"
2775,Clothing Store Inc,"685 Main St, Phoenix, NY 12047"
2776,Retail Store Group,"408 Main St, New York, TX 67541"
2777,Pharmacy Corp,"608 Main St, New York, CA 22339"
2778,Restaurant LLC,"287 Main St, Chicago, CA 20148"
2779,Coffee Shop Group,"267 Main St, New York, AZ 31000"
2780,Hotel Inc,"792 Main St, Houston, TX 99845"
2781,Clothing Store LLC,"745 Main St, Houston, IL 15744"
2782,Gas Station Co,"579 Main St, Houston, AZ 86924"
2783,Pharmacy Group,"377 Main St, New York, CA 43984"
2784,Grocery Store Co,"881 Main St, Houston, IL 92569"
2785,Pharmacy LLC,"793 Main St, Los Angeles, IL 42858"
2786,Hotel Group,"658 Main St, Phoenix, IL 10639"
2787,Grocery Store LLC,"736 Main St, Chicago, NY 89280"
2788,Electronics Store Inc,"225 Main St, Phoenix, NY 15919"
2789,Electronics Store Group,"604 Main St, New York, AZ 33657"
2790,Hotel Group,"144 Main St, Phoenix, CA 33526"
2791,Pharmacy LLC,"749 Main St, Los Angeles, CA 50137"
2792,Hotel Co,"112 Main St, New York, NY 88476"
2793,Electronics Store Group,"708 Main St, New York, TX 91695"
2794,Gas Station Inc,"983 Main St, Chicago, CA 68599"
2795,Restaurant Co,"748 Main St, Chicago, CA 41924"
2796,Pharmacy Inc,"704 Main St, Los Angeles, AZ 97519"
2797,Gas Station Inc,"990 Main St, Houston, CA 88577"
2798,Hotel Inc,"137 Main St, Los Angeles, AZ 85895"
2799,Retail Store Co,"661 Main St, Chicago, AZ 12722"
2800,Restaurant Inc,"216 Main St, Houston, IL 20613"
2801,Hotel Co,"427 Main St, New York, NY 41803"
2802,Electronics Store Corp,"170 Main St, Houston, NY 28840"
2803,Hotel Inc,"620 Main St, Chicago, TX 50283"
2804,Gas Station Group,"764 Main St, Phoenix, IL 32273"
2805,Hotel Corp,"229 Main St, Los Angeles, IL 13035"
2806,Clothing Store Inc,"306 Main St, Phoenix, NY 60359"
2807,Hotel Group,"280 Main St, Chicago, TX 96653"
2808,Grocery Store Co,"489 Main St, Phoenix, TX 66292"
2809,Pharmacy Inc,"960 Main St, Phoenix, TX 33784"
2810,Electronics Store LLC,"340 Main St, Phoenix, IL 99206"
2811,Hotel Corp,"480 Main St, Los Angeles, IL 39914"
2812,Retail Store Group,"684 Main St, Phoenix, NY 28593"
2813,Pharmacy Inc,"174 Main St, Phoenix, NY 21189"
2814,Clothing Store Inc,"949 Main St, Chicago, AZ 95236"
2815,Restaurant Corp,"929 Main St, Houston, CA 93168"
2816,Electronics Store Co,"626 Main St, Chicago, CA 14045"
2817,Grocery Store Group,"200 Main St, Los Angeles, TX 78145"
2818,Coffee Shop LLC,"321 Main St, Houston, IL 24662"
2819,Coffee Shop Corp,"825 Main St, Los Angeles, IL 96641"
2820,Retail Store Inc,"688 Main St, Houston, TX 58655"
2821,Pharmacy Group,"401 Main St, New York, TX 16427"
2822,Pharmacy Co,"989 Main St, New York, IL 10720"
2823,Gas Station Group,"930 Main St, New York, AZ 88285"
2824,Coffee Shop LLC,"439 Main St, Houston, NY 97645"
2825,Pharmacy Inc,"658 Main St, Houston, TX 47723"
2826,Restaurant LLC,"586 Main St, Phoenix, TX 43805"
2827,Clothing Store Corp,"283 Main St, Los Angeles, CA 49824"
2828,Electronics Store Co,"847 Main St, Phoenix, NY 69459"
2829,Clothing Store Group,"945 Main St, Chicago, AZ 85269"
2830,Clothing Store Inc,"478 Main St, Los Angeles, CA 14254"
2831,Electronics Store Corp,"149 Main St, New York, NY 82709"
2832,Restaurant Corp,"328 Main St, Phoenix, AZ 29359"
2833,Coffee Shop Group,"358 Main St, Phoenix, NY 66366"
2834,Pharmacy Inc,"516 Main St, Phoenix, NY 62261"
2835,Gas Station LLC,"694 Main St, Houston, CA 61539"
2836,Hotel Inc,"786 Main St, Chicago, NY 42914"
2837,Grocery Store Group,"956 Main St, Houston, TX 33221"
2838,Electronics Store LLC,"889 Main St, Chicago, AZ 60007"
2839,Coffee Shop LLC,"604 Main St, Houston, TX 70458"
2840,Retail Store Corp,"749 Main St, New York, IL 68615"
2841,Grocery Store LLC,"727 Main St, Chicago, TX 57497"
2842,Pharmacy Inc,"648 Main St, Chicago, NY 63460"
2843,Hotel Co,"281 Main St, Phoenix, IL 69716"
2844,Hotel Co,"295 Main St, New York, AZ 14155"
2845,Retail Store Inc,"943 Main St, New York, CA 92413"
2846,Pharmacy Co,"893 Main St, New York, CA 45478"
2847,Gas Station Co,"956 Main St, Houston, NY 12035"
2848,Clothing Store Group,"178 Main St, New York, TX 91946"
2849,Retail Store Corp,"574 Main St, Chicago, IL 77734"
2850,Pharmacy Corp,"282 Main St, Chicago, TX 22573"
2851,Coffee Shop Corp,"331 Main St, Los Angeles, TX 49915"
2852,Electronics Store Inc,"443 Main St, Chicago, AZ 16608"
2853,Grocery Store LLC,"181 Main St, Los Angeles, NY 35946"
2854,Retail Store Group,"101 Main St, Phoenix, NY 58288"
2855,Pharmacy Inc,"718 Main St, Los Angeles, TX 30559"
2856,Grocery Store Co,"538 Main St, Phoenix, TX 90047"
2857,Grocery Store Inc,"669 Main St, Houston, TX 62207"
2858,Pharmacy Group,"626 Main St, Houston, AZ 83098"
2859,Hotel Group,"923 Main St, Los Angeles, CA 54077"
2860,Electronics Store Co,"394 Main St, Chicago, CA 62195"
2861,Pharmacy Corp,"540 Main St, Los Angeles, AZ 48225"
2862,Retail Store Corp,"578 Main St, Chicago, AZ 56534"
2863,Coffee Shop Group,"851 Main St, Houston, TX 90588"
2864,Gas Station Co,"883 Main St, Houston, IL 39531"
2865,Grocery Store LLC,"627 Main St, Chicago, NY 67232"
2866,Clothing Store Group,"870 Main St, Houston, TX 57349"
2867,Restaurant LLC,"460 Main St, Los Angeles, AZ 12703"
2868,Gas Station LLC,"778 Main St, Houston, NY 30211"
2869,Hotel Inc,"893 Main St, Chicago, IL 52039"
2870,Clothing Store LLC,"548 Main St, Chicago, IL 72247"
2871,Restaurant Group,"813 Main St, Phoenix, IL 55750"
2872,Gas Station Co,"805 Main St, Houston, IL 18512"
2873,Hotel Corp,"814 Main St, Phoenix, TX 57919"
2874,Coffee Shop Co,"238 Main St, Los Angeles, CA 47758"
2875,Hotel Corp,"588 Main St, Los Angeles, IL 40214"
2876,Gas Station Corp,"799 Main St, Houston, CA 62798"
2877,Pharmacy LLC,"403 Main St, Chicago, TX 34184"
2878,Hotel LLC,"917 Main St, Los Angeles, AZ 45348"
2879,Coffee Shop Corp,"565 Main St, Los Angeles, TX 27760"
2880,Clothing Store Co,"951 Main St, New York, NY 99064"
2881,Clothing Store Co,"495 Main St, Houston, CA 94073"
2882,Electronics Store Co,"265 Main St, Los Angeles, CA 79047"
2883,Pharmacy Inc,"970 Main St, Chicago, CA 17823"
2884,Pharmacy Corp,"658 Main St, Los Angeles, TX 73838"
2885,Clothing Store Co,"867 Main St, Chicago, TX 48938"
2886,Electronics Store Group,"806 Main St, Phoenix, AZ 80983"
2887,Electronics Store Corp,"325 Main St, Chicago, CA 86043"
2888,Gas Station LLC,"198 Main St, Los Angeles, IL 44911"
2889,Electronics Store Inc,"970 Main St, Phoenix, TX 47172"
2890,Restaurant Group,"885 Main St, Chicago, AZ 32807"
2891,Coffee Shop Corp,"575 Main St, Houston, IL 65630"
2892,Coffee Shop LLC,"159 Main St, New York, AZ 29675"
2893,Grocery Store LLC,"544 Main St, Houston, CA 85871"
2894,Pharmacy Group,"173 Main St, Chicago, CA 35133"
2895,Gas Station Group,"212 Main St, Chicago, NY 31134"
2896,Clothing Store Co,"533 Main St, Los Angeles, AZ 32827"
2897,Clothing Store Inc,"410 Main St, New York, IL 56214"
2898,Hotel Co,"342 Main St, Los Angeles, TX 57324"
2899,Retail Store Inc,"497 Main St, New York, CA 99524"
2900,Coffee Shop Inc,"669 Main St, Houston, NY 87658"
2901,Restaurant Group,"794 Main St, Phoenix, CA 86243"
2902,Retail Store Corp,"931 Main St, Chicago, IL 69831"
2903,Pharmacy LLC,"384 Main St, Phoenix, AZ 18932"
2904,Retail Store LLC,"735 Main St, Chicago, CA 90809"
2905,Pharmacy Group,"700 Main St, Los Angeles, AZ 70116"
2906,Electronics Store Inc,"788 Main St, Chicago, IL 55466"
2907,Restaurant Co,"959 Main St, Los Angeles, AZ 91986"
2908,Pharmacy LLC,"873 Main St, Chicago, IL 68565"
2909,Gas Station Corp,"166 Main St, Phoenix, CA 33449"
2910,Grocery Store Corp,"499 Main St, Chicago, AZ 36907"
2911,Pharmacy Group,"224 Main St, Phoenix, CA 90013"
2912,Coffee Shop Inc,"836 Main St, New York, IL 61836"
2913,Restaurant Group,"402 Main St, New York, AZ 87624"
2914,Gas Station Corp,"705 Main St, Los Angeles, NY 94418"
2915,Coffee Shop LLC,"765 Main St, New York, TX 88323"
2916,Grocery Store Inc,"391 Main St, Los Angeles, CA 56221"
2917,Restaurant Group,"436 Main St, Houston, CA 47681"
2918,Retail Store LLC,"662 Main St, Houston, NY 54568"
2919,Retail Store Group,"349 Main St, Chicago, AZ 95400"
2920,Restaurant LLC,"237 Main St, Houston, IL 71704"
2921,Electronics Store Group,"980 Main St, Houston, IL 28394"
2922,Restaurant Co,"316 Main St, Chicago, TX 94000"
2923,Coffee Shop Corp,"853 Main St, Chicago, IL 12491"
2924,Hotel Co,"232 Main St, Houston, IL 97663"
2925,Gas Station Group,"550 Main St, New York, NY 87687"
2926,Electronics Store Corp,"834 Main St, Los Angeles, NY 62414"
2927,Retail Store Corp,"924 Main St, Chicago, AZ 90279"
2928,Gas Station LLC,"246 Main St, Houston, TX 87897"
2929,Gas Station Corp,"220 Main St, Houston, NY 82307"
2930,Clothing Store Co,"476 Main St, New York, TX 33351"
2931,Electronics Store Group,"140 Main St, Chicago, AZ 38742"
2932,Pharmacy Group,"720 Main St, Chicago, TX 11126"
2933,Retail Store Co,"869 Main St, Phoenix, NY 48363"
2934,Restaurant Co,"164 Main St, Phoenix, AZ 47791"
2935,Grocery Store LLC,"437 Main St, Chicago, TX 13843"
2936,Coffee Shop LLC,"293 Main St, Chicago, IL 65464"
2937,Hotel Co,"811 Main St, Houston, NY 85867"
2938,Hotel Co,"441 Main St, Houston, AZ 95406"
2939,Restaurant Group,"537 Main St, Chicago, IL 29649"
2940,Hotel Group,"208 Main St, New York, TX 37782"
2941,Coffee Shop LLC,"474 Main St, New York, IL 11192"
2942,Electronics Store Inc,"541 Main St, Chicago, TX 42154"
2943,Pharmacy Corp,"218 Main St, Phoenix, AZ 72669"
2944,Gas Station LLC,"890 Main St, Los Angeles, CA 51909"
2945,Gas Station Corp,"724 Main St, Phoenix, AZ 15621"
2946,Pharmacy Inc,"664 Main St, Houston, TX 26128"
2947,Hotel Inc,"849 Main St, Chicago, IL 47764"
2948,Hotel Co,"641 Main St, Chicago, AZ 78090"
2949,Electronics Store Corp,"827 Main St, Houston, NY 57109"
2950,Electronics Store LLC,"369 Main St, Houston, NY 73856"
2951,Electronics Store Inc,"882 Main St, Los Angeles, TX 85512"
2952,Retail Store LLC,"673 Main St, Los Angeles, NY 73727"
2953,Hotel Group,"858 Main St, Chicago, IL 19447"
2954,Electronics Store Co,"882 Main St, Phoenix, TX 20866"
2955,Hotel Co,"582 Main St, Phoenix, TX 34075"
2956,Hotel Inc,"297 Main St, New York, AZ 72460"
2957,Pharmacy Corp,"164 Main St, Phoenix, IL 88116"
2958,Coffee Shop Group,"888 Main St, New York, CA 86626"
2959,Grocery Store LLC,"943 Main St, Houston, AZ 85900"
2960,Gas Station Inc,"133 Main St, New York, NY 94889"
2961,Gas Station Co,"365 Main St, Chicago, AZ 76301"
2962,Pharmacy Corp,"939 Main St, Houston, AZ 46988"
2963,Coffee Shop LLC,"173 Main St, Houston, CA 37568"
2964,Retail Store Co,"904 Main St, New York, TX 89582"
2965,Gas Station Co,"748 Main St, Los Angeles, CA 88780"
2966,Retail Store Group,"666 Main St, Houston, CA 69084"
2967,Electronics Store Inc,"423 Main St, Phoenix, NY 68885"
2968,Retail Store Corp,"409 Main St, Chicago, NY 95619"
2969,Restaurant Inc,"659 Main St, Los Angeles, NY 65354"
2970,Coffee Shop Inc,"201 Main St, Chicago, TX 89082"
2971,Hotel Co,"894 Main St, Chicago, CA 88387"
2972,Pharmacy LLC,"301 Main St, Los Angeles, TX 84427"
2973,Pharmacy Group,"721 Main St, Chicago, NY 57225"
2974,Gas Station Co,"214 Main St, Houston, TX 35348"
2975,Clothing Store LLC,"825 Main St, New York, TX 23926"
2976,Hotel Co,"585 Main St, Phoenix, NY 46811"
2977,Grocery Store Group,"343 Main St, New York, TX 26615"
2978,Electronics Store Corp,"611 Main St, Phoenix, AZ 21613"
2979,Hotel Co,"414 Main St, New York, TX 63216"
2980,Restaurant Co,"745 Main St, Phoenix, TX 15327"
2981,Clothing Store LLC,"301 Main St, New York, NY 58106"
2982,Gas Station LLC,"842 Main St, New York, TX 72468"
2983,Coffee Shop Corp,"728 Main St, Chicago, AZ 46976"
2984,Electronics Store Corp,"590 Main St, Phoenix, AZ 40218"
2985,Hotel Group,"214 Main St, Los Angeles, CA 44043"
2986,Pharmacy Inc,"667 Main St, New York, NY 68324"
2987,Clothing Store Co,"626 Main St, Houston, NY 79965"
2988,Electronics Store Group,"184 Main St, Chicago, AZ 58080"
2989,Gas Station Inc,"108 Main St, Chicago, NY 11246"
2990,Electronics Store Group,"965 Main St, Los Angeles, AZ 58186"
2991,Coffee Shop Co,"642 Main St, New York, IL 45293"
2992,Restaurant LLC,"493 Main St, Los Angeles, AZ 25321"
2993,Restaurant Corp,"270 Main St, New York, CA 46127"
2994,Hotel Inc,"645 Main St, Chicago, TX 90248"
2995,Coffee Shop Inc,"260 Main St, Los Angeles, TX 19126"
2996,Clothing Store Inc,"114 Main St, Houston, IL 57199"
2997,Restaurant Group,"757 Main St, Chicago, CA 63768"
2998,Electronics Store Corp,"143 Main St, Phoenix, NY 23278"
2999,Hotel Inc,"874 Main St, Los Angeles, CA 37332"
3000,Clothing Store Group,"899 Main St, Phoenix, CA 81216"
3001,Clothing Store Group,"841 Main St, Chicago, CA 92603"
3002,Grocery Store Corp,"586 Main St, New York, CA 43089"
3003,Retail Store Corp,"730 Main St, Chicago, CA 80125"
3004,Electronics Store Co,"150 Main St, Chicago, NY 23259"
3005,Electronics Store Co,"986 Main St, Chicago, TX 74500"
3006,Gas Station Inc,"330 Main St, New York, IL 45334"
3007,Gas Station Corp,"419 Main St, New York, AZ 40974"
3008,Hotel Group,"128 Main St, Phoenix, TX 67314"
3009,Hotel Group,"443 Main St, Chicago, AZ 76733"
3010,Retail Store Corp,"806 Main St, Houston, TX 80116"
3011,Hotel LLC,"526 Main St, Phoenix, CA 76931"
3012,Hotel Group,"413 Main St, Houston, AZ 85657"
3013,Pharmacy Group,"164 Main St, New York, NY 73010"
3014,Pharmacy LLC,"113 Main St, Houston, CA 67203"
3015,Gas Station Group,"153 Main St, Phoenix, TX 72177"
3016,Grocery Store LLC,"376 Main St, Houston, TX 73671"
3017,Clothing Store LLC,"119 Main St, Houston, AZ 28576"
3018,Electronics Store Corp,"815 Main St, Phoenix, TX 49083"
3019,Hotel Inc,"735 Main St, Los Angeles, AZ 93560"
3020,Gas Station Group,"567 Main St, Houston, AZ 23274"
3021,Retail Store Group,"741 Main St, Phoenix, AZ 21172"
3022,Retail Store Corp,"752 Main St, Phoenix, NY 31836"
3023,Coffee Shop Corp,"286 Main St, Chicago, CA 76851"
3024,Gas Station Group,"914 Main St, Houston, AZ 33693"
3025,Electronics Store LLC,"139 Main St, New York, CA 55953"
3026,Retail Store Group,"466 Main St, New York, TX 98070"
3027,Pharmacy Inc,"408 Main St, Phoenix, AZ 37194"
3028,Restaurant Co,"865 Main St, Phoenix, TX 97391"
3029,Hotel Inc,"164 Main St, Phoenix, CA 84890"
3030,Electronics Store Corp,"604 Main St, Chicago, CA 84786"
3031,Clothing Store Group,"292 Main St, Houston, IL 57648"
3032,Electronics Store Co,"234 Main St, Los Angeles, IL 63532"
3033,Hotel Corp,"920 Main St, New York, TX 35295"
3034,Retail Store Co,"416 Main St, Los Angeles, NY 85048"
3035,Electronics Store Inc,"274 Main St, Los Angeles, TX 72062"
3036,Gas Station Co,"511 Main St, Houston, NY 19595"
3037,Hotel Co,"159 Main St, Houston, NY 23399"
3038,Restaurant LLC,"999 Main St, Los Angeles, IL 86319"
3039,Gas Station Group,"403 Main St, Chicago, CA 28357"
3040,Coffee Shop LLC,"884 Main St, Los Angeles, AZ 83025"
3041,Coffee Shop Co,"210 Main St, New York, TX 24995"
3042,Hotel Inc,"256 Main St, Houston, TX 34957"
3043,Coffee Shop Co,"607 Main St, New York, TX 91510"
3044,Coffee Shop Group,"581 Main St, Phoenix, NY 86309"
3045,Electronics Store Corp,"504 Main St, Los Angeles, IL 20840"
3046,Retail Store Co,"562 Main St, Phoenix, CA 10766"
3047,Grocery Store Corp,"597 Main St, Los Angeles, TX 19435"
3048,Grocery Store Group,"381 Main St, Los Angeles, IL 91172"
3049,Pharmacy Corp,"415 Main St, Phoenix, NY 34321"
3050,Retail Store Co,"435 Main St, Houston, CA 90857"
3051,Clothing Store Inc,"737 Main St, New York, CA 27228"
3052,Pharmacy Corp,"560 Main St, Los Angeles, AZ 86311"
3053,Grocery Store LLC,"814 Main St, Houston, CA 95524"
3054,Grocery Store Group,"202 Main St, Chicago, CA 78180"
3055,Grocery Store LLC,"147 Main St, Houston, AZ 90297"
3056,Gas Station Co,"529 Main St, Los Angeles, IL 42162"
3057,Grocery Store Inc,"216 Main St, Phoenix, AZ 90210"
3058,Clothing Store LLC,"512 Main St, Houston, CA 95451"
3059,Retail Store Co,"678 Main St, Los Angeles, TX 98188"
3060,Pharmacy Group,"994 Main St, New York, TX 90488"
3061,Hotel Co,"901 Main St, New York, AZ 79674"
3062,Electronics Store Inc,"337 Main St, Los Angeles, IL 91361"
3063,Clothing Store LLC,"760 Main St, Chicago, TX 85173"
3064,Gas Station Inc,"786 Main St, Houston, IL 47941"
3065,Restaurant Corp,"357 Main St, Chicago, NY 69901"
3066,Coffee Shop Co,"234 Main St, New York, TX 89769"
3067,Clothing Store Inc,"103 Main St, Chicago, NY 39939"
3068,Clothing Store Co,"405 Main St, Chicago, NY 17771"
3069,Coffee Shop LLC,"586 Main St, Chicago, NY 78292"
3070,Gas Station Co,"230 Main St, Phoenix, NY 55876"
3071,Retail Store LLC,"840 Main St, Houston, TX 74721"
3072,Restaurant Group,"349 Main St, Phoenix, AZ 56256"
3073,Clothing Store Corp,"580 Main St, Phoenix, TX 24886"
3074,Gas Station Corp,"956 Main St, Phoenix, CA 54571"
3075,Gas Station Inc,"139 Main St, Phoenix, AZ 36942"
3076,Electronics Store Co,"829 Main St, Los Angeles, IL 62349"
3077,Retail Store LLC,"274 Main St, Chicago, NY 82674"
3078,Coffee Shop LLC,"451 Main St, Chicago, TX 15036"
3079,Electronics Store Inc,"530 Main St, Phoenix, AZ 41407"
3080,Retail Store Co,"411 Main St, Los Angeles, AZ 85696"
3081,Retail Store LLC,"539 Main St, Houston, CA 69154"
3082,Electronics Store Co,"937 Main St, Houston, NY 35455"
3083,Gas Station LLC,"467 Main St, New York, IL 72073"
3084,Pharmacy Corp,"442 Main St, Chicago, TX 52574"
3085,Coffee Shop Corp,"969 Main St, Houston, TX 15196"
3086,Restaurant Corp,"630 Main St, Chicago, CA 50867"
3087,Electronics Store Inc,"730 Main St, Houston, IL 56860"
3088,Retail Store Co,"752 Main St, Houston, IL 94937"
3089,Restaurant Co,"116 Main St, Chicago, AZ 87371"
3090,Retail Store Corp,"691 Main St, Phoenix, CA 93140"
3091,Gas Station Corp,"357 Main St, Phoenix, AZ 45247"
3092,Clothing Store Inc,"103 Main St, New York, NY 72107"
3093,Electronics Store LLC,"418 Main St, Chicago, NY 11840"
3094,Hotel Co,"371 Main St, Phoenix, IL 57846"
3095,Grocery Store Corp,"376 Main St, New York, NY 47896"
3096,Clothing Store Co,"709 Main St, Phoenix, TX 15750"
3097,Electronics Store Co,"456 Main St, Chicago, CA 81959"
3098,Pharmacy LLC,"574 Main St, Los Angeles, TX 83356"
3099,Grocery Store LLC,"884 Main St, Chicago, TX 19503"
3100,Pharmacy LLC,"177 Main St, Chicago, NY 89933"
3101,Hotel Group,"168 Main St, Houston, CA 86267"
3102,Grocery Store Inc,"232 Main St, New York, NY 86219"
3103,Restaurant LLC,"123 Main St, Chicago, AZ 51988"
3104,Gas Station Inc,"671 Main St, Houston, NY 93161"
3105,Pharmacy LLC,"424 Main St, Houston, AZ 50579"
3106,Electronics Store Corp,"176 Main St, New York, NY 55056"
3107,Gas Station Co,"488 Main St, Phoenix, AZ 28553"
3108,Electronics Store LLC,"908 Main St, Houston, CA 67417"
3109,Restaurant Corp,"374 Main St, New York, AZ 32289"
3110,Electronics Store Co,"286 Main St, New York, NY 35570"
3111,Pharmacy Group,"138 Main St, Houston, IL 57462"
3112,Clothing Store Corp,"409 Main St, Chicago, IL 54605"
3113,Hotel Group,"802 Main St, Phoenix, NY 82906"
3114,Pharmacy LLC,"372 Main St, Los Angeles, CA 66086"
3115,Coffee Shop Inc,"249 Main St, Houston, NY 39676"
3116,Electronics Store Group,"777 Main St, Los Angeles, NY 68434"
3117,Grocery Store Inc,"834 Main St, Phoenix, CA 34141"
3118,Retail Store Corp,"973 Main St, Los Angeles, AZ 40838"
3119,Restaurant Group,"805 Main St, Chicago, CA 21367"
3120,Clothing Store Inc,"167 Main St, New York, IL 27065"
3121,Clothing Store Inc,"582 Main St, Chicago, NY 28570"
3122,Pharmacy Inc,"474 Main St, Chicago, IL 65387"
3123,Retail Store Corp,"904 Main St, New York, AZ 12982"
3124,Gas Station Corp,"777 Main St, Los Angeles, CA 35079"
3125,Coffee Shop Corp,"134 Main St, Houston, NY 67408"
3126,Restaurant Group,"531 Main St, Houston, NY 29061"
3127,Gas Station LLC,"572 Main St, New York, IL 34405"
3128,Grocery Store LLC,"646 Main St, Phoenix, CA 72592"
3129,Grocery Store Corp,"142 Main St, New York, IL 78256"
3130,Hotel LLC,"153 Main St, Los Angeles, CA 48389"
3131,Retail Store Co,"651 Main St, Houston, AZ 60862"
3132,Gas Station Corp,"712 Main St, New York, CA 65256"
3133,Pharmacy LLC,"513 Main St, New York, IL 30246"
3134,Clothing Store Corp,"316 Main St, Chicago, TX 86841"
3135,Coffee Shop Co,"169 Main St, Houston, NY 76470"
3136,Pharmacy LLC,"590 Main St, Los Angeles, NY 32580"
3137,Electronics Store Inc,"895 Main St, Phoenix, NY 36981"
3138,Gas Station LLC,"819 Main St, Houston, TX 84517"
3139,Clothing Store Corp,"240 Main St, Los Angeles, IL 51019"
3140,Hotel Co,"768 Main St, Houston, NY 94276"
3141,Hotel Group,"662 Main St, Phoenix, TX 21436"
3142,Retail Store Co,"362 Main St, Houston, IL 62109"
3143,Electronics Store Corp,"777 Main St, Houston, NY 53184"
3144,Electronics Store Co,"890 Main St, Houston, CA 41526"
3145,Electronics Store LLC,"711 Main St, Chicago, AZ 67802"
3146,Retail Store LLC,"330 Main St, New York, TX 80336"
3147,Clothing Store Group,"863 Main St, New York, AZ 13713"
3148,Clothing Store Inc,"529 Main St, Houston, NY 82446"
3149,Clothing Store LLC,"539 Main St, Chicago, NY 65011"
3150,Restaurant Group,"404 Main St, Los Angeles, IL 99771"
3151,Gas Station Group,"713 Main St, Los Angeles, TX 63635"
3152,Grocery Store Co,"824 Main St, Houston, AZ 32236"
3153,Electronics Store Co,"848 Main St, Los Angeles, TX 75836"
3154,Hotel Inc,"717 Main St, Chicago, CA 20923"
3155,Coffee Shop Inc,"294 Main St, Chicago, IL 94796"
3156,Grocery Store Corp,"179 Main St, Houston, CA 24368"
3157,Clothing Store Inc,"807 Main St, New York, TX 58274"
3158,Restaurant Corp,"609 Main St, Chicago, AZ 62863"
3159,Coffee Shop Corp,"242 Main St, Houston, IL 29320"
3160,Retail Store Corp,"516 Main St, Los Angeles, TX 42409"
3161,Grocery Store LLC,"552 Main St, New York, IL 49449"
3162,Retail Store Co,"434 Main St, New York, AZ 56752"
3163,Electronics Store Group,"890 Main St, Los Angeles, AZ 28494"
3164,Retail Store Group,"714 Main St, Los Angeles, CA 52821"
3165,Hotel Group,"657 Main St, Phoenix, NY 49432"
3166,Coffee Shop Inc,"384 Main St, Phoenix, CA 98229"
3167,Electronics Store Inc,"231 Main St, Los Angeles, IL 56394"
3168,Restaurant Inc,"670 Main St, New York, CA 82293"
3169,Restaurant Group,"373 Main St, Houston, AZ 95520"
3170,Coffee Shop Inc,"667 Main St, Phoenix, IL 81474"
3171,Pharmacy Corp,"576 Main St, Chicago, NY 51744"
3172,Pharmacy Inc,"769 Main St, Phoenix, CA 46002"
3173,Hotel Inc,"607 Main St, New York, IL 46962"
3174,Electronics Store Co,"762 Main St, Houston, CA 70829"
3175,Coffee Shop Corp,"801 Main St, Chicago, AZ 69581"
3176,Pharmacy Corp,"212 Main St, Chicago, AZ 30330"
3177,Retail Store LLC,"133 Main St, Houston, TX 99439"
3178,Restaurant Co,"684 Main St, Chicago, NY 51142"
3179,Electronics Store Group,"447 Main St, Phoenix, IL 98352"
3180,Pharmacy Group,"480 Main St, Chicago, IL 25937"
3181,Pharmacy Inc,"452 Main St, Houston, TX 52970"
3182,Clothing Store Group,"239 Main St, Los Angeles, CA 81127"
3183,Clothing Store Group,"358 Main St, New York, NY 59562"
3184,Hotel Inc,"106 Main St, New York, AZ 10772"
3185,Grocery Store Group,"202 Main St, Phoenix, AZ 17273"
3186,Pharmacy Group,"475 Main St, Phoenix, CA 67663"
3187,Restaurant LLC,"392 Main St, Chicago, AZ 63672"
3188,Electronics Store LLC,"186 Main St, Los Angeles, TX 68321"
3189,Grocery Store Corp,"790 Main St, Phoenix, TX 65404"
3190,Electronics Store LLC,"933 Main St, Houston, TX 72814"
3191,Grocery Store Group,"411 Main St, Los Angeles, IL 89610"
3192,Clothing Store Corp,"170 Main St, Phoenix, TX 74625"
3193,Clothing Store Co,"485 Main St, New York, IL 81494"
3194,Retail Store Co,"406 Main St, New York, CA 92243"
3195,Restaurant Group,"278 Main St, Los Angeles, IL 14126"
3196,Pharmacy Group,"151 Main St, Houston, IL 49461"
3197,Retail Store Co,"220 Main St, Los Angeles, IL 80867"
3198,Pharmacy LLC,"232 Main St, Phoenix, IL 39013"
3199,Coffee Shop Corp,"177 Main St, Chicago, TX 49371"
3200,Restaurant Corp,"411 Main St, New York, AZ 29070"
3201,Retail Store Group,"422 Main St, Phoenix, IL 96699"
3202,Coffee Shop Group,"977 Main St, Chicago, AZ 97224"
3203,Gas Station Inc,"397 Main St, Los Angeles, AZ 97353"
3204,Electronics Store Corp,"865 Main St, Phoenix, NY 97567"
3205,Restaurant LLC,"499 Main St, Chicago, CA 39653"
3206,Retail Store Group,"736 Main St, Los Angeles, CA 10363"
3207,Hotel Co,"208 Main St, Houston, NY 81033"
3208,Hotel Inc,"673 Main St, Chicago, AZ 96354"
3209,Coffee Shop LLC,"783 Main St, Houston, CA 77896"
3210,Grocery Store LLC,"387 Main St, Phoenix, NY 93262"
3211,Retail Store Corp,"634 Main St, Phoenix, TX 38836"
3212,Gas Station Inc,"494 Main St, New York, NY 26254"
3213,Pharmacy LLC,"774 Main St, Phoenix, CA 76969"
3214,Grocery Store Co,"392 Main St, Phoenix, AZ 24175"
3215,Grocery Store Inc,"531 Main St, New York, CA 48993"
3216,Clothing Store Co,"928 Main St, Houston, AZ 52805"
3217,Gas Station Inc,"280 Main St, Phoenix, CA 95688"
3218,Clothing Store Inc,"164 Main St, Los Angeles, TX 73865"
3219,Hotel Group,"911 Main St, New York, TX 98457"
3220,Retail Store Co,"510 Main St, Chicago, NY 57870"
3221,Hotel LLC,"395 Main St, Phoenix, AZ 52782"
3222,Coffee Shop Corp,"845 Main St, New York, AZ 31482"
3223,Pharmacy Co,"527 Main St, Chicago, AZ 93707"
3224,Gas Station Corp,"625 Main St, Houston, CA 57803"
3225,Hotel Corp,"828 Main St, Phoenix, TX 36231"
3226,Restaurant Corp,"106 Main St, Phoenix, NY 26320"
3227,Clothing Store Co,"848 Main St, Chicago, CA 86984"
3228,Restaurant Group,"657 Main St, Chicago, CA 93062"
3229,Gas Station Inc,"346 Main St, Chicago, IL 33884"
3230,Restaurant LLC,"836 Main St, New York, AZ 66361"
3231,Clothing Store Co,"936 Main St, Houston, NY 81664"
3232,Retail Store Corp,"263 Main St, Houston, AZ 83084"
3233,Pharmacy LLC,"262 Main St, Chicago, AZ 99345"
3234,Coffee Shop Group,"557 Main St, Los Angeles, AZ 90991"
3235,Retail Store Inc,"373 Main St, Houston, NY 28170"
3236,Electronics Store Inc,"210 Main St, Houston, IL 46772"
3237,Grocery Store Inc,"185 Main St, New York, CA 82456"
3238,Pharmacy LLC,"360 Main St, New York, TX 56213"
3239,Clothing Store Corp,"766 Main St, New York, AZ 70021"
3240,Restaurant Group,"657 Main St, New York, CA 85853"
3241,Grocery Store Group,"559 Main St, Houston, NY 14899"
3242,Hotel Co,"255 Main St, Houston, TX 75389"
3243,Hotel Group,"697 Main St, Chicago, CA 80136"
3244,Clothing Store Corp,"682 Main St, Phoenix, AZ 75289"
3245,Pharmacy Group,"522 Main St, New York, TX 98939"
3246,Retail Store Inc,"337 Main St, Phoenix, CA 55864"
3247,Clothing Store Group,"591 Main St, Houston, TX 96073"
3248,Hotel Group,"715 Main St, Houston, CA 36435"
3249,Grocery Store Inc,"413 Main St, Chicago, IL 49010"
3250,Restaurant Inc,"982 Main St, Chicago, IL 34432"
3251,Restaurant Co,"794 Main St, New York, CA 88490"
3252,Clothing Store Group,"560 Main St, New York, TX 42330"
3253,Coffee Shop Co,"240 Main St, Chicago, IL 48655"
3254,Restaurant Co,"984 Main St, Chicago, CA 40913"
3255,Grocery Store Group,"819 Main St, New York, CA 95920"
3256,Pharmacy Group,"682 Main St, New York, NY 19700"
3257,Retail Store Corp,"263 Main St, Phoenix, TX 71241"
3258,Coffee Shop LLC,"721 Main St, Phoenix, NY 61178"
3259,Grocery Store Group,"478 Main St, Los Angeles, IL 98190"
3260,Retail Store Group,"773 Main St, New York, AZ 50276"
3261,Coffee Shop Inc,"174 Main St, Chicago, NY 16791"
3262,Pharmacy LLC,"516 Main St, Chicago, IL 93458"
3263,Grocery Store Group,"816 Main St, New York, TX 97404"
3264,Hotel Corp,"828 Main St, Houston, CA 52862"
3265,Grocery Store Corp,"622 Main St, Chicago, AZ 54351"
3266,Grocery Store Group,"225 Main St, Phoenix, CA 53469"
3267,Gas Station LLC,"956 Main St, Houston, IL 32572"
3268,Hotel Group,"858 Main St, Phoenix, AZ 14071"
3269,Pharmacy Inc,"974 Main St, New York, NY 69048"
3270,Coffee Shop LLC,"884 Main St, Chicago, AZ 71792"
3271,Clothing Store Corp,"783 Main St, Los Angeles, IL 47760"
3272,Hotel Inc,"442 Main St, Los Angeles, AZ 31844"
3273,Gas Station LLC,"549 Main St, Phoenix, TX 14420"
3274,Retail Store Corp,"751 Main St, Los Angeles, NY 20216"
3275,Hotel Group,"784 Main St, New York, AZ 67419"
3276,Clothing Store Inc,"996 Main St, Phoenix, NY 64900"
3277,Grocery Store Inc,"345 Main St, New York, AZ 69812"
3278,Pharmacy LLC,"995 Main St, New York, CA 33332"
3279,Hotel LLC,"985 Main St, Phoenix, IL 38995"
3280,Coffee Shop LLC,"801 Main St, Phoenix, CA 61031"
3281,Hotel Group,"603 Main St, Houston, TX 46741"
3282,Electronics Store Inc,"543 Main St, Los Angeles, TX 21994"
3283,Gas Station Group,"226 Main St, Chicago, TX 71828"
3284,Retail Store LLC,"661 Main St, Los Angeles, CA 13935"
3285,Clothing Store Inc,"107 Main St, New York, TX 70828"
3286,Hotel Inc,"121 Main St, Chicago, AZ 39668"
3287,Grocery Store Inc,"304 Main St, New York, NY 87490"
3288,Pharmacy LLC,"937 Main St, Houston, CA 51625"
3289,Clothing Store Inc,"264 Main St, New York, CA 72922"
3290,Hotel Corp,"205 Main St, Houston, NY 79847"
3291,Clothing Store Co,"657 Main St, New York, NY 29279"
3292,Restaurant Corp,"431 Main St, Chicago, NY 54600"
3293,Coffee Shop LLC,"622 Main St, Phoenix, CA 65233"
3294,Gas Station Inc,"717 Main St, Phoenix, IL 33986"
3295,Pharmacy LLC,"288 Main St, Chicago, TX 86786"
3296,Grocery Store Corp,"196 Main St, Houston, CA 87404"
3297,Gas Station LLC,"751 Main St, Chicago, CA 90028"
3298,Electronics Store Group,"698 Main St, Phoenix, NY 41649"
3299,Electronics Store LLC,"102 Main St, New York, TX 59183"
3300,Restaurant Group,"667 Main St, Houston, TX 76646"
3301,Clothing Store LLC,"255 Main St, Chicago, NY 31937"
3302,Coffee Shop Group,"987 Main St, Chicago, CA 36175"
3303,Retail Store Inc,"945 Main St, Chicago, TX 28285"
3304,Hotel Inc,"781 Main St, New York, AZ 32598"
3305,Electronics Store Group,"436 Main St, Phoenix, NY 58364"
3306,Gas Station Co,"471 Main St, Chicago, CA 48418"
3307,Restaurant Co,"613 Main St, New York, TX 79073"
3308,Grocery Store Group,"562 Main St, Chicago, IL 22847"
3309,Clothing Store Inc,"535 Main St, Phoenix, NY 42115"
3310,Pharmacy Co,"116 Main St, Houston, CA 18248"
3311,Coffee Shop Co,"187 Main St, Chicago, NY 10620"
3312,Coffee Shop Inc,"642 Main St, Los Angeles, NY 62310"
3313,Hotel Co,"500 Main St, Phoenix, NY 75987"
3314,Grocery Store Group,"492 Main St, Houston, IL 39043"
3315,Retail Store Inc,"660 Main St, Houston, TX 59374"
3316,Hotel Inc,"237 Main St, Phoenix, CA 15946"
3317,Hotel Corp,"296 Main St, Chicago, IL 91213"
3318,Gas Station LLC,"321 Main St, Houston, NY 50955"
3319,Hotel Group,"565 Main St, Houston, AZ 28993"
3320,Clothing Store LLC,"952 Main St, Los Angeles, TX 42890"
3321,Restaurant Corp,"823 Main St, Chicago, TX 36249"
3322,Coffee Shop LLC,"448 Main St, New York, IL 46401"
3323,Restaurant Group,"561 Main St, Chicago, TX 63701"
3324,Coffee Shop LLC,"522 Main St, Chicago, IL 15632"
3325,Retail Store Corp,"900 Main St, Chicago, TX 82570"
3326,Retail Store Corp,"958 Main St, Los Angeles, CA 38076"
3327,Retail Store Co,"776 Main St, New York, AZ 87189"
3328,Clothing Store Co,"792 Main St, Houston, CA 27712"
3329,Clothing Store Co,"551 Main St, Phoenix, IL 55084"
3330,Gas Station Inc,"633 Main St, New York, IL 93833"
3331,Electronics Store Inc,"312 Main St, Chicago, NY 49257"
3332,Grocery Store Inc,"640 Main St, Los Angeles, AZ 34842"
3333,Gas Station Corp,"719 Main St, New York, NY 17540"
3334,Pharmacy LLC,"165 Main St, Chicago, NY 53127"
3335,Gas Station Co,"445 Main St, New York, AZ 94293"
3336,Hotel Corp,"247 Main St, New York, CA 74292"
3337,Clothing Store Co,"118 Main St, Chicago, TX 58624"
3338,Gas Station Corp,"799 Main St, New York, AZ 79867"
3339,Retail Store Group,"614 Main St, Chicago, IL 43843"
3340,Electronics Store LLC,"106 Main St, Phoenix, NY 65810"
3341,Retail Store LLC,"202 Main St, Chicago, IL 42576"
3342,Clothing Store Group,"453 Main St, Los Angeles, TX 88096"
3343,Electronics Store Corp,"758 Main St, New York, NY 90841"
3344,Retail Store Co,"714 Main St, Phoenix, CA 28693"
3345,Clothing Store LLC,"960 Main St, Los Angeles, CA 71729"
3346,Retail Store Co,"553 Main St, New York, AZ 63708"
3347,Retail Store Inc,"146 Main St, Phoenix, IL 97619"
3348,Gas Station Corp,"324 Main St, Los Angeles, AZ 45001"
3349,Electronics Store Co,"501 Main St, Houston, AZ 28984"
3350,Coffee Shop Group,"654 Main St, Houston, CA 39203"
3351,Hotel Inc,"984 Main St, Los Angeles, NY 45459"
3352,Hotel Corp,"360 Main St, Los Angeles, TX 61367"
3353,Coffee Shop Group,"964 Main St, Houston, CA 91241"
3354,Restaurant Co,"774 Main St, Chicago, CA 58157"
3355,Clothing Store Inc,"222 Main St, Chicago, TX 82641"
3356,Hotel LLC,"656 Main St, New York, TX 86813"
3357,Gas Station Group,"496 Main St, Phoenix, IL 99357"
3358,Hotel Corp,"982 Main St, Los Angeles, AZ 36467"
3359,Hotel Inc,"797 Main St, Houston, IL 24226"
3360,Grocery Store Group,"815 Main St, Los Angeles, NY 75114"
3361,Electronics Store Co,"963 Main St, Los Angeles, AZ 74567"
3362,Gas Station Group,"506 Main St, New York, IL 92516"
3363,Gas Station Corp,"361 Main St, Houston, TX 16604"
3364,Gas Station Inc,"263 Main St, Phoenix, AZ 14564"
3365,Retail Store Co,"520 Main St, Chicago, AZ 57223"
3366,Retail Store Group,"929 Main St, Phoenix, TX 59768"
3367,Grocery Store Corp,"368 Main St, Phoenix, IL 68218"
3368,Gas Station Group,"413 Main St, Houston, NY 17778"
3369,Clothing Store Corp,"545 Main St, Chicago, IL 14600"
3370,Coffee Shop Inc,"646 Main St, Chicago, NY 72895"
3371,Gas Station Inc,"928 Main St, Phoenix, AZ 18245"
3372,Restaurant Group,"224 Main St, New York, TX 45766"
3373,Restaurant LLC,"630 Main St, Los Angeles, IL 18297"
3374,Hotel Inc,"811 Main St, Los Angeles, AZ 76920"
3375,Grocery Store LLC,"207 Main St, Phoenix, AZ 93122"
3376,Hotel Group,"242 Main St, New York, CA 44395"
3377,Retail Store LLC,"438 Main St, Los Angeles, NY 85758"
3378,Hotel Inc,"684 Main St, Phoenix, AZ 33792"
3379,Retail Store Group,"190 Main St, Houston, CA 57240"
3380,Gas Station Corp,"256 Main St, Houston, IL 77212"
3381,Restaurant Co,"607 Main St, Los Angeles, CA 89533"
3382,Electronics Store Corp,"605 Main St, Houston, CA 57017"
3383,Gas Station Group,"648 Main St, Los Angeles, IL 83637"
3384,Hotel Co,"740 Main St, Phoenix, CA 94016"
3385,Electronics Store Inc,"869 Main St, Chicago, CA 56839"
3386,Hotel Co,"822 Main St, Phoenix, CA 41120"
3387,Hotel Group,"654 Main St, Chicago, AZ 72061"
3388,Grocery Store Inc,"218 Main St, Chicago, AZ 15889"
3389,Restaurant LLC,"253 Main St, Houston, TX 48636"
3390,Pharmacy LLC,"396 Main St, Los Angeles, CA 67026"
3391,Retail Store LLC,"942 Main St, Phoenix, CA 33340"
3392,Electronics Store Co,"536 Main St, Phoenix, IL 74115"
3393,Coffee Shop Group,"669 Main St, New York, AZ 93945"
3394,Pharmacy Corp,"350 Main St, Houston, TX 53642"
3395,Grocery Store Group,"635 Main St, Los Angeles, IL 52284"
3396,Pharmacy Group,"427 Main St, Phoenix, NY 20580"
3397,Coffee Shop Group,"752 Main St, New York, CA 31621"
3398,Pharmacy Inc,"332 Main St, Los Angeles, TX 64613"
3399,Hotel Co,"856 Main St, Los Angeles, CA 36680"
3400,Hotel LLC,"616 Main St, Los Angeles, IL 16111"
3401,Restaurant Co,"227 Main St, Los Angeles, TX 29380"
3402,Hotel Group,"781 Main St, New York, IL 58475"
3403,Hotel LLC,"919 Main St, Chicago, AZ 87464"
3404,Retail Store LLC,"600 Main St, Chicago, NY 33649"
3405,Hotel Corp,"603 Main St, Phoenix, CA 81359"
3406,Retail Store Group,"836 Main St, New York, TX 38004"
3407,Grocery Store Inc,"333 Main St, Chicago, TX 78618"
3408,Electronics Store Corp,"139 Main St, Phoenix, TX 45402"
3409,Coffee Shop Group,"192 Main St, Phoenix, TX 51798"
3410,Restaurant Co,"882 Main St, Houston, IL 75030"
3411,Electronics Store Inc,"644 Main St, Phoenix, CA 60398"
3412,Retail Store Corp,"379 Main St, Chicago, CA 80009"
3413,Hotel Co,"636 Main St, New York, TX 41607"
3414,Coffee Shop Group,"604 Main St, Los Angeles, TX 79683"
3415,Coffee Shop Co,"739 Main St, Phoenix, IL 84787"
3416,Coffee Shop LLC,"120 Main St, Houston, AZ 76648"
3417,Clothing Store Corp,"287 Main St, Los Angeles, NY 63661"
3418,Retail Store LLC,"347 Main St, Houston, AZ 99008"
3419,Hotel LLC,"510 Main St, Phoenix, NY 51163"
3420,Pharmacy Co,"551 Main St, Los Angeles, AZ 18888"
3421,Pharmacy Co,"607 Main St, Chicago, CA 48992"
3422,Coffee Shop Inc,"435 Main St, Houston, AZ 79429"
3423,Retail Store Corp,"376 Main St, Los Angeles, NY 69748"
3424,Coffee Shop Inc,"910 Main St, Los Angeles, IL 86675"
3425,Pharmacy Inc,"859 Main St, Chicago, AZ 60112"
3426,Retail Store Inc,"928 Main St, Los Angeles, TX 26695"
3427,Electronics Store Group,"421 Main St, Chicago, TX 78171"
3428,Hotel Corp,"590 Main St, Houston, CA 63105"
3429,Clothing Store Inc,"946 Main St, New York, NY 67639"
3430,Gas Station Group,"426 Main St, Houston, NY 63751"
3431,Hotel Group,"953 Main St, Houston, NY 60151"
3432,Grocery Store Co,"926 Main St, Los Angeles, CA 49681"
3433,Pharmacy Inc,"598 Main St, Phoenix, NY 23488"
3434,Grocery Store LLC,"226 Main St, New York, NY 43653"
3435,Pharmacy Inc,"330 Main St, New York, NY 55850"
3436,Electronics Store LLC,"917 Main St, Houston, AZ 10867"
3437,Retail Store Corp,"954 Main St, Houston, NY 16129"
3438,Hotel Inc,"284 Main St, Phoenix, IL 37467"
3439,Clothing Store Co,"120 Main St, Los Angeles, TX 62311"
3440,Hotel Group,"718 Main St, Houston, AZ 80666"
3441,Coffee Shop Inc,"835 Main St, Chicago, TX 50367"
3442,Hotel LLC,"321 Main St, Houston, IL 76688"
3443,Grocery Store Corp,"902 Main St, Houston, TX 56947"
3444,Coffee Shop Corp,"636 Main St, Los Angeles, IL 34127"
3445,Restaurant Group,"927 Main St, Los Angeles, CA 72932"
3446,Grocery Store Group,"411 Main St, Chicago, CA 20811"
3447,Grocery Store Inc,"640 Main St, Los Angeles, IL 37261"
3448,Hotel Inc,"650 Main St, Houston, NY 61528"
3449,Pharmacy Corp,"200 Main St, Los Angeles, IL 67927"
3450,Grocery Store Inc,"587 Main St, Chicago, NY 73589"
3451,Gas Station Inc,"856 Main St, Chicago, NY 29351"
3452,Clothing Store Group,"731 Main St, New York, NY 91233"
3453,Retail Store Co,"817 Main St, Phoenix, NY 30933"
3454,Restaurant Group,"522 Main St, Chicago, IL 68886"
3455,Pharmacy LLC,"118 Main St, Los Angeles, AZ 45063"
3456,Pharmacy Group,"440 Main St, Phoenix, IL 34543"
3457,Coffee Shop Group,"962 Main St, Houston, NY 11713"
3458,Electronics Store Corp,"729 Main St, Houston, TX 12577"
3459,Hotel LLC,"431 Main St, Houston, AZ 36745"
3460,Electronics Store Corp,"750 Main St, Los Angeles, CA 65672"
3461,Pharmacy Co,"650 Main St, Phoenix, IL 24824"
3462,Pharmacy Co,"164 Main St, Phoenix, AZ 12140"
3463,Restaurant Group,"436 Main St, Chicago, NY 24973"
3464,Clothing Store Corp,"706 Main St, Los Angeles, AZ 32266"
3465,Coffee Shop LLC,"110 Main St, New York, IL 85545"
3466,Restaurant Group,"795 Main St, Los Angeles, NY 13688"
3467,Retail Store LLC,"941 Main St, Los Angeles, IL 56337"
3468,Electronics Store LLC,"552 Main St, Los Angeles, AZ 80343"
3469,Coffee Shop Corp,"188 Main St, Chicago, CA 86541"
3470,Gas Station Corp,"716 Main St, New York, NY 41512"
3471,Restaurant Inc,"314 Main St, New York, CA 93904"
3472,Grocery Store Corp,"338 Main St, Phoenix, IL 95269"
3473,Restaurant LLC,"477 Main St, Los Angeles, TX 46521"
3474,Restaurant Group,"731 Main St, New York, TX 63045"
3475,Hotel Co,"530 Main St, Houston, IL 11335"
3476,Electronics Store LLC,"556 Main St, Chicago, AZ 83137"
3477,Coffee Shop LLC,"737 Main St, Houston, TX 26797"
3478,Grocery Store Inc,"685 Main St, Los Angeles, AZ 19302"
3479,Clothing Store LLC,"447 Main St, New York, TX 42073"
3480,Hotel Corp,"315 Main St, Houston, TX 77185"
3481,Restaurant Co,"208 Main St, Houston, IL 55617"
3482,Pharmacy Co,"607 Main St, Chicago, TX 52787"
3483,Retail Store Co,"294 Main St, Phoenix, AZ 82181"
3484,Grocery Store Group,"894 Main St, Chicago, AZ 23498"
3485,Retail Store Inc,"180 Main St, New York, AZ 93506"
3486,Grocery Store Inc,"295 Main St, New York, AZ 30865"
3487,Retail Store Inc,"633 Main St, New York, CA 79693"
3488,Retail Store Corp,"556 Main St, Los Angeles, CA 30684"
3489,Retail Store Inc,"788 Main St, Chicago, CA 43116"
3490,Electronics Store Group,"428 Main St, Phoenix, NY 97218"
3491,Clothing Store LLC,"301 Main St, Chicago, NY 53977"
3492,Coffee Shop Co,"417 Main St, Phoenix, AZ 38892"
3493,Retail Store Corp,"822 Main St, New York, AZ 73388"
3494,Hotel Group,"472 Main St, Phoenix, IL 87943"
3495,Clothing Store Corp,"317 Main St, New York, TX 13589"
3496,Gas Station LLC,"364 Main St, Houston, IL 92478"
3497,Gas Station LLC,"699 Main St, Houston, NY 71626"
3498,Coffee Shop Inc,"316 Main St, New York, AZ 22263"
3499,Restaurant Corp,"573 Main St, Houston, NY 77316"
3500,Coffee Shop Co,"173 Main St, New York, NY 78134"
3501,Electronics Store Co,"844 Main St, Los Angeles, AZ 50561"
3502,Restaurant Corp,"158 Main St, Chicago, IL 87122"
3503,Retail Store Group,"874 Main St, Phoenix, TX 66823"
3504,Gas Station Corp,"244 Main St, New York, NY 17017"
3505,Electronics Store Group,"742 Main St, Chicago, AZ 88673"
3506,Grocery Store Corp,"990 Main St, Houston, TX 87351"
3507,Electronics Store Inc,"510 Main St, Phoenix, CA 13516"
3508,Clothing Store Co,"700 Main St, Houston, IL 73474"
3509,Gas Station LLC,"478 Main St, Chicago, IL 85698"
3510,Electronics Store Co,"121 Main St, Houston, CA 81870"
3511,Electronics Store Co,"482 Main St, New York, NY 66899"
3512,Hotel Co,"277 Main St, Los Angeles, NY 51734"
3513,Retail Store Co,"971 Main St, Chicago, CA 95089"
3514,Clothing Store LLC,"261 Main St, New York, AZ 73861"
3515,Coffee Shop Inc,"655 Main St, Phoenix, AZ 75202"
3516,Clothing Store Inc,"611 Main St, Phoenix, TX 67320"
3517,Clothing Store Group,"282 Main St, New York, IL 73702"
3518,Gas Station Co,"215 Main St, Chicago, NY 17158"
3519,Restaurant Co,"216 Main St, Los Angeles, CA 46358"
3520,Restaurant Inc,"943 Main St, Los Angeles, NY 77887"
3521,Restaurant LLC,"356 Main St, Los Angeles, IL 13657"
3522,Restaurant Inc,"447 Main St, Phoenix, AZ 95444"
3523,Retail Store Corp,"535 Main St, Phoenix, AZ 29847"
3524,Grocery Store Inc,"764 Main St, Houston, TX 23776"
3525,Clothing Store Corp,"162 Main St, Chicago, CA 33283"
3526,Retail Store Co,"126 Main St, Chicago, TX 15659"
3527,Restaurant Corp,"519 Main St, Los Angeles, CA 25447"
3528,Coffee Shop Corp,"398 Main St, Chicago, AZ 91613"
3529,Hotel Corp,"126 Main St, New York, TX 24974"
3530,Coffee Shop Inc,"489 Main St, Houston, IL 50046"
3531,Gas Station LLC,"930 Main St, Phoenix, CA 21447"
3532,Coffee Shop Group,"268 Main St, Houston, CA 91267"
3533,Pharmacy Group,"518 Main St, Phoenix, CA 49233"
3534,Clothing Store Corp,"995 Main St, Phoenix, TX 29819"
3535,Hotel Corp,"335 Main St, Phoenix, TX 39930"
3536,Grocery Store LLC,"418 Main St, Los Angeles, IL 19933"
3537,Coffee Shop Inc,"115 Main St, Houston, TX 39246"
3538,Hotel Group,"933 Main St, Los Angeles, CA 46399"
3539,Grocery Store Inc,"637 Main St, Los Angeles, IL 55202"
3540,Pharmacy Co,"829 Main St, Los Angeles, CA 16514"
3541,Clothing Store Co,"296 Main St, Chicago, IL 71608"
3542,Restaurant Corp,"622 Main St, Chicago, NY 91188"
3543,Clothing Store Inc,"395 Main St, Phoenix, IL 87284"
3544,Retail Store Group,"127 Main St, New York, CA 69990"
3545,Retail Store LLC,"601 Main St, Los Angeles, NY 76630"
3546,Retail Store LLC,"632 Main St, Chicago, AZ 11409"
3547,Retail Store Co,"959 Main St, Los Angeles, IL 49171"
3548,Clothing Store Inc,"108 Main St, Chicago, CA 42577"
3549,Grocery Store LLC,"978 Main St, Houston, AZ 33236"
3550,Restaurant Group,"789 Main St, Chicago, NY 64732"
3551,Gas Station Inc,"722 Main St, Chicago, AZ 88530"
3552,Retail Store Inc,"642 Main St, Los Angeles, CA 35097"
3553,Gas Station LLC,"727 Main St, Phoenix, CA 90361"
3554,Grocery Store Co,"144 Main St, Houston, IL 33132"
3555,Electronics Store Co,"522 Main St, Los Angeles, AZ 16442"
3556,Coffee Shop Group,"461 Main St, New York, AZ 23993"
3557,Pharmacy Corp,"588 Main St, Phoenix, AZ 39206"
3558,Hotel Corp,"587 Main St, Phoenix, AZ 76355"
3559,Grocery Store LLC,"726 Main St, Phoenix, TX 72470"
3560,Clothing Store Group,"606 Main St, Chicago, NY 27347"
3561,Electronics Store LLC,"793 Main St, Phoenix, CA 77073"
3562,Pharmacy Co,"710 Main St, Chicago, CA 50630"
3563,Restaurant Inc,"351 Main St, Chicago, AZ 79684"
3564,Retail Store LLC,"406 Main St, New York, NY 55144"
3565,Grocery Store Co,"625 Main St, Los Angeles, IL 37351"
3566,Pharmacy Inc,"713 Main St, Chicago, TX 43259"
3567,Electronics Store Inc,"587 Main St, Los Angeles, NY 39288"
3568,Grocery Store Group,"948 Main St, Phoenix, IL 47324"
3569,Pharmacy Corp,"948 Main St, Chicago, IL 62823"
3570,Coffee Shop Co,"143 Main St, Los Angeles, NY 61858"
3571,Gas Station LLC,"243 Main St, Phoenix, TX 34543"
3572,Electronics Store LLC,"560 Main St, Houston, IL 44449"
3573,Hotel Group,"851 Main St, New York, TX 86175"
3574,Pharmacy Co,"535 Main St, Los Angeles, IL 63552"
3575,Pharmacy Corp,"128 Main St, Houston, CA 85863"
3576,Grocery Store Co,"218 Main St, New York, AZ 56687"
3577,Clothing Store Group,"600 Main St, Houston, IL 25422"
3578,Electronics Store Corp,"955 Main St, Houston, TX 84311"
3579,Pharmacy Inc,"957 Main St, Houston, IL 45511"
3580,Gas Station Co,"266 Main St, Los Angeles, AZ 73624"
3581,Coffee Shop Co,"333 Main St, New York, NY 99093"
3582,Restaurant Inc,"386 Main St, New York, IL 33075"
3583,Electronics Store Inc,"420 Main St, Los Angeles, NY 19850"
3584,Retail Store Corp,"627 Main St, Los Angeles, CA 86586"
3585,Electronics Store Inc,"320 Main St, Chicago, CA 67063"
3586,Clothing Store LLC,"329 Main St, Chicago, CA 64905"
3587,Restaurant Corp,"215 Main St, Los Angeles, IL 17310"
3588,Restaurant Corp,"941 Main St, Houston, IL 61253"
3589,Coffee Shop Co,"865 Main St, Houston, NY 17188"
3590,Grocery Store Group,"484 Main St, Houston, TX 60928"
3591,Grocery Store Co,"334 Main St, Houston, IL 83607"
3592,Hotel Co,"925 Main St, Los Angeles, AZ 26340"
3593,Coffee Shop Group,"917 Main St, Chicago, TX 92217"
3594,Clothing Store Co,"701 Main St, Phoenix, IL 89482"
3595,Restaurant Corp,"767 Main St, Chicago, CA 68440"
3596,Gas Station LLC,"578 Main St, Los Angeles, CA 81693"
3597,Pharmacy Corp,"981 Main St, Los Angeles, CA 83254"
3598,Pharmacy Co,"298 Main St, Phoenix, TX 87554"
3599,Restaurant Corp,"157 Main St, Houston, TX 84199"
3600,Grocery Store Corp,"768 Main St, Phoenix, NY 46684"
3601,Coffee Shop LLC,"261 Main St, Los Angeles, CA 86292"
3602,Gas Station Corp,"992 Main St, Phoenix, TX 36694"
3603,Gas Station Corp,"404 Main St, Houston, IL 31657"
3604,Retail Store Group,"519 Main St, Phoenix, AZ 15628"
3605,Clothing Store Group,"479 Main St, Phoenix, IL 81804"
3606,Electronics Store Inc,"261 Main St, Los Angeles, IL 49278"
3607,Hotel LLC,"642 Main St, Chicago, AZ 25004"
3608,Restaurant Group,"405 Main St, Los Angeles, NY 85499"
3609,Gas Station Corp,"973 Main St, New York, IL 29008"
3610,Hotel LLC,"375 Main St, Chicago, AZ 37008"
3611,Coffee Shop LLC,"303 Main St, New York, NY 94485"
3612,Pharmacy Co,"670 Main St, Los Angeles, TX 19765"
3613,Pharmacy Corp,"142 Main St, Houston, IL 36641"
3614,Clothing Store Corp,"167 Main St, Los Angeles, AZ 66323"
3615,Grocery Store LLC,"494 Main St, New York, NY 31453"
3616,Retail Store LLC,"252 Main St, Chicago, AZ 58221"
3617,Electronics Store Co,"664 Main St, Houston, TX 82954"
3618,Clothing Store Inc,"993 Main St, Los Angeles, CA 17477"
3619,Gas Station LLC,"574 Main St, New York, CA 61812"
3620,Retail Store Group,"189 Main St, New York, CA 45373"
3621,Grocery Store Co,"984 Main St, Houston, CA 70617"
3622,Electronics Store Co,"495 Main St, Houston, TX 66803"
3623,Gas Station LLC,"639 Main St, New York, NY 76836"
3624,Pharmacy Group,"439 Main St, New York, IL 72117"
3625,Gas Station LLC,"182 Main St, New York, IL 33128"
3626,Grocery Store LLC,"416 Main St, Houston, CA 38291"
3627,Pharmacy Group,"606 Main St, Phoenix, CA 21695"
3628,Grocery Store Group,"938 Main St, Houston, NY 55538"
3629,Hotel Group,"465 Main St, Los Angeles, AZ 16399"
3630,Hotel Corp,"159 Main St, Los Angeles, AZ 62144"
3631,Clothing Store Inc,"929 Main St, Houston, IL 58334"
3632,Grocery Store LLC,"962 Main St, Chicago, NY 52344"
3633,Clothing Store Co,"465 Main St, Chicago, NY 20885"
3634,Clothing Store Group,"957 Main St, Houston, NY 13743"
3635,Pharmacy Corp,"861 Main St, Phoenix, IL 23334"
3636,Clothing Store Inc,"575 Main St, Los Angeles, AZ 67010"
3637,Pharmacy LLC,"330 Main St, Los Angeles, TX 37850"
3638,Retail Store Group,"694 Main St, Phoenix, IL 24728"
3639,Grocery Store Group,"974 Main St, Los Angeles, CA 66840"
3640,Pharmacy Co,"572 Main St, New York, CA 91912"
3641,Electronics Store Group,"413 Main St, Chicago, NY 93689"
3642,Retail Store Corp,"936 Main St, Chicago, CA 58167"
3643,Electronics Store Corp,"337 Main St, Phoenix, TX 92844"
3644,Coffee Shop Corp,"332 Main St, Houston, AZ 94416"
3645,Hotel Co,"574 Main St, Los Angeles, NY 85974"
3646,Pharmacy Inc,"512 Main St, Chicago, AZ 56096"
3647,Coffee Shop Corp,"695 Main St, Chicago, AZ 30889"
3648,Restaurant Co,"942 Main St, Houston, NY 37450"
3649,Pharmacy Co,"269 Main St, New York, TX 68960"
3650,Pharmacy Co,"170 Main St, Houston, TX 98987"
3651,Retail Store Co,"813 Main St, Chicago, TX 42030"
3652,Pharmacy Inc,"336 Main St, Chicago, NY 80308"
3653,Grocery Store Group,"914 Main St, Houston, AZ 80954"
3654,Hotel Corp,"597 Main St, Phoenix, AZ 21096"
3655,Electronics Store Co,"200 Main St, New York, IL 63150"
3656,Retail Store Co,"268 Main St, New York, NY 62225"
3657,Gas Station Inc,"876 Main St, Phoenix, AZ 41893"
3658,Restaurant Group,"608 Main St, New York, AZ 74308"
3659,Restaurant LLC,"556 Main St, Houston, TX 76159"
3660,Restaurant Inc,"481 Main St, Chicago, CA 92186"
3661,Pharmacy Co,"836 Main St, Chicago, NY 60084"
3662,Pharmacy Group,"229 Main St, Houston, TX 64963"
3663,Restaurant Co,"206 Main St, Los Angeles, IL 29764"
3664,Hotel LLC,"280 Main St, Chicago, TX 87351"
3665,Retail Store Co,"799 Main St, Phoenix, TX 21895"
3666,Retail Store LLC,"705 Main St, Houston, TX 29182"
3667,Electronics Store Corp,"533 Main St, Houston, IL 12758"
3668,Coffee Shop Co,"938 Main St, Phoenix, NY 92001"
3669,Electronics Store Co,"395 Main St, Los Angeles, CA 51902"
3670,Pharmacy Corp,"122 Main St, Phoenix, CA 13343"
3671,Clothing Store Inc,"706 Main St, Phoenix, NY 34624"
3672,Coffee Shop LLC,"617 Main St, Chicago, AZ 95446"
3673,Pharmacy LLC,"221 Main St, Phoenix, TX 99013"
3674,Clothing Store Corp,"634 Main St, New York, AZ 12932"
3675,Gas Station Group,"354 Main St, New York, AZ 73338"
3676,Clothing Store Co,"554 Main St, Houston, CA 48352"
3677,Clothing Store Corp,"337 Main St, Phoenix, IL 56683"
3678,Pharmacy Group,"691 Main St, Chicago, NY 89082"
3679,Gas Station Inc,"486 Main St, Chicago, TX 37515"
3680,Electronics Store Inc,"915 Main St, Phoenix, IL 28682"
3681,Restaurant Co,"515 Main St, Chicago, IL 64323"
3682,Retail Store Inc,"197 Main St, New York, CA 90678"
3683,Retail Store Group,"424 Main St, Los Angeles, IL 11608"
3684,Retail Store Corp,"376 Main St, Los Angeles, CA 59975"
3685,Electronics Store LLC,"471 Main St, Phoenix, IL 30061"
3686,Pharmacy LLC,"236 Main St, Houston, CA 12442"
3687,Clothing Store Co,"538 Main St, Chicago, TX 38396"
3688,Pharmacy Inc,"732 Main St, Houston, NY 38809"
3689,Restaurant Corp,"582 Main St, Phoenix, TX 89415"
3690,Electronics Store Corp,"370 Main St, New York, AZ 45858"
3691,Coffee Shop Inc,"293 Main St, Houston, TX 79244"
3692,Grocery Store Group,"990 Main St, Phoenix, TX 80467"
3693,Restaurant Group,"654 Main St, Houston, CA 92732"
3694,Restaurant Corp,"778 Main St, Houston, NY 19356"
3695,Retail Store LLC,"475 Main St, Los Angeles, IL 75356"
3696,Clothing Store Group,"551 Main St, Los Angeles, IL 64766"
3697,Grocery Store Group,"607 Main St, Los Angeles, TX 81516"
3698,Retail Store Group,"908 Main St, Houston, CA 45142"
3699,Pharmacy Group,"277 Main St, Los Angeles, TX 43732"
3700,Gas Station Corp,"202 Main St, Phoenix, AZ 85858"
3701,Coffee Shop Inc,"885 Main St, Phoenix, NY 71951"
3702,Hotel Corp,"758 Main St, Chicago, CA 28339"
3703,Hotel Inc,"930 Main St, Phoenix, AZ 58657"
3704,Coffee Shop Corp,"611 Main St, Chicago, IL 16858"
3705,Hotel Group,"273 Main St, Los Angeles, AZ 72588"
3706,Electronics Store Group,"351 Main St, Chicago, AZ 94651"
3707,Pharmacy Corp,"626 Main St, Houston, NY 66414"
3708,Gas Station Co,"626 Main St, Chicago, CA 65645"
3709,Electronics Store LLC,"925 Main St, Houston, CA 61706"
3710,Grocery Store Group,"853 Main St, Los Angeles, CA 93830"
3711,Pharmacy Group,"242 Main St, Chicago, AZ 67446"
3712,Grocery Store Inc,"609 Main St, Chicago, NY 90482"
3713,Pharmacy Inc,"211 Main St, Houston, IL 70423"
3714,Hotel Co,"274 Main St, Houston, IL 99518"
3715,Gas Station Corp,"434 Main St, Los Angeles, AZ 41616"
3716,Clothing Store Corp,"593 Main St, Chicago, TX 16155"
3717,Gas Station Corp,"198 Main St, New York, IL 69096"
3718,Grocery Store LLC,"105 Main St, Houston, CA 54730"
3719,Grocery Store Group,"887 Main St, New York, AZ 22301"
3720,Pharmacy Group,"235 Main St, Houston, IL 75738"
3721,Hotel Group,"263 Main St, Houston, CA 78709"
3722,Grocery Store Corp,"261 Main St, Chicago, AZ 49778"
3723,Grocery Store Inc,"632 Main St, Los Angeles, NY 80256"
3724,Pharmacy Co,"147 Main St, Phoenix, CA 68094"
3725,Clothing Store Corp,"156 Main St, Phoenix, CA 26763"
3726,Pharmacy Inc,"133 Main St, Houston, IL 86088"
3727,Retail Store LLC,"700 Main St, Houston, AZ 43472"
3728,Hotel Co,"292 Main St, Chicago, TX 49948"
3729,Hotel Group,"598 Main St, Los Angeles, AZ 34767"
3730,Clothing Store LLC,"186 Main St, Phoenix, TX 72679"
3731,Pharmacy Inc,"815 Main St, Phoenix, CA 80025"
3732,Grocery Store LLC,"598 Main St, Houston, IL 55666"
3733,Electronics Store Inc,"831 Main St, Los Angeles, IL 93161"
3734,Grocery Store Corp,"817 Main St, Phoenix, CA 20424"
3735,Hotel LLC,"736 Main St, Los Angeles, NY 30171"
3736,Grocery Store Group,"734 Main St, Houston, AZ 29719"
3737,Clothing Store Inc,"938 Main St, Chicago, NY 32427"
3738,Retail Store Inc,"363 Main St, Los Angeles, IL 46768"
3739,Restaurant Co,"356 Main St, Los Angeles, CA 83023"
3740,Restaurant Corp,"737 Main St, Phoenix, TX 42080"
3741,Retail Store Inc,"720 Main St, Phoenix, NY 10320"
3742,Retail Store Group,"485 Main St, Houston, NY 28111"
3743,Coffee Shop Inc,"361 Main St, Chicago, IL 17604"
3744,Pharmacy Inc,"337 Main St, New York, NY 84168"
3745,Coffee Shop Co,"155 Main St, Los Angeles, NY 96536"
3746,Hotel Group,"420 Main St, Phoenix, NY 26138"
3747,Hotel LLC,"813 Main St, Los Angeles, CA 98683"
3748,Restaurant Corp,"745 Main St, Phoenix, AZ 74631"
3749,Gas Station Co,"469 Main St, Houston, CA 75143"
3750,Grocery Store Corp,"349 Main St, Houston, IL 59969"
3751,Pharmacy Corp,"565 Main St, Houston, NY 68924"
3752,Restaurant Corp,"672 Main St, Los Angeles, IL 71255"
3753,Gas Station Corp,"154 Main St, New York, AZ 60918"
3754,Grocery Store Co,"777 Main St, New York, CA 84215"
3755,Coffee Shop Inc,"560 Main St, New York, AZ 83588"
3756,Gas Station Corp,"410 Main St, New York, CA 84655"
3757,Gas Station Co,"409 Main St, Chicago, AZ 77791"
3758,Restaurant Group,"276 Main St, New York, IL 82586"
3759,Clothing Store Co,"983 Main St, Los Angeles, AZ 62691"
3760,Hotel Group,"589 Main St, New York, AZ 10030"
3761,Pharmacy Corp,"949 Main St, New York, TX 21499"
3762,Clothing Store LLC,"638 Main St, Los Angeles, CA 29552"
3763,Electronics Store Co,"521 Main St, Phoenix, IL 39709"
3764,Coffee Shop Corp,"228 Main St, Phoenix, CA 18412"
3765,Hotel Inc,"414 Main St, Chicago, CA 58177"
3766,Coffee Shop Co,"389 Main St, New York, AZ 44059"
3767,Coffee Shop Inc,"733 Main St, Los Angeles, AZ 98092"
3768,Electronics Store LLC,"124 Main St, Chicago, AZ 24432"
3769,Pharmacy Corp,"218 Main St, New York, AZ 21934"
3770,Clothing Store Inc,"168 Main St, Phoenix, NY 88963"
3771,Clothing Store Co,"430 Main St, Los Angeles, IL 37780"
3772,Hotel Group,"126 Main St, Houston, TX 43611"
3773,Electronics Store LLC,"360 Main St, Chicago, CA 93441"
3774,Restaurant Group,"257 Main St, Houston, IL 45960"
3775,Gas Station Inc,"217 Main St, Phoenix, IL 49003"
3776,Grocery Store Inc,"868 Main St, Houston, TX 37373"
3777,Restaurant LLC,"364 Main St, Los Angeles, IL 49073"
3778,Clothing Store LLC,"629 Main St, Houston, CA 53132"
3779,Restaurant Co,"722 Main St, New York, CA 69188"
3780,Hotel Group,"218 Main St, Chicago, AZ 93628"
3781,Electronics Store Corp,"938 Main St, Phoenix, NY 89757"
3782,Restaurant Co,"393 Main St, Los Angeles, IL 62443"
3783,Coffee Shop LLC,"304 Main St, Los Angeles, AZ 35562"
3784,Pharmacy Corp,"257 Main St, Houston, NY 60537"
3785,Gas Station Corp,"440 Main St, New York, IL 50319"
3786,Restaurant Co,"870 Main St, New York, AZ 38357"
3787,Gas Station Inc,"457 Main St, Chicago, NY 84264"
3788,Coffee Shop Group,"343 Main St, Phoenix, IL 88582"
3789,Clothing Store LLC,"800 Main St, New York, NY 83611"
3790,Restaurant Corp,"581 Main St, Chicago, IL 53653"
3791,Hotel Group,"585 Main St, Phoenix, NY 72994"
3792,Restaurant LLC,"997 Main St, New York, CA 26064"
3793,Coffee Shop Corp,"755 Main St, Phoenix, CA 14030"
3794,Gas Station Corp,"949 Main St, Chicago, TX 56641"
3795,Grocery Store Co,"596 Main St, New York, NY 82820"
3796,Restaurant Group,"422 Main St, Los Angeles, CA 12470"
3797,Grocery Store Inc,"207 Main St, New York, IL 46102"
3798,Grocery Store Co,"776 Main St, New York, IL 53802"
3799,Electronics Store Inc,"286 Main St, Houston, NY 87425"
3800,Hotel Co,"256 Main St, Houston, IL 51031"
3801,Clothing Store LLC,"525 Main St, Phoenix, NY 86517"
3802,Electronics Store Co,"579 Main St, New York, NY 65359"
3803,Electronics Store Corp,"333 Main St, New York, AZ 40788"
3804,Grocery Store Group,"134 Main St, Houston, NY 87380"
3805,Clothing Store Co,"771 Main St, Phoenix, AZ 57108"
3806,Electronics Store Co,"259 Main St, New York, CA 22563"
3807,Pharmacy LLC,"979 Main St, Phoenix, AZ 19528"
3808,Coffee Shop Inc,"443 Main St, Houston, AZ 29635"
3809,Pharmacy Group,"165 Main St, New York, TX 90250"
3810,Electronics Store Group,"293 Main St, Chicago, AZ 18130"
3811,Pharmacy Co,"745 Main St, New York, NY 88255"
3812,Gas Station LLC,"431 Main St, Chicago, IL 20397"
3813,Grocery Store Co,"332 Main St, New York, TX 78058"
3814,Grocery Store Co,"371 Main St, Los Angeles, AZ 25636"
3815,Clothing Store Corp,"539 Main St, Houston, TX 17805"
3816,Clothing Store Group,"783 Main St, New York, NY 42334"
3817,Hotel Corp,"706 Main St, Phoenix, TX 32273"
3818,Hotel Group,"655 Main St, Phoenix, CA 98560"
3819,Pharmacy Corp,"789 Main St, New York, AZ 84335"
3820,Retail Store Group,"184 Main St, Los Angeles, AZ 27816"
3821,Retail Store Group,"500 Main St, New York, AZ 26063"
3822,Electronics Store Inc,"209 Main St, Chicago, NY 95715"
3823,Retail Store Corp,"231 Main St, New York, CA 98609"
3824,Gas Station Group,"384 Main St, Houston, NY 64980"
3825,Coffee Shop Inc,"434 Main St, Los Angeles, CA 30938"
3826,Restaurant Co,"295 Main St, Los Angeles, AZ 46960"
3827,Retail Store Co,"706 Main St, Houston, NY 15653"
3828,Gas Station Co,"604 Main St, Chicago, AZ 56337"
3829,Retail Store LLC,"168 Main St, Houston, AZ 86334"
3830,Retail Store Co,"531 Main St, New York, NY 48031"
3831,Retail Store LLC,"219 Main St, Los Angeles, IL 50689"
3832,Pharmacy LLC,"975 Main St, Phoenix, NY 39122"
3833,Coffee Shop LLC,"935 Main St, Los Angeles, TX 11564"
3834,Grocery Store Co,"886 Main St, Los Angeles, CA 19710"
3835,Electronics Store Group,"730 Main St, Chicago, NY 54131"
3836,Electronics Store Co,"200 Main St, Phoenix, AZ 51878"
3837,Electronics Store LLC,"546 Main St, Chicago, TX 72248"
3838,Pharmacy Group,"996 Main St, Chicago, CA 15681"
3839,Grocery Store Corp,"122 Main St, Houston, CA 19288"
3840,Gas Station Inc,"137 Main St, Houston, CA 61454"
3841,Pharmacy Corp,"430 Main St, New York, TX 81311"
3842,Pharmacy Co,"296 Main St, New York, NY 32584"
3843,Clothing Store LLC,"520 Main St, Phoenix, CA 22469"
3844,Coffee Shop Group,"182 Main St, Houston, TX 23142"
3845,Pharmacy LLC,"654 Main St, Los Angeles, CA 66968"
3846,Restaurant Corp,"582 Main St, Houston, CA 52987"
3847,Clothing Store Inc,"828 Main St, Phoenix, NY 45397"
3848,Hotel Group,"538 Main St, Los Angeles, CA 19125"
3849,Gas Station Inc,"823 Main St, Los Angeles, CA 86323"
3850,Hotel Corp,"227 Main St, Phoenix, TX 71504"
3851,Grocery Store Co,"852 Main St, Phoenix, CA 88688"
3852,Grocery Store Inc,"801 Main St, Los Angeles, CA 57483"
3853,Coffee Shop Co,"398 Main St, Houston, TX 32944"
3854,Hotel Inc,"531 Main St, New York, AZ 91766"
3855,Gas Station Co,"994 Main St, Houston, CA 23111"
3856,Clothing Store Corp,"977 Main St, New York, CA 90776"
3857,Retail Store Co,"830 Main St, New York, CA 93863"
3858,Hotel Inc,"323 Main St, Chicago, TX 33227"
3859,Coffee Shop Co,"546 Main St, Chicago, AZ 75511"
3860,Coffee Shop Group,"768 Main St, Phoenix, AZ 90321"
3861,Restaurant Inc,"635 Main St, Los Angeles, TX 60052"
3862,Gas Station Corp,"247 Main St, Houston, CA 75563"
3863,Grocery Store Co,"286 Main St, Chicago, NY 94105"
3864,Gas Station Inc,"538 Main St, Chicago, TX 73639"
3865,Clothing Store Co,"990 Main St, Phoenix, IL 41924"
3866,Pharmacy Corp,"531 Main St, Phoenix, TX 77163"
3867,Clothing Store Corp,"838 Main St, New York, AZ 61817"
3868,Restaurant Group,"356 Main St, Chicago, CA 45005"
3869,Grocery Store LLC,"392 Main St, Los Angeles, NY 11740"
3870,Hotel Corp,"827 Main St, New York, NY 33096"
3871,Coffee Shop Co,"202 Main St, Phoenix, NY 46907"
3872,Gas Station Co,"217 Main St, Los Angeles, TX 36110"
3873,Hotel Group,"809 Main St, Phoenix, CA 51887"
3874,Hotel Co,"787 Main St, Phoenix, TX 71250"
3875,Retail Store Corp,"497 Main St, New York, CA 46767"
3876,Hotel LLC,"492 Main St, New York, TX 18505"
3877,Restaurant Inc,"333 Main St, Phoenix, TX 77997"
3878,Restaurant Group,"144 Main St, Los Angeles, IL 90149"
3879,Retail Store Group,"136 Main St, Phoenix, IL 35196"
3880,Electronics Store Group,"882 Main St, Chicago, IL 94489"
3881,Clothing Store LLC,"684 Main St, New York, AZ 80557"
3882,Grocery Store Inc,"232 Main St, Phoenix, TX 22883"
3883,Retail Store Group,"829 Main St, New York, AZ 39111"
3884,Electronics Store Corp,"799 Main St, New York, IL 75939"
3885,Grocery Store Corp,"431 Main St, Los Angeles, AZ 46863"
3886,Pharmacy Inc,"322 Main St, Phoenix, IL 36523"
3887,Gas Station Corp,"246 Main St, Los Angeles, NY 17548"
3888,Restaurant LLC,"556 Main St, New York, TX 16513"
3889,Hotel Inc,"482 Main St, New York, TX 11672"
3890,Restaurant Corp,"822 Main St, New York, AZ 42963"
3891,Clothing Store LLC,"540 Main St, Phoenix, CA 24299"
3892,Pharmacy Group,"891 Main St, Chicago, IL 43206"
3893,Restaurant Group,"591 Main St, Los Angeles, CA 57391"
3894,Retail Store LLC,"231 Main St, Chicago, TX 97512"
3895,Gas Station Inc,"587 Main St, Houston, NY 73504"
3896,Hotel Inc,"943 Main St, Phoenix, AZ 26893"
3897,Retail Store LLC,"631 Main St, Phoenix, CA 42871"
3898,Retail Store LLC,"614 Main St, Los Angeles, CA 40566"
3899,Gas Station Corp,"737 Main St, Phoenix, AZ 71633"
3900,Pharmacy LLC,"587 Main St, Chicago, CA 22852"
3901,Grocery Store Corp,"683 Main St, Phoenix, TX 59659"
3902,Coffee Shop Corp,"308 Main St, Houston, TX 12380"
3903,Coffee Shop LLC,"378 Main St, Houston, TX 74900"
3904,Clothing Store LLC,"500 Main St, Houston, NY 77048"
3905,Pharmacy Corp,"504 Main St, Los Angeles, CA 94277"
3906,Gas Station LLC,"501 Main St, Chicago, AZ 96996"
3907,Restaurant Corp,"930 Main St, New York, IL 90696"
3908,Hotel Inc,"646 Main St, Chicago, IL 83145"
3909,Electronics Store Corp,"974 Main St, Chicago, IL 93711"
3910,Gas Station LLC,"349 Main St, Houston, CA 33670"
3911,Hotel Corp,"203 Main St, New York, NY 45853"
3912,Gas Station Corp,"313 Main St, Chicago, NY 37744"
3913,Gas Station LLC,"777 Main St, New York, TX 75845"
3914,Clothing Store Corp,"154 Main St, Chicago, TX 38157"
3915,Electronics Store Group,"936 Main St, New York, NY 32920"
3916,Restaurant LLC,"573 Main St, Phoenix, TX 89590"
3917,Retail Store Co,"363 Main St, New York, AZ 21858"
3918,Hotel Co,"481 Main St, New York, TX 26497"
3919,Pharmacy Co,"722 Main St, Houston, AZ 91867"
3920,Restaurant LLC,"649 Main St, New York, TX 66157"
3921,Hotel Co,"769 Main St, Phoenix, TX 74517"
3922,Coffee Shop Corp,"268 Main St, Phoenix, AZ 89078"
3923,Pharmacy Corp,"186 Main St, Houston, NY 13687"
3924,Restaurant Co,"940 Main St, Los Angeles, TX 97870"
3925,Pharmacy Inc,"975 Main St, New York, TX 41199"
3926,Pharmacy Inc,"988 Main St, Los Angeles, CA 62405"
3927,Coffee Shop Group,"490 Main St, New York, TX 11235"
3928,Retail Store Co,"382 Main St, Chicago, CA 46799"
3929,Grocery Store Corp,"955 Main St, New York, CA 39282"
3930,Electronics Store Corp,"563 Main St, Chicago, TX 57752"
3931,Pharmacy LLC,"150 Main St, Houston, CA 19626"
3932,Electronics Store LLC,"607 Main St, Houston, AZ 46873"
3933,Grocery Store Corp,"180 Main St, New York, IL 88632"
3934,Clothing Store Corp,"462 Main St, Phoenix, CA 42568"
3935,Hotel Group,"521 Main St, Phoenix, NY 77140"
3936,Coffee Shop Co,"703 Main St, Chicago, CA 41083"
3937,Grocery Store LLC,"317 Main St, New York, AZ 40802"
3938,Grocery Store Group,"729 Main St, Phoenix, TX 80841"
3939,Pharmacy Co,"708 Main St, Phoenix, TX 50819"
3940,Clothing Store Corp,"467 Main St, New York, IL 55507"
3941,Hotel Group,"575 Main St, Phoenix, NY 39482"
3942,Electronics Store LLC,"368 Main St, Houston, CA 37972"
3943,Electronics Store Inc,"254 Main St, Houston, AZ 39350"
3944,Coffee Shop Inc,"808 Main St, Los Angeles, TX 44588"
3945,Coffee Shop Corp,"820 Main St, Phoenix, IL 27860"
3946,Hotel Corp,"362 Main St, Los Angeles, AZ 19575"
3947,Electronics Store Corp,"149 Main St, Chicago, NY 71680"
3948,Clothing Store Group,"877 Main St, Phoenix, AZ 39867"
3949,Clothing Store Co,"344 Main St, Los Angeles, CA 61023"
3950,Gas Station Corp,"555 Main St, New York, TX 52261"
3951,Clothing Store Group,"104 Main St, Houston, CA 11327"
3952,Coffee Shop Inc,"800 Main St, New York, CA 17011"
3953,Coffee Shop Group,"506 Main St, Chicago, IL 78689"
3954,Clothing Store Inc,"421 Main St, New York, TX 47725"
3955,Electronics Store Corp,"463 Main St, New York, CA 52139"
3956,Gas Station Group,"535 Main St, Phoenix, IL 32338"
3957,Hotel Co,"382 Main St, Chicago, NY 43794"
3958,Clothing Store Co,"169 Main St, Houston, IL 51448"
3959,Hotel Co,"956 Main St, Los Angeles, AZ 70591"
3960,Hotel Inc,"211 Main St, Houston, TX 30431"
3961,Restaurant Inc,"410 Main St, Chicago, TX 76589"
3962,Retail Store Corp,"121 Main St, Houston, AZ 67465"
3963,Grocery Store LLC,"646 Main St, Chicago, AZ 94398"
3964,Clothing Store Co,"891 Main St, Chicago, TX 81305"
3965,Pharmacy Inc,"809 Main St, Houston, IL 55113"
3966,Gas Station Corp,"971 Main St, Phoenix, CA 29607"
3967,Pharmacy Group,"122 Main St, Phoenix, CA 85185"
3968,Pharmacy LLC,"198 Main St, Los Angeles, NY 74531"
3969,Restaurant LLC,"435 Main St, New York, AZ 87832"
3970,Hotel Inc,"790 Main St, Los Angeles, CA 45404"
3971,Gas Station LLC,"273 Main St, Phoenix, IL 91002"
3972,Electronics Store Co,"610 Main St, Los Angeles, NY 25314"
3973,Gas Station Inc,"907 Main St, Chicago, TX 83157"
3974,Pharmacy Corp,"533 Main St, Los Angeles, NY 98877"
3975,Electronics Store LLC,"663 Main St, Chicago, AZ 65292"
3976,Grocery Store Group,"444 Main St, New York, TX 30442"
3977,Coffee Shop LLC,"276 Main St, Los Angeles, NY 60790"
3978,Retail Store Inc,"898 Main St, Chicago, TX 44560"
3979,Grocery Store Group,"467 Main St, Los Angeles, CA 50350"
3980,Restaurant Corp,"351 Main St, Houston, NY 37737"
3981,Retail Store Corp,"715 Main St, Phoenix, AZ 73712"
3982,Clothing Store Group,"548 Main St, Chicago, NY 96701"
3983,Retail Store Co,"138 Main St, Chicago, NY 81506"
3984,Retail Store Inc,"450 Main St, New York, NY 25862"
3985,Coffee Shop Group,"809 Main St, Chicago, IL 62640"
3986,Pharmacy Co,"811 Main St, Los Angeles, CA 40649"
3987,Hotel Group,"149 Main St, Los Angeles, TX 87577"
3988,Clothing Store Inc,"622 Main St, Houston, CA 81335"
3989,Hotel Inc,"188 Main St, Houston, TX 66952"
3990,Gas Station LLC,"561 Main St, Chicago, TX 71075"
3991,Retail Store Co,"887 Main St, Los Angeles, NY 23783"
3992,Grocery Store Inc,"944 Main St, Los Angeles, NY 41887"
3993,Gas Station Co,"209 Main St, Phoenix, IL 88867"
3994,Retail Store Co,"922 Main St, Phoenix, TX 44216"
3995,Grocery Store Inc,"306 Main St, Chicago, AZ 45123"
3996,Retail Store Group,"151 Main St, New York, AZ 71627"
3997,Coffee Shop Group,"756 Main St, Phoenix, CA 38729"
3998,Gas Station Co,"196 Main St, Houston, NY 67181"
3999,Coffee Shop Corp,"540 Main St, Chicago, IL 21868"
4000,Grocery Store Corp,"654 Main St, Los Angeles, CA 99701"
4001,Clothing Store LLC,"772 Main St, Houston, CA 22146"
4002,Retail Store Co,"491 Main St, Phoenix, NY 86474"
4003,Gas Station LLC,"619 Main St, Houston, CA 28041"
4004,Retail Store Group,"915 Main St, Houston, AZ 46617"
4005,Gas Station Inc,"266 Main St, Phoenix, AZ 88862"
4006,Grocery Store LLC,"867 Main St, New York, NY 74991"
4007,Coffee Shop Corp,"113 Main St, New York, AZ 62552"
4008,Gas Station Co,"378 Main St, New York, TX 57190"
4009,Restaurant Inc,"478 Main St, Phoenix, NY 99144"
4010,Pharmacy Co,"535 Main St, New York, CA 76707"
4011,Gas Station Inc,"219 Main St, Phoenix, AZ 56187"
4012,Restaurant Group,"781 Main St, Los Angeles, IL 61172"
4013,Hotel Co,"673 Main St, New York, TX 47372"
4014,Clothing Store LLC,"213 Main St, Los Angeles, TX 58958"
4015,Hotel LLC,"370 Main St, New York, CA 55900"
4016,Coffee Shop Co,"341 Main St, Chicago, NY 95135"
4017,Electronics Store Corp,"899 Main St, Houston, TX 61815"
4018,Electronics Store Co,"934 Main St, Phoenix, IL 55159"
4019,Gas Station LLC,"870 Main St, Los Angeles, CA 66943"
4020,Clothing Store Inc,"317 Main St, Phoenix, CA 79244"
4021,Hotel Inc,"431 Main St, Houston, NY 68900"
4022,Restaurant Inc,"434 Main St, New York, TX 66364"
4023,Clothing Store LLC,"375 Main St, Phoenix, NY 14330"
4024,Clothing Store Group,"769 Main St, Chicago, NY 94932"
4025,Electronics Store Corp,"819 Main St, Chicago, NY 23608"
4026,Grocery Store Co,"763 Main St, New York, AZ 30534"
4027,Gas Station Inc,"197 Main St, New York, AZ 17353"
4028,Electronics Store LLC,"897 Main St, New York, NY 33351"
4029,Pharmacy LLC,"527 Main St, Phoenix, CA 23457"
4030,Pharmacy Corp,"155 Main St, Chicago, IL 77592"
4031,Clothing Store Group,"252 Main St, New York, CA 96773"
4032,Pharmacy Group,"434 Main St, Chicago, TX 69663"
4033,Gas Station LLC,"203 Main St, New York, NY 42236"
4034,Clothing Store LLC,"251 Main St, Los Angeles, AZ 67823"
4035,Coffee Shop Co,"316 Main St, New York, IL 59199"
4036,Coffee Shop LLC,"158 Main St, Phoenix, AZ 93062"
4037,Electronics Store Group,"264 Main St, Phoenix, TX 14472"
4038,Restaurant Corp,"512 Main St, New York, CA 57127"
4039,Retail Store LLC,"277 Main St, Los Angeles, CA 77854"
4040,Grocery Store LLC,"441 Main St, Houston, AZ 53774"
4041,Pharmacy Group,"429 Main St, Chicago, AZ 31916"
4042,Retail Store Co,"585 Main St, Chicago, IL 40845"
4043,Grocery Store Inc,"956 Main St, New York, CA 85146"
4044,Restaurant Co,"717 Main St, Houston, IL 44498"
4045,Clothing Store Group,"924 Main St, New York, TX 83918"
4046,Restaurant Group,"602 Main St, Phoenix, IL 89275"
4047,Clothing Store Co,"249 Main St, Phoenix, NY 28535"
4048,Hotel Inc,"522 Main St, New York, AZ 77977"
4049,Restaurant LLC,"562 Main St, New York, AZ 44194"
4050,Clothing Store Co,"757 Main St, Chicago, AZ 79938"
4051,Coffee Shop Corp,"231 Main St, Phoenix, NY 58437"
4052,Restaurant LLC,"933 Main St, Los Angeles, NY 50262"
4053,Hotel LLC,"210 Main St, Phoenix, TX 45741"
4054,Coffee Shop Group,"342 Main St, Los Angeles, CA 48685"
4055,Hotel LLC,"543 Main St, Houston, IL 39102"
4056,Grocery Store Co,"779 Main St, Houston, AZ 73090"
4057,Pharmacy Inc,"365 Main St, New York, AZ 96315"
4058,Restaurant Group,"397 Main St, Los Angeles, IL 19714"
4059,Retail Store Inc,"909 Main St, Chicago, AZ 38593"
4060,Gas Station Group,"799 Main St, Los Angeles, IL 52578"
4061,Coffee Shop Co,"707 Main St, Los Angeles, TX 80360"
4062,Coffee Shop LLC,"226 Main St, Chicago, IL 52284"
4063,Gas Station Co,"227 Main St, New York, AZ 21154"
4064,Grocery Store Inc,"863 Main St, Los Angeles, TX 27462"
4065,Retail Store LLC,"480 Main St, Phoenix, CA 59768"
4066,Hotel LLC,"382 Main St, New York, NY 17283"
4067,Gas Station LLC,"292 Main St, Phoenix, NY 86403"
4068,Coffee Shop Corp,"105 Main St, Phoenix, TX 82700"
4069,Clothing Store LLC,"975 Main St, Houston, TX 67514"
4070,Pharmacy Corp,"219 Main St, New York, IL 96350"
4071,Coffee Shop Co,"324 Main St, Phoenix, TX 45870"
4072,Grocery Store Inc,"905 Main St, Chicago, AZ 27460"
4073,Coffee Shop LLC,"153 Main St, Phoenix, IL 47549"
4074,Retail Store Group,"870 Main St, New York, NY 53744"
4075,Grocery Store Co,"465 Main St, Los Angeles, IL 29104"
4076,Clothing Store Corp,"158 Main St, New York, CA 71325"
4077,Clothing Store Inc,"467 Main St, Houston, TX 94681"
4078,Retail Store Corp,"295 Main St, Phoenix, CA 14897"
4079,Pharmacy Corp,"192 Main St, Chicago, IL 12897"
4080,Pharmacy Group,"657 Main St, Chicago, IL 21063"
4081,Clothing Store Group,"142 Main St, Los Angeles, NY 31967"
4082,Retail Store Co,"207 Main St, Chicago, CA 50096"
4083,Clothing Store LLC,"805 Main St, New York, CA 35422"
4084,Electronics Store Co,"790 Main St, New York, TX 74275"
4085,Coffee Shop Corp,"889 Main St, Chicago, IL 95842"
4086,Gas Station Corp,"375 Main St, Phoenix, TX 70586"
4087,Restaurant Corp,"900 Main St, Phoenix, TX 56277"
4088,Gas Station Inc,"950 Main St, Chicago, TX 42410"
4089,Retail Store Inc,"237 Main St, Phoenix, AZ 81628"
4090,Grocery Store Corp,"133 Main St, Chicago, TX 14850"
4091,Clothing Store Group,"369 Main St, New York, AZ 79224"
4092,Retail Store Group,"754 Main St, Los Angeles, TX 20453"
4093,Grocery Store LLC,"854 Main St, Phoenix, IL 88606"
4094,Retail Store Co,"170 Main St, Phoenix, CA 39031"
4095,Clothing Store Co,"304 Main St, New York, IL 65209"
4096,Grocery Store Co,"630 Main St, Houston, NY 45486"
4097,Grocery Store Co,"415 Main St, Los Angeles, CA 86868"
4098,Restaurant Corp,"429 Main St, Houston, NY 11738"
4099,Gas Station Group,"170 Main St, Phoenix, NY 52959"
4100,Retail Store Co,"736 Main St, Chicago, TX 96847"
4101,Electronics Store Inc,"237 Main St, Chicago, IL 39311"
4102,Grocery Store Inc,"848 Main St, Los Angeles, IL 67882"
4103,Grocery Store Corp,"943 Main St, Los Angeles, AZ 58390"
4104,Gas Station Inc,"396 Main St, Phoenix, AZ 10513"
4105,Pharmacy Group,"281 Main St, Los Angeles, CA 59927"
4106,Grocery Store Inc,"196 Main St, Chicago, CA 75266"
4107,Hotel Co,"435 Main St, New York, AZ 16023"
4108,Hotel Corp,"129 Main St, Los Angeles, CA 50400"
4109,Retail Store LLC,"688 Main St, Los Angeles, CA 98424"
4110,Retail Store Corp,"967 Main St, New York, IL 17996"
4111,Grocery Store Co,"920 Main St, Houston, IL 27691"
4112,Electronics Store Corp,"231 Main St, Los Angeles, CA 23185"
4113,Clothing Store Co,"939 Main St, Los Angeles, TX 36893"
4114,Coffee Shop Inc,"934 Main St, Los Angeles, IL 30732"
4115,Pharmacy LLC,"350 Main St, Phoenix, AZ 86273"
4116,Coffee Shop Co,"101 Main St, New York, CA 88142"
4117,Grocery Store Co,"513 Main St, Houston, TX 69079"
4118,Grocery Store Group,"867 Main St, Chicago, IL 51303"
4119,Gas Station Group,"135 Main St, Chicago, AZ 26452"
4120,Hotel LLC,"147 Main St, Houston, AZ 68426"
4121,Grocery Store Inc,"336 Main St, Phoenix, TX 25174"
4122,Electronics Store Group,"692 Main St, Phoenix, AZ 58230"
4123,Grocery Store Inc,"942 Main St, Houston, IL 65548"
4124,Grocery Store LLC,"326 Main St, Houston, NY 72570"
4125,Retail Store Group,"715 Main St, Los Angeles, AZ 43735"
4126,Coffee Shop Corp,"614 Main St, New York, TX 86729"
4127,Pharmacy Group,"563 Main St, Chicago, TX 80182"
4128,Gas Station Co,"938 Main St, New York, TX 96388"
4129,Coffee Shop Group,"472 Main St, New York, AZ 60164"
4130,Restaurant Corp,"513 Main St, Phoenix, CA 78811"
4131,Gas Station LLC,"209 Main St, Houston, CA 99434"
4132,Grocery Store Co,"498 Main St, Los Angeles, NY 43533"
4133,Restaurant Corp,"121 Main St, Los Angeles, IL 50824"
4134,Gas Station Inc,"552 Main St, Houston, NY 90345"
4135,Hotel Inc,"621 Main St, Los Angeles, IL 24876"
4136,Electronics Store Corp,"544 Main St, Los Angeles, CA 93371"
4137,Restaurant Inc,"357 Main St, Phoenix, AZ 94123"
4138,Grocery Store Inc,"445 Main St, Chicago, CA 50874"
4139,Grocery Store Co,"462 Main St, Los Angeles, IL 73143"
4140,Electronics Store Co,"610 Main St, New York, IL 15910"
4141,Gas Station Co,"640 Main St, Chicago, TX 92285"
4142,Gas Station Co,"866 Main St, Phoenix, TX 41867"
4143,Gas Station Inc,"858 Main St, Houston, NY 75942"
4144,Clothing Store Group,"828 Main St, New York, AZ 44883"
4145,Hotel Inc,"769 Main St, Phoenix, AZ 98181"
4146,Hotel Co,"831 Main St, Houston, NY 41376"
4147,Clothing Store Group,"621 Main St, New York, NY 30452"
4148,Gas Station Group,"495 Main St, New York, IL 27796"
4149,Pharmacy Corp,"366 Main St, Chicago, CA 96524"
4150,Grocery Store Co,"641 Main St, Houston, NY 52811"
4151,Retail Store Group,"529 Main St, Chicago, IL 74335"
4152,Pharmacy Co,"127 Main St, Los Angeles, CA 36100"
4153,Coffee Shop Corp,"280 Main St, New York, AZ 78071"
4154,Restaurant Corp,"358 Main St, Chicago, NY 42082"
4155,Hotel Corp,"781 Main St, Chicago, NY 59934"
4156,Clothing Store Co,"267 Main St, Chicago, IL 75390"
4157,Grocery Store Corp,"884 Main St, Los Angeles, TX 27576"
4158,Gas Station Inc,"805 Main St, New York, TX 91117"
4159,Coffee Shop LLC,"176 Main St, New York, NY 78772"
4160,Retail Store Group,"800 Main St, Los Angeles, CA 58527"
4161,Gas Station Co,"470 Main St, Houston, CA 97167"
4162,Pharmacy Corp,"831 Main St, Chicago, AZ 91882"
4163,Restaurant Corp,"271 Main St, New York, AZ 51838"
4164,Restaurant LLC,"925 Main St, New York, TX 90344"
4165,Hotel LLC,"800 Main St, New York, IL 86811"
4166,Electronics Store Corp,"237 Main St, New York, AZ 14208"
4167,Restaurant Corp,"215 Main St, Los Angeles, CA 12880"
4168,Hotel Corp,"218 Main St, Houston, TX 38990"
4169,Retail Store Inc,"720 Main St, Houston, TX 50169"
4170,Electronics Store Inc,"313 Main St, Los Angeles, NY 94977"
4171,Grocery Store LLC,"701 Main St, Phoenix, AZ 60573"
4172,Electronics Store Group,"780 Main St, Los Angeles, IL 70392"
4173,Grocery Store Corp,"684 Main St, New York, IL 74397"
4174,Retail Store Co,"284 Main St, Chicago, IL 24605"
4175,Gas Station Inc,"395 Main St, Houston, NY 28137"
4176,Hotel LLC,"297 Main St, Houston, AZ 45849"
4177,Pharmacy LLC,"793 Main St, Los Angeles, CA 62505"
4178,Restaurant Co,"335 Main St, Chicago, IL 43114"
4179,Hotel Co,"310 Main St, Los Angeles, NY 43417"
4180,Electronics Store Inc,"643 Main St, Phoenix, NY 40612"
4181,Restaurant Corp,"479 Main St, New York, CA 98109"
4182,Clothing Store Inc,"411 Main St, Los Angeles, CA 78618"
4183,Clothing Store LLC,"709 Main St, Houston, IL 55020"
4184,Coffee Shop Corp,"779 Main St, Los Angeles, AZ 52492"
4185,Coffee Shop Inc,"397 Main St, Chicago, NY 58385"
4186,Grocery Store Group,"582 Main St, New York, CA 76074"
4187,Gas Station Group,"106 Main St, New York, NY 36086"
4188,Clothing Store Inc,"933 Main St, Houston, TX 35945"
4189,Retail Store Corp,"462 Main St, New York, NY 17207"
4190,Restaurant Inc,"642 Main St, Houston, IL 59953"
4191,Pharmacy Co,"504 Main St, Chicago, CA 79231"
4192,Electronics Store Inc,"739 Main St, Chicago, TX 45701"
4193,Restaurant Inc,"632 Main St, New York, TX 65256"
4194,Retail Store LLC,"205 Main St, Chicago, AZ 14220"
4195,Gas Station Corp,"567 Main St, New York, IL 71939"
4196,Grocery Store Corp,"383 Main St, Chicago, NY 88285"
4197,Grocery Store Co,"984 Main St, Phoenix, IL 72065"
4198,Clothing Store Group,"537 Main St, Houston, NY 18155"
4199,Hotel Inc,"992 Main St, Chicago, NY 13905"
4200,Hotel LLC,"784 Main St, Chicago, TX 36416"
4201,Gas Station Group,"223 Main St, Chicago, AZ 66421"
4202,Retail Store Corp,"262 Main St, Phoenix, CA 32862"
4203,Restaurant Co,"631 Main St, Houston, IL 30325"
4204,Gas Station Inc,"262 Main St, Phoenix, NY 38868"
4205,Restaurant Co,"838 Main St, Los Angeles, AZ 48888"
4206,Electronics Store Corp,"767 Main St, Phoenix, NY 88070"
4207,Gas Station Co,"530 Main St, Los Angeles, IL 97387"
4208,Clothing Store Co,"715 Main St, New York, CA 63341"
4209,Retail Store Corp,"807 Main St, Houston, TX 19016"
4210,Gas Station Inc,"186 Main St, Chicago, IL 57641"
4211,Clothing Store LLC,"251 Main St, Phoenix, CA 97592"
4212,Pharmacy Inc,"221 Main St, Houston, CA 91253"
4213,Coffee Shop Co,"336 Main St, Phoenix, CA 43009"
4214,Clothing Store Co,"908 Main St, Phoenix, CA 32055"
4215,Pharmacy LLC,"754 Main St, New York, TX 22417"
4216,Hotel Co,"144 Main St, New York, TX 28771"
4217,Gas Station Group,"553 Main St, Houston, TX 60059"
4218,Hotel Inc,"766 Main St, Phoenix, NY 60464"
4219,Grocery Store Group,"566 Main St, New York, NY 40827"
4220,Grocery Store Co,"224 Main St, Phoenix, CA 78490"
4221,Grocery Store Group,"504 Main St, Los Angeles, TX 15316"
4222,Electronics Store Corp,"685 Main St, Los Angeles, AZ 51656"
4223,Retail Store Corp,"436 Main St, Phoenix, IL 99533"
4224,Clothing Store Inc,"936 Main St, Los Angeles, AZ 43517"
4225,Restaurant Inc,"125 Main St, Houston, IL 63466"
4226,Hotel Group,"401 Main St, Phoenix, IL 51701"
4227,Hotel Inc,"301 Main St, Phoenix, TX 63385"
4228,Hotel Inc,"133 Main St, Los Angeles, IL 48582"
4229,Grocery Store Inc,"961 Main St, New York, CA 57322"
4230,Restaurant Group,"215 Main St, Chicago, CA 91491"
4231,Restaurant Co,"960 Main St, Houston, TX 27665"
4232,Gas Station Group,"614 Main St, Chicago, NY 56211"
4233,Hotel Corp,"163 Main St, Phoenix, TX 13875"
4234,Retail Store Corp,"204 Main St, Chicago, CA 17192"
4235,Pharmacy Inc,"102 Main St, New York, TX 88711"
4236,Clothing Store Inc,"180 Main St, Los Angeles, CA 69737"
4237,Restaurant LLC,"992 Main St, Houston, AZ 61467"
4238,Coffee Shop Co,"770 Main St, Los Angeles, NY 46803"
4239,Hotel Inc,"647 Main St, Chicago, AZ 88370"
4240,Electronics Store LLC,"411 Main St, Phoenix, AZ 46854"
4241,Retail Store Inc,"340 Main St, New York, CA 61474"
4242,Retail Store Co,"379 Main St, New York, CA 14633"
4243,Electronics Store Inc,"374 Main St, New York, IL 66923"
4244,Coffee Shop Co,"191 Main St, Los Angeles, IL 12223"
4245,Pharmacy Inc,"158 Main St, Chicago, CA 92638"
4246,Retail Store Corp,"448 Main St, Los Angeles, TX 85335"
4247,Coffee Shop LLC,"338 Main St, New York, TX 98071"
4248,Electronics Store LLC,"345 Main St, Chicago, NY 35663"
4249,Restaurant Co,"762 Main St, New York, CA 78039"
4250,Clothing Store Inc,"523 Main St, Los Angeles, TX 52953"
4251,Restaurant LLC,"735 Main St, Phoenix, TX 10460"
4252,Gas Station Co,"590 Main St, Chicago, TX 89893"
4253,Retail Store LLC,"705 Main St, Los Angeles, CA 78133"
4254,Hotel Co,"761 Main St, Phoenix, AZ 80305"
4255,Pharmacy Group,"128 Main St, Los Angeles, TX 33646"
4256,Pharmacy Group,"856 Main St, Phoenix, NY 16064"
4257,Retail Store LLC,"507 Main St, New York, IL 80009"
4258,Clothing Store Co,"558 Main St, Los Angeles, TX 92639"
4259,Gas Station Inc,"441 Main St, Houston, AZ 85733"
4260,Pharmacy Co,"154 Main St, Houston, TX 37709"
4261,Restaurant Group,"417 Main St, Houston, NY 63703"
4262,Coffee Shop LLC,"208 Main St, Los Angeles, IL 89802"
4263,Clothing Store LLC,"995 Main St, Chicago, IL 65394"
4264,Clothing Store Inc,"357 Main St, New York, CA 83739"
4265,Hotel Inc,"215 Main St, New York, TX 72910"
4266,Restaurant Corp,"813 Main St, Phoenix, CA 61775"
4267,Gas Station Group,"429 Main St, Houston, AZ 56678"
4268,Grocery Store Group,"324 Main St, New York, AZ 58546"
4269,Retail Store Co,"707 Main St, New York, AZ 51465"
4270,Clothing Store Group,"368 Main St, Los Angeles, CA 98155"
4271,Coffee Shop Corp,"251 Main St, Houston, TX 78504"
4272,Pharmacy Inc,"947 Main St, Houston, TX 29514"
4273,Grocery Store Group,"513 Main St, Chicago, CA 48902"
4274,Clothing Store Group,"997 Main St, Chicago, NY 91405"
4275,Gas Station Corp,"959 Main St, New York, AZ 87754"
4276,Gas Station Inc,"282 Main St, New York, NY 42910"
4277,Restaurant LLC,"816 Main St, Houston, IL 54214"
4278,Grocery Store Group,"558 Main St, Houston, AZ 44701"
4279,Clothing Store Group,"488 Main St, Houston, IL 60545"
4280,Grocery Store Group,"185 Main St, Chicago, IL 47876"
4281,Hotel Inc,"862 Main St, Chicago, TX 15078"
4282,Grocery Store LLC,"690 Main St, New York, IL 83040"
4283,Clothing Store Corp,"852 Main St, New York, TX 47028"
4284,Clothing Store Inc,"877 Main St, Chicago, NY 37360"
4285,Gas Station Inc,"838 Main St, Chicago, AZ 38505"
4286,Restaurant Inc,"933 Main St, Houston, AZ 87114"
4287,Retail Store LLC,"411 Main St, Chicago, CA 54974"
4288,Electronics Store Group,"244 Main St, Los Angeles, NY 62620"
4289,Clothing Store LLC,"526 Main St, New York, CA 41736"
4290,Pharmacy Group,"338 Main St, Phoenix, IL 72650"
4291,Retail Store Co,"173 Main St, Chicago, AZ 78848"
4292,Restaurant Inc,"916 Main St, New York, CA 93937"
4293,Clothing Store Inc,"152 Main St, New York, NY 69026"
4294,Coffee Shop LLC,"120 Main St, Chicago, NY 84570"
4295,Pharmacy Inc,"596 Main St, New York, TX 76546"
4296,Hotel Corp,"533 Main St, Chicago, IL 68661"
4297,Grocery Store Inc,"558 Main St, Chicago, IL 47304"
4298,Retail Store Inc,"530 Main St, Chicago, CA 27474"
4299,Pharmacy Inc,"116 Main St, Los Angeles, AZ 86426"
4300,Gas Station Co,"668 Main St, New York, TX 47064"
4301,Retail Store LLC,"927 Main St, Los Angeles, AZ 89034"
4302,Clothing Store LLC,"544 Main St, Chicago, TX 79187"
4303,Hotel LLC,"135 Main St, Phoenix, CA 34260"
4304,Restaurant Co,"399 Main St, Phoenix, CA 14117"
4305,Coffee Shop LLC,"433 Main St, Phoenix, TX 48844"
4306,Restaurant Co,"387 Main St, Phoenix, NY 46165"
4307,Electronics Store Co,"965 Main St, New York, NY 76004"
4308,Grocery Store Inc,"879 Main St, Los Angeles, AZ 41149"
4309,Gas Station Group,"532 Main St, Los Angeles, NY 98778"
4310,Electronics Store Group,"672 Main St, Phoenix, TX 17711"
4311,Clothing Store Corp,"916 Main St, New York, IL 40610"
4312,Grocery Store LLC,"493 Main St, Los Angeles, IL 48090"
4313,Hotel Corp,"496 Main St, Chicago, TX 16972"
4314,Gas Station Corp,"151 Main St, Chicago, AZ 96531"
4315,Coffee Shop Inc,"295 Main St, Phoenix, AZ 66794"
4316,Grocery Store Co,"151 Main St, New York, NY 70148"
4317,Coffee Shop Corp,"459 Main St, Phoenix, AZ 95935"
4318,Grocery Store Corp,"684 Main St, Phoenix, IL 82938"
4319,Grocery Store Corp,"159 Main St, Los Angeles, CA 26076"
4320,Grocery Store Corp,"775 Main St, New York, CA 41100"
4321,Grocery Store Corp,"997 Main St, Phoenix, IL 83579"
4322,Gas Station LLC,"146 Main St, Chicago, TX 18004"
4323,Hotel Group,"838 Main St, Los Angeles, CA 12633"
4324,Grocery Store Group,"808 Main St, Phoenix, IL 92021"
4325,Gas Station Group,"149 Main St, Phoenix, AZ 41059"
4326,Pharmacy Corp,"550 Main St, Houston, TX 73877"
4327,Retail Store Corp,"321 Main St, New York, CA 34305"
4328,Clothing Store Group,"142 Main St, Phoenix, TX 99943"
4329,Retail Store LLC,"485 Main St, Chicago, CA 96766"
4330,Retail Store Inc,"273 Main St, Chicago, IL 78329"
4331,Retail Store Co,"153 Main St, Phoenix, AZ 63884"
4332,Pharmacy Inc,"834 Main St, Phoenix, CA 58429"
4333,Restaurant LLC,"803 Main St, Los Angeles, CA 99768"
4334,Hotel Co,"832 Main St, Houston, IL 34016"
4335,Pharmacy Co,"756 Main St, New York, CA 34088"
4336,Coffee Shop Co,"275 Main St, Houston, TX 33718"
4337,Retail Store Corp,"208 Main St, Los Angeles, IL 43084"
4338,Coffee Shop Group,"739 Main St, New York, NY 68426"
4339,Pharmacy LLC,"926 Main St, Chicago, IL 91665"
4340,Hotel LLC,"768 Main St, Chicago, TX 88879"
4341,Retail Store Corp,"631 Main St, Houston, TX 94941"
4342,Grocery Store Corp,"468 Main St, Chicago, CA 94395"
4343,Hotel LLC,"793 Main St, New York, NY 60516"
4344,Coffee Shop Inc,"617 Main St, Houston, AZ 53394"
4345,Restaurant Co,"787 Main St, Phoenix, CA 89322"
4346,Gas Station Co,"799 Main St, Houston, TX 97807"
4347,Gas Station Inc,"249 Main St, Houston, CA 29193"
4348,Restaurant LLC,"941 Main St, Phoenix, CA 92384"
4349,Electronics Store Corp,"937 Main St, Los Angeles, IL 26425"
4350,Hotel Inc,"593 Main St, Houston, TX 88770"
4351,Hotel Co,"972 Main St, Phoenix, CA 91884"
4352,Grocery Store Corp,"641 Main St, Phoenix, TX 12994"
4353,Electronics Store Corp,"330 Main St, Phoenix, NY 47470"
4354,Pharmacy Inc,"646 Main St, Los Angeles, TX 54081"
4355,Grocery Store Co,"960 Main St, Chicago, AZ 37159"
4356,Gas Station Co,"787 Main St, Phoenix, NY 76732"
4357,Electronics Store Inc,"277 Main St, New York, AZ 61708"
4358,Electronics Store Co,"850 Main St, Houston, CA 52862"
4359,Retail Store Inc,"228 Main St, Chicago, AZ 53575"
4360,Gas Station Co,"906 Main St, Phoenix, NY 78988"
4361,Hotel LLC,"308 Main St, Houston, IL 36466"
4362,Restaurant Inc,"118 Main St, Phoenix, TX 97628"
4363,Pharmacy Corp,"526 Main St, Houston, IL 59493"
4364,Grocery Store LLC,"758 Main St, Phoenix, IL 77474"
4365,Grocery Store Inc,"724 Main St, Chicago, NY 20094"
4366,Electronics Store Co,"566 Main St, Phoenix, TX 57012"
4367,Clothing Store Corp,"224 Main St, Houston, AZ 96549"
4368,Gas Station LLC,"520 Main St, Los Angeles, IL 85424"
4369,Restaurant Co,"958 Main St, Chicago, TX 55789"
4370,Restaurant Group,"827 Main St, Phoenix, NY 40918"
4371,Electronics Store Corp,"871 Main St, Houston, IL 24323"
4372,Restaurant Group,"899 Main St, New York, CA 89963"
4373,Clothing Store Co,"757 Main St, New York, CA 94092"
4374,Grocery Store Co,"694 Main St, Los Angeles, NY 66283"
4375,Retail Store Group,"974 Main St, Houston, CA 26582"
4376,Coffee Shop Corp,"915 Main St, Chicago, CA 66200"
4377,Restaurant Inc,"107 Main St, New York, TX 45075"
4378,Hotel Corp,"585 Main St, Houston, TX 18823"
4379,Gas Station Inc,"155 Main St, Houston, AZ 34637"
4380,Grocery Store Group,"451 Main St, Los Angeles, IL 90328"
4381,Clothing Store Co,"885 Main St, Phoenix, NY 31137"
4382,Restaurant Group,"163 Main St, New York, IL 52226"
4383,Hotel LLC,"561 Main St, Los Angeles, TX 20885"
4384,Grocery Store Inc,"787 Main St, New York, AZ 64919"
4385,Grocery Store LLC,"649 Main St, Los Angeles, CA 49753"
4386,Coffee Shop Co,"148 Main St, Houston, CA 55676"
4387,Restaurant Co,"631 Main St, Phoenix, NY 22258"
4388,Clothing Store Inc,"184 Main St, New York, IL 84907"
4389,Gas Station Inc,"218 Main St, Phoenix, NY 39863"
4390,Coffee Shop Inc,"446 Main St, New York, IL 44250"
4391,Clothing Store Corp,"437 Main St, New York, IL 15703"
4392,Restaurant Corp,"957 Main St, Phoenix, CA 83764"
4393,Gas Station Group,"171 Main St, Los Angeles, TX 10570"
4394,Grocery Store Corp,"516 Main St, Houston, NY 94406"
4395,Pharmacy Corp,"579 Main St, New York, NY 36646"
4396,Pharmacy Group,"674 Main St, Chicago, IL 99430"
4397,Pharmacy Inc,"953 Main St, Chicago, NY 41199"
4398,Retail Store Inc,"402 Main St, Chicago, AZ 54138"
4399,Hotel Inc,"389 Main St, Houston, TX 67991"
4400,Clothing Store Corp,"557 Main St, Chicago, NY 97817"
4401,Pharmacy Inc,"630 Main St, New York, CA 89377"
4402,Grocery Store Corp,"531 Main St, Chicago, AZ 48686"
4403,Hotel Co,"704 Main St, New York, AZ 20621"
4404,Hotel Inc,"315 Main St, New York, NY 70296"
4405,Restaurant Group,"405 Main St, Houston, AZ 17668"
4406,Grocery Store Inc,"894 Main St, Houston, AZ 22629"
4407,Coffee Shop Co,"316 Main St, New York, IL 20751"
4408,Retail Store LLC,"792 Main St, Phoenix, IL 48838"
4409,Retail Store Corp,"888 Main St, Chicago, TX 49420"
4410,Coffee Shop Inc,"494 Main St, Los Angeles, CA 26620"
4411,Pharmacy Corp,"404 Main St, Houston, IL 42226"
4412,Restaurant Corp,"704 Main St, New York, CA 57393"
4413,Clothing Store LLC,"199 Main St, Chicago, CA 11247"
4414,Coffee Shop Co,"550 Main St, Los Angeles, NY 10993"
4415,Hotel Inc,"532 Main St, Los Angeles, CA 10908"
4416,Clothing Store LLC,"878 Main St, New York, TX 63626"
4417,Grocery Store Inc,"267 Main St, Los Angeles, CA 67192"
4418,Coffee Shop Corp,"740 Main St, Houston, CA 87129"
4419,Retail Store LLC,"135 Main St, New York, CA 70722"
4420,Hotel Group,"397 Main St, Los Angeles, CA 35892"
4421,Restaurant Inc,"464 Main St, Houston, CA 92781"
4422,Restaurant Co,"160 Main St, Phoenix, IL 50369"
4423,Coffee Shop Corp,"528 Main St, Chicago, IL 70914"
4424,Electronics Store Corp,"297 Main St, Houston, TX 69156"
4425,Pharmacy Inc,"410 Main St, New York, NY 92488"
4426,Pharmacy Corp,"872 Main St, Los Angeles, NY 52438"
4427,Electronics Store LLC,"503 Main St, New York, IL 38431"
4428,Coffee Shop LLC,"485 Main St, Chicago, AZ 30619"
4429,Restaurant Group,"812 Main St, New York, TX 69753"
4430,Grocery Store Co,"406 Main St, Houston, AZ 32003"
4431,Hotel Group,"225 Main St, Houston, TX 77206"
4432,Coffee Shop LLC,"777 Main St, Los Angeles, CA 34741"
4433,Retail Store LLC,"386 Main St, Phoenix, AZ 54038"
4434,Electronics Store Group,"768 Main St, Phoenix, CA 70495"
4435,Coffee Shop LLC,"918 Main St, Phoenix, CA 26752"
4436,Gas Station Co,"406 Main St, Houston, TX 94669"
4437,Electronics Store Group,"609 Main St, Phoenix, IL 89001"
4438,Coffee Shop LLC,"203 Main St, Houston, CA 75593"
4439,Grocery Store Corp,"726 Main St, Los Angeles, AZ 70118"
4440,Restaurant Inc,"666 Main St, Houston, NY 28194"
4441,Gas Station Group,"316 Main St, Houston, CA 71636"
4442,Hotel LLC,"698 Main St, Houston, TX 47939"
4443,Retail Store Group,"248 Main St, Chicago, NY 10514"
4444,Coffee Shop Co,"820 Main St, Houston, NY 73635"
4445,Gas Station Co,"124 Main St, Los Angeles, CA 69690"
4446,Retail Store Group,"409 Main St, Chicago, NY 37135"
4447,Electronics Store LLC,"757 Main St, Phoenix, TX 72743"
4448,Retail Store Group,"953 Main St, Chicago, TX 11748"
4449,Electronics Store Co,"922 Main St, Chicago, CA 83826"
4450,Pharmacy Co,"680 Main St, Los Angeles, TX 78217"
4451,Pharmacy Corp,"460 Main St, Houston, NY 95036"
4452,Clothing Store Inc,"263 Main St, Chicago, AZ 25963"
4453,Pharmacy Corp,"947 Main St, Houston, CA 15280"
4454,Grocery Store LLC,"959 Main St, Phoenix, CA 51548"
4455,Coffee Shop Corp,"475 Main St, Phoenix, IL 12185"
4456,Gas Station LLC,"940 Main St, Chicago, IL 91124"
4457,Restaurant Group,"970 Main St, Los Angeles, CA 96912"
4458,Electronics Store Corp,"594 Main St, Houston, NY 16414"
4459,Restaurant Co,"421 Main St, Chicago, NY 87277"
4460,Pharmacy Group,"505 Main St, Los Angeles, NY 88503"
4461,Gas Station Group,"952 Main St, Los Angeles, AZ 50317"
4462,Clothing Store Inc,"625 Main St, Los Angeles, CA 67502"
4463,Electronics Store Co,"107 Main St, Chicago, TX 96997"
4464,Grocery Store Corp,"465 Main St, Chicago, AZ 66170"
4465,Coffee Shop Group,"560 Main St, Los Angeles, AZ 21374"
4466,Hotel Group,"943 Main St, Chicago, IL 32588"
4467,Clothing Store Inc,"208 Main St, Houston, IL 29011"
4468,Electronics Store Corp,"141 Main St, Los Angeles, CA 67730"
4469,Retail Store Inc,"217 Main St, New York, AZ 38618"
4470,Electronics Store LLC,"291 Main St, Los Angeles, CA 29541"
4471,Hotel Corp,"169 Main St, Chicago, AZ 80584"
4472,Pharmacy LLC,"500 Main St, Houston, CA 47480"
4473,Gas Station Co,"123 Main St, Houston, TX 50509"
4474,Clothing Store Corp,"782 Main St, Los Angeles, NY 87241"
4475,Grocery Store Inc,"563 Main St, New York, TX 39588"
4476,Grocery Store Group,"559 Main St, Phoenix, IL 13058"
4477,Electronics Store LLC,"455 Main St, Los Angeles, IL 89841"
4478,Retail Store Group,"107 Main St, Houston, CA 92120"
4479,Grocery Store LLC,"456 Main St, Chicago, NY 16133"
4480,Coffee Shop Inc,"213 Main St, Phoenix, IL 18855"
4481,Clothing Store Co,"509 Main St, Phoenix, TX 97481"
4482,Electronics Store Corp,"131 Main St, Houston, CA 11347"
4483,Retail Store Group,"756 Main St, Los Angeles, TX 15453"
4484,Electronics Store Inc,"721 Main St, New York, IL 68528"
4485,Coffee Shop Co,"358 Main St, Phoenix, TX 21572"
4486,Clothing Store Corp,"349 Main St, Los Angeles, NY 80641"
4487,Coffee Shop Co,"575 Main St, New York, IL 72011"
4488,Retail Store LLC,"864 Main St, Los Angeles, TX 33172"
4489,Gas Station Inc,"605 Main St, Houston, CA 22765"
4490,Restaurant Inc,"927 Main St, Los Angeles, AZ 53944"
4491,Retail Store Inc,"537 Main St, Phoenix, NY 15960"
4492,Electronics Store LLC,"756 Main St, Los Angeles, AZ 30129"
4493,Hotel Inc,"604 Main St, Houston, NY 44494"
4494,Hotel Inc,"342 Main St, Houston, IL 96565"
4495,Clothing Store Corp,"716 Main St, Los Angeles, TX 96832"
4496,Pharmacy Group,"609 Main St, Chicago, IL 61350"
4497,Hotel Co,"747 Main St, Phoenix, AZ 26864"
4498,Clothing Store Corp,"123 Main St, Los Angeles, CA 43397"
4499,Restaurant Corp,"174 Main St, New York, IL 38999"
4500,Retail Store Co,"221 Main St, Chicago, AZ 28275"
4501,Clothing Store LLC,"152 Main St, Phoenix, AZ 65599"
4502,Coffee Shop Corp,"741 Main St, Houston, CA 46221"
4503,Hotel Inc,"420 Main St, New York, IL 27539"
4504,Restaurant Co,"493 Main St, Chicago, TX 50424"
4505,Restaurant Co,"669 Main St, Houston, CA 62047"
4506,Grocery Store LLC,"535 Main St, Los Angeles, AZ 15306"
4507,Coffee Shop Corp,"134 Main St, New York, IL 96065"
4508,Grocery Store Inc,"447 Main St, Chicago, IL 93394"
4509,Electronics Store Corp,"678 Main St, New York, IL 71046"
4510,Restaurant Co,"676 Main St, Houston, TX 34371"
4511,Retail Store LLC,"384 Main St, Chicago, AZ 84030"
4512,Grocery Store Corp,"568 Main St, Chicago, TX 91108"
4513,Clothing Store Corp,"751 Main St, New York, TX 18938"
4514,Clothing Store Inc,"605 Main St, Houston, AZ 18516"
4515,Restaurant Inc,"367 Main St, Chicago, IL 56317"
4516,Electronics Store Co,"271 Main St, Los Angeles, AZ 88535"
4517,Electronics Store LLC,"258 Main St, Houston, IL 88074"
4518,Coffee Shop Inc,"212 Main St, Houston, IL 11873"
4519,Hotel Co,"562 Main St, Chicago, TX 62499"
4520,Pharmacy Corp,"391 Main St, Los Angeles, CA 52250"
4521,Pharmacy Group,"772 Main St, Los Angeles, AZ 82478"
4522,Pharmacy Corp,"324 Main St, Phoenix, CA 50090"
4523,Pharmacy LLC,"492 Main St, Houston, NY 43524"
4524,Retail Store Group,"448 Main St, Chicago, TX 87718"
4525,Pharmacy Corp,"287 Main St, New York, CA 53851"
4526,Coffee Shop Corp,"394 Main St, Chicago, CA 24451"
4527,Gas Station Group,"910 Main St, New York, AZ 23780"
4528,Grocery Store Co,"922 Main St, New York, IL 68933"
4529,Hotel LLC,"781 Main St, Los Angeles, NY 87169"
4530,Electronics Store Corp,"873 Main St, New York, TX 48765"
4531,Coffee Shop Corp,"575 Main St, New York, TX 47908"
4532,Clothing Store LLC,"872 Main St, New York, AZ 28248"
4533,Coffee Shop Co,"484 Main St, Houston, AZ 91515"
4534,Clothing Store LLC,"733 Main St, Los Angeles, AZ 84591"
4535,Pharmacy Group,"473 Main St, Phoenix, NY 26830"
4536,Grocery Store Group,"895 Main St, New York, IL 47322"
4537,Coffee Shop Co,"642 Main St, Los Angeles, IL 64576"
4538,Electronics Store Co,"203 Main St, Los Angeles, IL 11021"
4539,Electronics Store Group,"748 Main St, Los Angeles, NY 35671"
4540,Retail Store LLC,"868 Main St, Houston, CA 76537"
4541,Hotel LLC,"890 Main St, Los Angeles, NY 79621"
4542,Electronics Store Inc,"731 Main St, Houston, CA 33060"
4543,Grocery Store Corp,"921 Main St, New York, CA 56142"
4544,Hotel LLC,"581 Main St, Phoenix, IL 34005"
4545,Restaurant Group,"999 Main St, Los Angeles, IL 38327"
4546,Pharmacy LLC,"773 Main St, Los Angeles, CA 16952"
4547,Retail Store Corp,"939 Main St, Chicago, NY 67093"
4548,Clothing Store Corp,"479 Main St, Houston, IL 51010"
4549,Coffee Shop LLC,"129 Main St, Los Angeles, TX 55426"
4550,Pharmacy Group,"976 Main St, New York, AZ 33624"
4551,Coffee Shop Group,"380 Main St, Phoenix, CA 12940"
4552,Pharmacy LLC,"740 Main St, Chicago, CA 21137"
4553,Gas Station Inc,"135 Main St, New York, TX 43064"
4554,Gas Station LLC,"384 Main St, New York, AZ 49569"
4555,Retail Store Corp,"551 Main St, New York, IL 77611"
4556,Clothing Store Inc,"139 Main St, Phoenix, TX 32682"
4557,Hotel LLC,"776 Main St, Phoenix, NY 90642"
4558,Gas Station Co,"490 Main St, Los Angeles, TX 39752"
4559,Grocery Store Inc,"647 Main St, New York, CA 25202"
4560,Hotel Corp,"940 Main St, Houston, NY 51690"
4561,Coffee Shop Group,"247 Main St, Phoenix, TX 34411"
4562,Grocery Store LLC,"987 Main St, Phoenix, CA 79952"
4563,Retail Store Corp,"887 Main St, Chicago, NY 38371"
4564,Clothing Store LLC,"492 Main St, Phoenix, IL 45027"
4565,Hotel Inc,"672 Main St, Houston, CA 56023"
4566,Coffee Shop Group,"683 Main St, Phoenix, AZ 56917"
4567,Gas Station Group,"439 Main St, Phoenix, NY 68671"
4568,Electronics Store Co,"529 Main St, Phoenix, CA 37569"
4569,Hotel Corp,"731 Main St, Phoenix, CA 37100"
4570,Gas Station LLC,"357 Main St, Houston, AZ 82932"
4571,Electronics Store Corp,"294 Main St, New York, IL 55611"
4572,Retail Store LLC,"271 Main St, Chicago, AZ 87866"
4573,Pharmacy Co,"746 Main St, Chicago, TX 27144"
4574,Grocery Store Corp,"405 Main St, Chicago, IL 48655"
4575,Hotel Co,"681 Main St, Chicago, CA 95210"
4576,Hotel Co,"581 Main St, New York, AZ 65148"
4577,Gas Station LLC,"124 Main St, New York, CA 73718"
4578,Pharmacy LLC,"410 Main St, Phoenix, NY 23950"
4579,Coffee Shop Inc,"619 Main St, Houston, AZ 46575"
4580,Clothing Store Inc,"330 Main St, Chicago, AZ 22039"
4581,Restaurant Group,"944 Main St, Phoenix, AZ 92611"
4582,Clothing Store Inc,"136 Main St, Phoenix, NY 52110"
4583,Pharmacy Corp,"452 Main St, Chicago, NY 90828"
4584,Gas Station Co,"452 Main St, New York, IL 15664"
4585,Pharmacy Inc,"929 Main St, Phoenix, IL 14437"
4586,Restaurant Co,"551 Main St, New York, AZ 54475"
4587,Restaurant Inc,"886 Main St, Phoenix, NY 89513"
4588,Coffee Shop Co,"828 Main St, Los Angeles, TX 13042"
4589,Electronics Store Corp,"499 Main St, Houston, CA 50529"
4590,Hotel Co,"883 Main St, Houston, IL 21907"
4591,Pharmacy Group,"626 Main St, Chicago, NY 12630"
4592,Coffee Shop Co,"117 Main St, Los Angeles, IL 80051"
4593,Pharmacy Co,"614 Main St, Chicago, AZ 20639"
4594,Electronics Store Co,"928 Main St, Chicago, AZ 42747"
4595,Coffee Shop Group,"967 Main St, New York, AZ 65435"
4596,Restaurant Co,"709 Main St, Houston, AZ 36904"
4597,Hotel Group,"354 Main St, New York, TX 55703"
4598,Gas Station Inc,"524 Main St, Chicago, CA 72402"
4599,Hotel Co,"174 Main St, Chicago, TX 66402"
4600,Restaurant Co,"205 Main St, Phoenix, CA 13840"
4601,Clothing Store Inc,"481 Main St, New York, NY 67130"
4602,Retail Store Group,"319 Main St, Phoenix, AZ 67251"
4603,Electronics Store Corp,"153 Main St, Chicago, CA 63585"
4604,Gas Station Corp,"235 Main St, Phoenix, NY 56255"
4605,Pharmacy Inc,"250 Main St, Los Angeles, NY 49772"
4606,Electronics Store Co,"402 Main St, Los Angeles, IL 15077"
4607,Clothing Store Inc,"183 Main St, Los Angeles, IL 79944"
4608,Electronics Store Corp,"856 Main St, Chicago, TX 73523"
4609,Coffee Shop Co,"378 Main St, Los Angeles, AZ 47206"
4610,Gas Station Group,"410 Main St, Houston, CA 88451"
4611,Coffee Shop Co,"808 Main St, Los Angeles, NY 59757"
4612,Pharmacy Inc,"927 Main St, Houston, NY 43441"
4613,Grocery Store Corp,"372 Main St, Los Angeles, AZ 56497"
4614,Electronics Store Inc,"480 Main St, New York, AZ 77303"
4615,Retail Store Group,"462 Main St, New York, TX 71174"
4616,Hotel Corp,"511 Main St, New York, NY 41230"
4617,Restaurant Group,"287 Main St, Phoenix, AZ 63079"
4618,Clothing Store LLC,"207 Main St, Houston, CA 64102"
4619,Pharmacy LLC,"409 Main St, Houston, CA 79854"
4620,Retail Store Inc,"892 Main St, Los Angeles, TX 14436"
4621,Retail Store Corp,"742 Main St, New York, CA 71533"
4622,Restaurant Inc,"980 Main St, Houston, TX 28911"
4623,Restaurant Co,"393 Main St, Houston, CA 79113"
4624,Gas Station Corp,"273 Main St, Phoenix, NY 66894"
4625,Hotel LLC,"332 Main St, Chicago, CA 96218"
4626,Hotel Co,"174 Main St, Los Angeles, CA 83418"
4627,Pharmacy Inc,"527 Main St, Los Angeles, CA 98044"
4628,Restaurant Co,"821 Main St, Los Angeles, IL 49051"
4629,Retail Store Group,"292 Main St, Los Angeles, TX 64532"
4630,Restaurant Co,"787 Main St, Los Angeles, AZ 60399"
4631,Pharmacy Co,"615 Main St, Phoenix, IL 14065"
4632,Restaurant Group,"808 Main St, Los Angeles, TX 20221"
4633,Pharmacy Co,"516 Main St, Los Angeles, IL 97559"
4634,Retail Store Co,"330 Main St, Los Angeles, AZ 61422"
4635,Coffee Shop Inc,"955 Main St, New York, NY 32220"
4636,Grocery Store Co,"199 Main St, New York, IL 89998"
4637,Clothing Store Corp,"408 Main St, New York, NY 45151"
4638,Coffee Shop Group,"247 Main St, Houston, CA 74006"
4639,Pharmacy Group,"761 Main St, New York, IL 49803"
4640,Coffee Shop LLC,"341 Main St, Houston, TX 62402"
4641,Gas Station Co,"735 Main St, Los Angeles, CA 12702"
4642,Gas Station Corp,"645 Main St, Phoenix, NY 88498"
4643,Retail Store Inc,"857 Main St, Chicago, AZ 47839"
4644,Coffee Shop Group,"747 Main St, Chicago, TX 51905"
4645,Hotel Corp,"788 Main St, Phoenix, AZ 15003"
4646,Electronics Store Group,"106 Main St, Chicago, NY 19211"
4647,Hotel Inc,"797 Main St, Chicago, CA 68212"
4648,Hotel Group,"540 Main St, Chicago, IL 42107"
4649,Coffee Shop Co,"681 Main St, Chicago, IL 39406"
4650,Grocery Store Inc,"594 Main St, Houston, CA 98491"
4651,Restaurant Co,"811 Main St, Houston, IL 58834"
4652,Restaurant Inc,"347 Main St, Phoenix, TX 88758"
4653,Restaurant LLC,"169 Main St, Phoenix, AZ 58403"
4654,Clothing Store Co,"815 Main St, New York, IL 80547"
4655,Retail Store Corp,"290 Main St, Phoenix, NY 33402"
4656,Clothing Store Corp,"892 Main St, Chicago, CA 21205"
4657,Gas Station Group,"263 Main St, Los Angeles, NY 74375"
4658,Electronics Store Corp,"473 Main St, Houston, TX 57939"
4659,Retail Store Group,"165 Main St, Houston, AZ 28656"
4660,Coffee Shop Group,"711 Main St, Chicago, NY 54734"
4661,Restaurant Inc,"494 Main St, Los Angeles, TX 54565"
4662,Gas Station LLC,"767 Main St, Los Angeles, CA 17700"
4663,Retail Store Inc,"226 Main St, Chicago, NY 10960"
4664,Pharmacy Co,"276 Main St, Los Angeles, CA 33598"
4665,Restaurant LLC,"913 Main St, New York, CA 88236"
4666,Pharmacy LLC,"299 Main St, Chicago, CA 45185"
4667,Clothing Store Inc,"885 Main St, New York, CA 98070"
4668,Coffee Shop Inc,"900 Main St, Los Angeles, CA 77264"
4669,Clothing Store Inc,"297 Main St, New York, NY 59789"
4670,Restaurant Corp,"424 Main St, Los Angeles, TX 47036"
4671,Grocery Store Co,"247 Main St, New York, TX 22500"
4672,Grocery Store Co,"279 Main St, Houston, CA 73046"
4673,Clothing Store Corp,"486 Main St, New York, NY 36931"
4674,Grocery Store Inc,"382 Main St, Houston, AZ 52375"
4675,Gas Station Co,"279 Main St, Phoenix, TX 71554"
4676,Gas Station Inc,"862 Main St, Phoenix, NY 46240"
4677,Electronics Store Inc,"286 Main St, Los Angeles, AZ 66999"
4678,Gas Station Inc,"790 Main St, Houston, AZ 73610"
4679,Restaurant Corp,"346 Main St, Phoenix, TX 43171"
4680,Hotel LLC,"508 Main St, Phoenix, TX 63510"
4681,Hotel LLC,"799 Main St, Chicago, AZ 91137"
4682,Pharmacy Corp,"311 Main St, Phoenix, TX 17859"
4683,Pharmacy Inc,"400 Main St, New York, IL 60255"
4684,Clothing Store Co,"816 Main St, Houston, IL 69724"
4685,Gas Station Corp,"299 Main St, Phoenix, TX 79506"
4686,Pharmacy Corp,"358 Main St, New York, TX 45217"
4687,Coffee Shop LLC,"640 Main St, Houston, TX 28353"
4688,Clothing Store Inc,"531 Main St, Houston, TX 67137"
4689,Restaurant Corp,"655 Main St, Houston, CA 23240"
4690,Retail Store Co,"806 Main St, Phoenix, TX 60563"
4691,Grocery Store LLC,"806 Main St, Chicago, TX 70837"
4692,Retail Store Group,"287 Main St, Phoenix, AZ 62781"
4693,Clothing Store Corp,"408 Main St, Houston, IL 48628"
4694,Restaurant LLC,"629 Main St, Los Angeles, NY 56319"
4695,Pharmacy Group,"951 Main St, Chicago, NY 90537"
4696,Clothing Store LLC,"259 Main St, Phoenix, TX 39799"
4697,Electronics Store LLC,"890 Main St, Houston, IL 59727"
4698,Restaurant Group,"224 Main St, Phoenix, IL 17641"
4699,Pharmacy Group,"386 Main St, New York, AZ 85847"
4700,Retail Store Co,"259 Main St, Phoenix, NY 36859"
4701,Clothing Store Corp,"423 Main St, Chicago, NY 89386"
4702,Pharmacy LLC,"178 Main St, New York, AZ 31799"
4703,Clothing Store LLC,"814 Main St, Chicago, IL 63444"
4704,Retail Store Co,"624 Main St, New York, IL 34860"
4705,Clothing Store Inc,"781 Main St, Los Angeles, IL 85294"
4706,Clothing Store Co,"249 Main St, New York, IL 63517"
4707,Hotel Inc,"370 Main St, Los Angeles, CA 76813"
4708,Grocery Store Co,"453 Main St, Phoenix, IL 49277"
4709,Electronics Store Inc,"936 Main St, Phoenix, CA 60849"
4710,Retail Store Group,"581 Main St, Phoenix, NY 33187"
4711,Retail Store Group,"110 Main St, Los Angeles, NY 39485"
4712,Grocery Store Inc,"556 Main St, Chicago, IL 21060"
4713,Hotel Group,"817 Main St, Chicago, AZ 64713"
4714,Electronics Store Inc,"501 Main St, Chicago, TX 93305"
4715,Restaurant Inc,"979 Main St, Los Angeles, AZ 82612"
4716,Pharmacy LLC,"712 Main St, Houston, NY 66404"
4717,Retail Store Co,"276 Main St, Phoenix, NY 89899"
4718,Grocery Store LLC,"931 Main St, Phoenix, TX 46500"
4719,Pharmacy Co,"168 Main St, Los Angeles, NY 87094"
4720,Hotel Group,"709 Main St, New York, TX 35224"
4721,Pharmacy LLC,"976 Main St, Phoenix, AZ 64836"
4722,Coffee Shop Co,"204 Main St, Chicago, CA 57384"
4723,Restaurant Group,"475 Main St, Los Angeles, NY 29203"
4724,Gas Station Corp,"116 Main St, Chicago, NY 61017"
4725,Grocery Store Corp,"676 Main St, Los Angeles, TX 45786"
4726,Grocery Store Co,"605 Main St, New York, NY 19428"
4727,Gas Station Inc,"907 Main St, New York, IL 56727"
4728,Grocery Store Corp,"498 Main St, Houston, IL 21016"
4729,Grocery Store Co,"210 Main St, Phoenix, TX 28022"
4730,Retail Store Co,"214 Main St, Houston, TX 93133"
4731,Gas Station Co,"705 Main St, New York, CA 99396"
4732,Gas Station LLC,"580 Main St, Chicago, IL 29422"
4733,Restaurant Co,"253 Main St, Phoenix, CA 57743"
4734,Gas Station LLC,"259 Main St, Los Angeles, NY 77885"
4735,Clothing Store Co,"162 Main St, Chicago, IL 30663"
4736,Clothing Store Inc,"944 Main St, New York, CA 31257"
4737,Electronics Store LLC,"768 Main St, Los Angeles, TX 93237"
4738,Pharmacy Corp,"421 Main St, New York, AZ 31680"
4739,Hotel Group,"639 Main St, Houston, CA 85340"
4740,Grocery Store LLC,"510 Main St, Chicago, IL 99064"
4741,Restaurant Group,"679 Main St, Phoenix, IL 80086"
4742,Hotel LLC,"370 Main St, Los Angeles, AZ 72535"
4743,Grocery Store Inc,"763 Main St, Chicago, IL 71420"
4744,Retail Store Corp,"459 Main St, Chicago, CA 96443"
4745,Retail Store Corp,"343 Main St, Houston, CA 74973"
4746,Gas Station LLC,"819 Main St, Houston, TX 98759"
4747,Pharmacy LLC,"843 Main St, Chicago, TX 54972"
4748,Gas Station Corp,"165 Main St, Los Angeles, CA 34026"
4749,Coffee Shop Co,"571 Main St, Los Angeles, AZ 67162"
4750,Gas Station Inc,"726 Main St, Phoenix, IL 56989"
4751,Electronics Store LLC,"186 Main St, Los Angeles, TX 15375"
4752,Pharmacy Group,"243 Main St, Los Angeles, CA 96534"
4753,Retail Store Group,"848 Main St, Phoenix, AZ 34741"
4754,Electronics Store LLC,"661 Main St, Los Angeles, TX 47221"
4755,Restaurant Group,"246 Main St, Houston, NY 87914"
4756,Grocery Store Corp,"206 Main St, Phoenix, AZ 11625"
4757,Clothing Store Group,"904 Main St, New York, TX 37007"
4758,Grocery Store Inc,"189 Main St, Houston, IL 59144"
4759,Hotel Co,"818 Main St, Los Angeles, NY 31519"
4760,Clothing Store Corp,"568 Main St, Phoenix, CA 51925"
4761,Coffee Shop Corp,"435 Main St, Houston, TX 33667"
4762,Coffee Shop Inc,"244 Main St, Chicago, NY 11404"
4763,Pharmacy LLC,"870 Main St, Chicago, IL 37788"
4764,Coffee Shop Corp,"465 Main St, Los Angeles, AZ 48748"
4765,Grocery Store Corp,"449 Main St, Los Angeles, TX 65152"
4766,Electronics Store Co,"556 Main St, Chicago, NY 34535"
4767,Retail Store Corp,"434 Main St, Phoenix, IL 34201"
4768,Retail Store Co,"436 Main St, New York, CA 35034"
4769,Coffee Shop LLC,"765 Main St, Phoenix, NY 90758"
4770,Coffee Shop LLC,"166 Main St, New York, TX 48478"
4771,Restaurant LLC,"354 Main St, Los Angeles, TX 63474"
4772,Retail Store Inc,"561 Main St, Houston, AZ 86735"
4773,Restaurant Corp,"937 Main St, Los Angeles, IL 32450"
4774,Coffee Shop LLC,"235 Main St, Houston, IL 21294"
4775,Coffee Shop LLC,"954 Main St, Los Angeles, CA 21709"
4776,Hotel Co,"806 Main St, Los Angeles, AZ 30521"
4777,Retail Store Inc,"994 Main St, New York, NY 32369"
4778,Retail Store LLC,"722 Main St, Chicago, AZ 87600"
4779,Clothing Store Inc,"244 Main St, Houston, AZ 71920"
4780,Retail Store Group,"710 Main St, Chicago, IL 98941"
4781,Clothing Store Co,"340 Main St, Houston, AZ 10613"
4782,Hotel Co,"459 Main St, Houston, AZ 56053"
4783,Electronics Store LLC,"873 Main St, Phoenix, TX 25670"
4784,Restaurant LLC,"415 Main St, Chicago, NY 34951"
4785,Hotel Inc,"311 Main St, New York, IL 10847"
4786,Restaurant Group,"507 Main St, New York, AZ 57502"
4787,Grocery Store Corp,"792 Main St, Los Angeles, TX 56136"
4788,Hotel Co,"158 Main St, New York, NY 27503"
4789,Hotel Inc,"836 Main St, Phoenix, IL 82756"
4790,Clothing Store Inc,"107 Main St, Phoenix, IL 59066"
4791,Retail Store Corp,"861 Main St, Phoenix, CA 49237"
4792,Coffee Shop Group,"887 Main St, Houston, NY 81988"
4793,Electronics Store Corp,"783 Main St, Phoenix, AZ 71173"
4794,Gas Station Corp,"967 Main St, Phoenix, CA 44660"
4795,Coffee Shop Corp,"610 Main St, Los Angeles, AZ 60989"
4796,Clothing Store Co,"485 Main St, Houston, TX 92584"
4797,Restaurant LLC,"135 Main St, Houston, CA 97851"
4798,Restaurant Co,"959 Main St, Phoenix, CA 99865"
4799,Gas Station Group,"652 Main St, Los Angeles, NY 57250"
4800,Pharmacy LLC,"919 Main St, Houston, AZ 77589"
4801,Retail Store Corp,"876 Main St, Phoenix, AZ 18749"
4802,Clothing Store Corp,"779 Main St, New York, CA 60598"
4803,Pharmacy Co,"391 Main St, Los Angeles, TX 85682"
4804,Coffee Shop Corp,"158 Main St, Phoenix, TX 24095"
4805,Grocery Store Co,"592 Main St, Phoenix, TX 43921"
4806,Electronics Store Inc,"230 Main St, Los Angeles, CA 90897"
4807,Electronics Store Group,"629 Main St, Chicago, CA 91109"
4808,Gas Station LLC,"883 Main St, New York, IL 28313"
4809,Electronics Store Corp,"286 Main St, Phoenix, NY 73720"
4810,Grocery Store Co,"404 Main St, Phoenix, CA 60801"
4811,Hotel Group,"960 Main St, Phoenix, TX 21330"
4812,Gas Station Inc,"274 Main St, New York, AZ 76849"
4813,Electronics Store Group,"562 Main St, Phoenix, AZ 52777"
4814,Gas Station LLC,"959 Main St, Phoenix, TX 16345"
4815,Coffee Shop LLC,"302 Main St, Phoenix, NY 67357"
4816,Gas Station LLC,"465 Main St, New York, NY 59728"
4817,Electronics Store Co,"714 Main St, Los Angeles, NY 61153"
4818,Grocery Store LLC,"974 Main St, Houston, NY 88376"
4819,Gas Station Co,"355 Main St, Houston, NY 72857"
4820,Pharmacy LLC,"454 Main St, Houston, AZ 12147"
4821,Restaurant Inc,"814 Main St, Phoenix, TX 97467"
4822,Hotel Inc,"830 Main St, Houston, TX 66704"
4823,Clothing Store Corp,"933 Main St, Phoenix, AZ 59292"
4824,Pharmacy Inc,"442 Main St, Chicago, AZ 82919"
4825,Hotel Co,"530 Main St, Chicago, IL 22585"
4826,Grocery Store Corp,"638 Main St, New York, TX 78137"
4827,Coffee Shop Corp,"916 Main St, Los Angeles, IL 65611"
4828,Grocery Store Inc,"216 Main St, New York, CA 39149"
4829,Coffee Shop Group,"606 Main St, Chicago, AZ 47250"
4830,Clothing Store Group,"526 Main St, Chicago, CA 13211"
4831,Restaurant Inc,"651 Main St, Phoenix, IL 93104"
4832,Grocery Store Co,"217 Main St, Los Angeles, TX 82687"
4833,Pharmacy LLC,"458 Main St, Chicago, CA 27518"
4834,Coffee Shop Group,"145 Main St, Phoenix, NY 95375"
4835,Pharmacy Corp,"837 Main St, Los Angeles, IL 83646"
4836,Pharmacy Inc,"156 Main St, Houston, AZ 91261"
4837,Hotel Inc,"627 Main St, Los Angeles, CA 76753"
4838,Retail Store LLC,"914 Main St, Phoenix, AZ 40177"
4839,Electronics Store Corp,"961 Main St, Phoenix, IL 21887"
4840,Clothing Store Co,"255 Main St, Phoenix, TX 78481"
4841,Pharmacy Co,"774 Main St, Los Angeles, AZ 88343"
4842,Grocery Store Corp,"573 Main St, New York, AZ 82124"
4843,Clothing Store Group,"142 Main St, Los Angeles, TX 39743"
4844,Clothing Store Co,"178 Main St, Houston, NY 52910"
4845,Electronics Store Corp,"424 Main St, New York, TX 42097"
4846,Grocery Store Corp,"167 Main St, Chicago, AZ 63950"
4847,Electronics Store Co,"195 Main St, Chicago, IL 51242"
4848,Restaurant Co,"616 Main St, Chicago, TX 20341"
4849,Restaurant Group,"569 Main St, Los Angeles, CA 25340"
4850,Coffee Shop Inc,"299 Main St, Phoenix, IL 85136"
4851,Coffee Shop Group,"945 Main St, Phoenix, CA 55687"
4852,Electronics Store LLC,"782 Main St, Phoenix, AZ 31690"
4853,Restaurant Group,"366 Main St, Los Angeles, TX 65654"
4854,Electronics Store Inc,"399 Main St, Houston, TX 36768"
4855,Hotel Corp,"705 Main St, Houston, TX 65023"
4856,Electronics Store Inc,"893 Main St, Phoenix, IL 14437"
4857,Restaurant Corp,"329 Main St, New York, IL 60076"
4858,Gas Station Inc,"901 Main St, Phoenix, NY 28031"
4859,Pharmacy Co,"733 Main St, Los Angeles, CA 15997"
4860,Hotel Co,"732 Main St, Phoenix, IL 56785"
4861,Clothing Store LLC,"959 Main St, New York, IL 38031"
4862,Grocery Store LLC,"151 Main St, Los Angeles, IL 55128"
4863,Restaurant Corp,"356 Main St, New York, AZ 46895"
4864,Hotel Group,"227 Main St, Chicago, IL 36236"
4865,Retail Store LLC,"181 Main St, Chicago, CA 45954"
4866,Hotel Inc,"904 Main St, New York, CA 59961"
4867,Retail Store Group,"442 Main St, New York, CA 72898"
4868,Hotel LLC,"459 Main St, Chicago, CA 32500"
4869,Electronics Store Co,"820 Main St, Phoenix, CA 65573"
4870,Clothing Store Inc,"150 Main St, Los Angeles, IL 77623"
4871,Electronics Store Inc,"685 Main St, Phoenix, CA 62864"
4872,Pharmacy Inc,"493 Main St, Phoenix, NY 93907"
4873,Hotel Corp,"147 Main St, Houston, NY 65913"
4874,Clothing Store LLC,"290 Main St, Houston, TX 46097"
4875,Pharmacy Co,"854 Main St, Houston, CA 22340"
4876,Electronics Store Group,"382 Main St, Chicago, NY 66691"
4877,Clothing Store Co,"370 Main St, Phoenix, IL 73102"
4878,Retail Store Inc,"142 Main St, Los Angeles, NY 24192"
4879,Retail Store Corp,"651 Main St, Houston, TX 52722"
4880,Clothing Store Corp,"497 Main St, Phoenix, IL 61386"
4881,Clothing Store Group,"406 Main St, Los Angeles, IL 36780"
4882,Gas Station Corp,"787 Main St, Phoenix, TX 26090"
4883,Gas Station LLC,"900 Main St, New York, IL 97513"
4884,Retail Store Inc,"771 Main St, New York, CA 42141"
4885,Grocery Store Inc,"698 Main St, Houston, NY 17961"
4886,Restaurant Inc,"496 Main St, Los Angeles, TX 63881"
4887,Clothing Store Corp,"465 Main St, Houston, IL 14611"
4888,Pharmacy Co,"132 Main St, Los Angeles, CA 54014"
4889,Electronics Store Corp,"588 Main St, Houston, NY 65127"
4890,Coffee Shop Group,"999 Main St, New York, AZ 56110"
4891,Restaurant Corp,"824 Main St, New York, TX 69709"
4892,Retail Store Corp,"777 Main St, New York, NY 27695"
4893,Clothing Store Inc,"489 Main St, New York, CA 57323"
4894,Coffee Shop LLC,"370 Main St, Phoenix, IL 60092"
4895,Clothing Store Group,"516 Main St, Chicago, TX 18541"
4896,Grocery Store Co,"677 Main St, Chicago, TX 30398"
4897,Pharmacy Inc,"129 Main St, New York, CA 78046"
4898,Clothing Store Corp,"978 Main St, Chicago, IL 59315"
4899,Grocery Store Corp,"193 Main St, Houston, IL 21303"
4900,Grocery Store Co,"437 Main St, Phoenix, AZ 72418"
4901,Gas Station Corp,"822 Main St, Houston, TX 15510"
4902,Hotel Corp,"392 Main St, Phoenix, NY 22466"
4903,Hotel Inc,"359 Main St, Chicago, CA 25269"
4904,Restaurant LLC,"119 Main St, New York, TX 52108"
4905,Clothing Store Co,"383 Main St, Chicago, NY 98614"
4906,Coffee Shop Inc,"385 Main St, Chicago, AZ 48310"
4907,Hotel Corp,"805 Main St, Chicago, IL 99283"
4908,Hotel Group,"239 Main St, New York, AZ 42423"
4909,Retail Store Co,"281 Main St, New York, AZ 31890"
4910,Electronics Store Corp,"890 Main St, Los Angeles, CA 98778"
4911,Grocery Store LLC,"353 Main St, Chicago, CA 80687"
4912,Retail Store Co,"154 Main St, Houston, TX 99716"
4913,Pharmacy Corp,"197 Main St, Chicago, IL 89861"
4914,Restaurant Inc,"364 Main St, New York, AZ 92111"
4915,Clothing Store Inc,"209 Main St, Chicago, TX 79929"
4916,Grocery Store Group,"521 Main St, New York, AZ 42505"
4917,Grocery Store Corp,"390 Main St, Phoenix, NY 91424"
4918,Electronics Store Group,"879 Main St, Los Angeles, AZ 75731"
4919,Coffee Shop LLC,"872 Main St, Houston, IL 65393"
4920,Coffee Shop LLC,"241 Main St, Phoenix, IL 58954"
4921,Clothing Store Co,"355 Main St, Los Angeles, AZ 25749"
4922,Pharmacy Corp,"674 Main St, Chicago, AZ 25638"
4923,Coffee Shop Group,"680 Main St, Phoenix, AZ 13081"
4924,Hotel LLC,"269 Main St, New York, NY 83174"
4925,Restaurant Group,"147 Main St, Houston, NY 43680"
4926,Gas Station Corp,"379 Main St, Houston, TX 74355"
4927,Grocery Store LLC,"840 Main St, Chicago, AZ 94490"
4928,Clothing Store Group,"154 Main St, Houston, TX 22924"
4929,Clothing Store Group,"927 Main St, Phoenix, TX 30644"
4930,Retail Store LLC,"905 Main St, Phoenix, TX 16620"
4931,Clothing Store Inc,"170 Main St, Los Angeles, NY 94318"
4932,Coffee Shop Corp,"805 Main St, Phoenix, IL 37258"
4933,Coffee Shop Inc,"638 Main St, Chicago, AZ 70043"
4934,Pharmacy Co,"927 Main St, Los Angeles, NY 70200"
4935,Hotel Corp,"801 Main St, Los Angeles, IL 85245"
4936,Grocery Store Corp,"511 Main St, New York, IL 47781"
4937,Coffee Shop Group,"864 Main St, Phoenix, AZ 72398"
4938,Retail Store Inc,"206 Main St, Houston, CA 90907"
4939,Pharmacy Group,"965 Main St, Los Angeles, AZ 96590"
4940,Coffee Shop Corp,"104 Main St, Houston, NY 71822"
4941,Coffee Shop LLC,"539 Main St, Phoenix, AZ 74503"
4942,Clothing Store Inc,"357 Main St, Phoenix, CA 25368"
4943,Restaurant Inc,"393 Main St, Los Angeles, CA 11707"
4944,Hotel Inc,"687 Main St, New York, IL 74214"
4945,Pharmacy Inc,"806 Main St, Chicago, NY 70398"
4946,Clothing Store Inc,"967 Main St, Phoenix, AZ 76779"
4947,Hotel LLC,"520 Main St, Houston, NY 87863"
4948,Restaurant Group,"517 Main St, Los Angeles, CA 81428"
4949,Retail Store Corp,"735 Main St, Houston, NY 28470"
4950,Coffee Shop Corp,"583 Main St, Los Angeles, NY 90136"
4951,Electronics Store Inc,"351 Main St, Los Angeles, AZ 26291"
4952,Electronics Store Group,"325 Main St, Phoenix, IL 84187"
4953,Clothing Store Group,"768 Main St, Los Angeles, NY 39667"
4954,Grocery Store Inc,"630 Main St, Los Angeles, CA 43574"
4955,Hotel Co,"992 Main St, Chicago, CA 50176"
4956,Restaurant Group,"465 Main St, New York, NY 77969"
4957,Pharmacy LLC,"734 Main St, New York, NY 43896"
4958,Clothing Store Corp,"962 Main St, Houston, NY 38294"
4959,Gas Station Co,"114 Main St, New York, IL 83690"
4960,Retail Store LLC,"958 Main St, Houston, NY 39393"
4961,Gas Station LLC,"974 Main St, Houston, NY 63779"
4962,Gas Station Co,"733 Main St, New York, IL 38392"
4963,Electronics Store Inc,"684 Main St, Houston, NY 84329"
4964,Clothing Store Group,"387 Main St, Phoenix, CA 10589"
4965,Electronics Store Corp,"905 Main St, Houston, AZ 23235"
4966,Clothing Store Corp,"910 Main St, Los Angeles, TX 65758"
4967,Restaurant Co,"520 Main St, Chicago, AZ 21516"
4968,Pharmacy Group,"305 Main St, Houston, TX 12067"
4969,Restaurant Inc,"783 Main St, Chicago, CA 73614"
4970,Pharmacy Group,"485 Main St, Los Angeles, TX 22025"
4971,Gas Station Corp,"475 Main St, New York, IL 47432"
4972,Pharmacy Inc,"435 Main St, Phoenix, NY 18036"
4973,Retail Store Corp,"105 Main St, New York, IL 92340"
4974,Hotel Corp,"979 Main St, New York, CA 97104"
4975,Coffee Shop Co,"567 Main St, Chicago, CA 42713"
4976,Clothing Store Inc,"359 Main St, Phoenix, AZ 76085"
4977,Restaurant Group,"838 Main St, New York, TX 60394"
4978,Electronics Store Corp,"950 Main St, Los Angeles, TX 97807"
4979,Electronics Store LLC,"391 Main St, Chicago, NY 18690"
4980,Retail Store Group,"921 Main St, Phoenix, NY 18865"
4981,Pharmacy Group,"734 Main St, Phoenix, TX 35140"
4982,Restaurant LLC,"489 Main St, Chicago, NY 18377"
4983,Electronics Store Inc,"908 Main St, Phoenix, CA 97919"
4984,Restaurant Inc,"240 Main St, Los Angeles, TX 12961"
4985,Coffee Shop Corp,"467 Main St, New York, IL 75633"
4986,Clothing Store Co,"593 Main St, Los Angeles, NY 58988"
4987,Electronics Store Corp,"156 Main St, Chicago, CA 17433"
4988,Pharmacy Inc,"715 Main St, Los Angeles, IL 14820"
4989,Hotel Co,"177 Main St, Phoenix, CA 12542"
4990,Clothing Store Inc,"615 Main St, New York, AZ 30279"
4991,Restaurant Co,"867 Main St, Los Angeles, NY 19387"
4992,Hotel Inc,"601 Main St, Houston, IL 64969"
4993,Grocery Store LLC,"323 Main St, Phoenix, IL 49055"
4994,Electronics Store Inc,"329 Main St, Phoenix, IL 87039"
4995,Clothing Store LLC,"705 Main St, Houston, IL 57700"
4996,Pharmacy LLC,"438 Main St, Houston, TX 68437"
4997,Retail Store Inc,"257 Main St, Los Angeles, TX 78259"
4998,Gas Station Corp,"661 Main St, New York, NY 39959"
4999,Hotel Corp,"324 Main St, Los Angeles, TX 10277"
5000,Pharmacy Corp,"173 Main St, Chicago, NY 21310"
5001,Gas Station Group,"892 Main St, Chicago, IL 92769"
5002,Electronics Store Corp,"821 Main St, Los Angeles, CA 80846"
5003,Electronics Store LLC,"598 Main St, Phoenix, NY 82977"
5004,Restaurant LLC,"127 Main St, New York, AZ 26224"
5005,Retail Store Inc,"827 Main St, Houston, TX 18388"
5006,Retail Store Group,"889 Main St, New York, AZ 39722"
5007,Grocery Store Co,"883 Main St, New York, NY 55321"
5008,Retail Store Co,"323 Main St, Chicago, IL 12957"
5009,Retail Store Group,"368 Main St, Los Angeles, IL 43965"
5010,Grocery Store Group,"990 Main St, Phoenix, IL 26851"
5011,Restaurant Group,"838 Main St, Phoenix, IL 83704"
5012,Retail Store Co,"838 Main St, Houston, NY 77437"
5013,Clothing Store LLC,"274 Main St, Phoenix, AZ 47835"
5014,Electronics Store Inc,"145 Main St, Chicago, IL 67875"
5015,Electronics Store Group,"661 Main St, Chicago, TX 78573"
5016,Clothing Store Group,"333 Main St, New York, IL 94717"
5017,Hotel Inc,"713 Main St, Los Angeles, NY 28564"
5018,Electronics Store Inc,"916 Main St, New York, IL 21419"
5019,Pharmacy Inc,"124 Main St, Phoenix, NY 91788"
5020,Coffee Shop LLC,"714 Main St, Los Angeles, CA 53028"
5021,Hotel Inc,"326 Main St, Houston, CA 97581"
5022,Retail Store Co,"793 Main St, Phoenix, TX 50362"
5023,Restaurant Corp,"832 Main St, New York, CA 78802"
5024,Coffee Shop Corp,"810 Main St, Phoenix, CA 95768"
5025,Restaurant Group,"386 Main St, New York, CA 52782"
5026,Grocery Store Co,"981 Main St, Phoenix, IL 16656"
5027,Gas Station Group,"906 Main St, Phoenix, AZ 65945"
5028,Coffee Shop LLC,"158 Main St, Houston, CA 53001"
5029,Restaurant Group,"518 Main St, Los Angeles, IL 57941"
5030,Coffee Shop Inc,"780 Main St, New York, NY 75010"
5031,Grocery Store LLC,"223 Main St, Phoenix, IL 58261"
5032,Retail Store Group,"860 Main St, Houston, NY 84703"
5033,Hotel Inc,"884 Main St, Los Angeles, TX 17596"
5034,Hotel LLC,"980 Main St, Los Angeles, NY 83688"
5035,Pharmacy Co,"974 Main St, New York, NY 12535"
5036,Retail Store LLC,"967 Main St, Phoenix, CA 96316"
5037,Grocery Store Inc,"331 Main St, New York, AZ 11088"
5038,Gas Station Inc,"853 Main St, Chicago, TX 53119"
5039,Retail Store Corp,"262 Main St, Houston, NY 37680"
5040,Electronics Store LLC,"503 Main St, New York, CA 74372"
5041,Clothing Store Corp,"257 Main St, Phoenix, TX 87900"
5042,Clothing Store LLC,"631 Main St, Chicago, CA 12487"
5043,Clothing Store Group,"394 Main St, Los Angeles, IL 67775"
5044,Coffee Shop Co,"944 Main St, Los Angeles, NY 29423"
5045,Clothing Store LLC,"648 Main St, Chicago, AZ 45010"
5046,Gas Station Corp,"542 Main St, Phoenix, AZ 70682"
5047,Hotel Inc,"408 Main St, New York, IL 76184"
5048,Clothing Store Corp,"181 Main St, Houston, CA 69536"
5049,Coffee Shop Inc,"879 Main St, Chicago, TX 71307"
5050,Gas Station Group,"403 Main St, Los Angeles, TX 69543"
5051,Pharmacy Corp,"143 Main St, Chicago, AZ 23921"
5052,Retail Store Group,"664 Main St, New York, CA 17202"
5053,Electronics Store Inc,"349 Main St, New York, AZ 91869"
5054,Restaurant LLC,"850 Main St, Chicago, NY 52302"
5055,Electronics Store Corp,"533 Main St, Los Angeles, CA 52465"
5056,Hotel Group,"718 Main St, New York, TX 62001"
5057,Grocery Store Inc,"837 Main St, Houston, AZ 69466"
5058,Pharmacy Corp,"869 Main St, New York, CA 19870"
5059,Clothing Store Inc,"513 Main St, Houston, TX 61131"
5060,Clothing Store Corp,"285 Main St, Chicago, NY 53895"
5061,Gas Station Group,"480 Main St, Phoenix, IL 52110"
5062,Pharmacy Inc,"443 Main St, Phoenix, CA 14458"
5063,Gas Station Group,"335 Main St, Los Angeles, CA 25304"
5064,Restaurant Corp,"321 Main St, Houston, TX 82815"
5065,Clothing Store Corp,"941 Main St, Phoenix, NY 42980"
5066,Clothing Store Co,"740 Main St, Los Angeles, IL 14930"
5067,Restaurant Group,"869 Main St, Chicago, IL 77465"
5068,Gas Station Corp,"524 Main St, Los Angeles, AZ 29425"
5069,Grocery Store Inc,"844 Main St, Phoenix, AZ 41063"
5070,Restaurant Group,"137 Main St, Los Angeles, IL 64214"
5071,Grocery Store Inc,"301 Main St, Phoenix, TX 55846"
5072,Coffee Shop Group,"792 Main St, Houston, AZ 72763"
5073,Clothing Store LLC,"410 Main St, Chicago, AZ 96570"
5074,Electronics Store LLC,"439 Main St, Houston, IL 19087"
5075,Pharmacy Corp,"667 Main St, New York, IL 38276"
5076,Retail Store Inc,"291 Main St, Chicago, NY 37110"
5077,Clothing Store Co,"208 Main St, Houston, AZ 77396"
5078,Hotel Corp,"710 Main St, Phoenix, TX 71463"
5079,Coffee Shop Corp,"961 Main St, Los Angeles, NY 33510"
5080,Retail Store LLC,"728 Main St, Houston, IL 77259"
5081,Restaurant Co,"682 Main St, New York, NY 88920"
5082,Electronics Store Co,"672 Main St, Houston, NY 38353"
5083,Hotel LLC,"595 Main St, Houston, TX 48681"
5084,Hotel Co,"880 Main St, Chicago, IL 69823"
5085,Pharmacy Inc,"545 Main St, Los Angeles, CA 56407"
5086,Clothing Store Corp,"810 Main St, Phoenix, AZ 84045"
5087,Grocery Store LLC,"251 Main St, Phoenix, NY 99029"
5088,Retail Store Co,"122 Main St, Chicago, CA 52127"
5089,Hotel LLC,"476 Main St, New York, NY 14444"
5090,Electronics Store Corp,"525 Main St, Phoenix, NY 99486"
5091,Clothing Store Corp,"471 Main St, Houston, CA 65289"
5092,Electronics Store Corp,"459 Main St, New York, CA 99447"
5093,Electronics Store LLC,"227 Main St, New York, CA 68602"
5094,Coffee Shop Group,"107 Main St, Los Angeles, TX 65838"
5095,Pharmacy LLC,"121 Main St, Houston, IL 94776"
5096,Restaurant LLC,"185 Main St, Chicago, NY 67019"
5097,Gas Station Co,"604 Main St, Los Angeles, TX 59451"
5098,Coffee Shop Co,"402 Main St, Houston, IL 82843"
5099,Retail Store Corp,"659 Main St, Phoenix, TX 64081"
5100,Restaurant Group,"903 Main St, Phoenix, AZ 52928"
5101,Restaurant Co,"826 Main St, Phoenix, TX 46940"
5102,Electronics Store Inc,"696 Main St, Phoenix, TX 32018"
5103,Retail Store Inc,"560 Main St, Los Angeles, AZ 55924"
5104,Coffee Shop Co,"265 Main St, Los Angeles, TX 13733"
5105,Retail Store LLC,"654 Main St, Houston, TX 38417"
5106,Electronics Store Group,"517 Main St, Chicago, TX 23600"
5107,Restaurant Group,"410 Main St, New York, IL 55974"
5108,Hotel LLC,"640 Main St, Chicago, NY 50523"
5109,Retail Store LLC,"134 Main St, New York, NY 73682"
5110,Hotel Group,"745 Main St, Houston, NY 49159"
5111,Hotel Corp,"463 Main St, Houston, TX 99980"
5112,Restaurant Corp,"371 Main St, Phoenix, NY 51921"
5113,Clothing Store Inc,"949 Main St, Chicago, AZ 69978"
5114,Coffee Shop Co,"172 Main St, Houston, NY 24938"
5115,Electronics Store LLC,"371 Main St, Los Angeles, TX 32110"
5116,Coffee Shop LLC,"912 Main St, Los Angeles, IL 23241"
5117,Hotel Co,"574 Main St, Phoenix, NY 27131"
5118,Gas Station Group,"479 Main St, New York, TX 95544"
5119,Pharmacy LLC,"964 Main St, Houston, TX 14337"
5120,Coffee Shop Inc,"323 Main St, Houston, TX 58858"
5121,Hotel Group,"805 Main St, New York, NY 44432"
5122,Hotel Co,"164 Main St, Phoenix, AZ 22472"
5123,Electronics Store Co,"321 Main St, Houston, NY 91634"
5124,Grocery Store LLC,"618 Main St, Houston, NY 47847"
5125,Retail Store Group,"108 Main St, Los Angeles, TX 61040"
5126,Electronics Store LLC,"462 Main St, New York, TX 74887"
5127,Restaurant Co,"450 Main St, Phoenix, TX 48649"
5128,Retail Store Corp,"176 Main St, Phoenix, NY 57527"
5129,Hotel Inc,"204 Main St, Houston, CA 52236"
5130,Gas Station Inc,"707 Main St, New York, TX 35134"
5131,Clothing Store Inc,"964 Main St, Phoenix, TX 95404"
5132,Restaurant Corp,"586 Main St, Los Angeles, CA 70672"
5133,Restaurant Co,"649 Main St, Houston, IL 72240"
5134,Restaurant Corp,"835 Main St, Phoenix, TX 62835"
5135,Restaurant Inc,"382 Main St, Chicago, NY 68144"
5136,Restaurant Inc,"569 Main St, Houston, TX 69434"
5137,Restaurant Group,"547 Main St, New York, IL 30758"
5138,Coffee Shop Corp,"803 Main St, New York, CA 89323"
5139,Pharmacy Inc,"687 Main St, New York, NY 61700"
5140,Coffee Shop Corp,"825 Main St, Los Angeles, TX 11256"
5141,Hotel Corp,"398 Main St, New York, NY 93495"
5142,Electronics Store Co,"855 Main St, Chicago, NY 41417"
5143,Grocery Store Corp,"240 Main St, Phoenix, IL 89304"
5144,Gas Station Co,"160 Main St, Los Angeles, AZ 58880"
5145,Gas Station Inc,"983 Main St, Houston, IL 38477"
5146,Restaurant LLC,"397 Main St, New York, AZ 21769"
5147,Pharmacy Group,"596 Main St, Los Angeles, IL 87243"
5148,Retail Store Corp,"150 Main St, Houston, AZ 35622"
5149,Clothing Store Group,"795 Main St, Los Angeles, CA 68900"
5150,Clothing Store Co,"260 Main St, Chicago, NY 90391"
5151,Retail Store LLC,"714 Main St, Houston, AZ 57859"
5152,Restaurant Corp,"598 Main St, Chicago, NY 88404"
5153,Restaurant LLC,"785 Main St, Los Angeles, TX 95051"
5154,Retail Store Corp,"641 Main St, Houston, AZ 24296"
5155,Hotel Co,"474 Main St, Houston, IL 92494"
5156,Restaurant Inc,"556 Main St, Houston, NY 94989"
5157,Coffee Shop Group,"341 Main St, Los Angeles, TX 18336"
5158,Clothing Store Co,"996 Main St, Houston, IL 54083"
5159,Hotel Inc,"345 Main St, New York, TX 39239"
5160,Pharmacy Inc,"469 Main St, Chicago, AZ 76718"
5161,Electronics Store Inc,"733 Main St, Phoenix, CA 74379"
5162,Restaurant Inc,"740 Main St, Chicago, TX 21899"
5163,Electronics Store Group,"499 Main St, Chicago, TX 37942"
5164,Gas Station Group,"689 Main St, Houston, TX 40839"
5165,Grocery Store Co,"823 Main St, New York, AZ 75417"
5166,Grocery Store Group,"641 Main St, Phoenix, NY 97077"
5167,Gas Station Co,"655 Main St, Los Angeles, TX 93706"
5168,Retail Store Group,"899 Main St, New York, AZ 68166"
5169,Grocery Store Corp,"391 Main St, Phoenix, AZ 63316"
5170,Clothing Store Co,"739 Main St, Phoenix, NY 96520"
5171,Electronics Store Inc,"420 Main St, Chicago, CA 42614"
5172,Restaurant Inc,"807 Main St, Los Angeles, IL 85885"
5173,Gas Station Group,"248 Main St, Houston, CA 37316"
5174,Coffee Shop Corp,"861 Main St, Chicago, CA 54584"
5175,Gas Station Corp,"344 Main St, New York, NY 51698"
5176,Retail Store Inc,"619 Main St, Houston, TX 82236"
5177,Coffee Shop Co,"946 Main St, Phoenix, CA 28806"
5178,Grocery Store Corp,"681 Main St, Houston, TX 30211"
5179,Pharmacy Inc,"764 Main St, Phoenix, AZ 37781"
5180,Pharmacy Corp,"167 Main St, New York, NY 90071"
5181,Coffee Shop Inc,"738 Main St, Los Angeles, IL 41173"
5182,Clothing Store Group,"819 Main St, Houston, IL 94994"
5183,Clothing Store Corp,"453 Main St, Phoenix, TX 82412"
5184,Electronics Store Co,"476 Main St, Houston, TX 63744"
5185,Grocery Store Inc,"506 Main St, New York, TX 46356"
5186,Clothing Store Group,"550 Main St, Houston, TX 19897"
5187,Retail Store Corp,"432 Main St, New York, AZ 71518"
5188,Coffee Shop Co,"976 Main St, Phoenix, CA 67398"
5189,Pharmacy Group,"296 Main St, Houston, AZ 22103"
5190,Electronics Store Co,"623 Main St, Phoenix, AZ 94651"
5191,Grocery Store LLC,"589 Main St, Chicago, NY 88729"
5192,Grocery Store LLC,"642 Main St, New York, AZ 93406"
5193,Retail Store Co,"513 Main St, Phoenix, CA 31435"
5194,Restaurant Group,"475 Main St, Los Angeles, IL 52405"
5195,Clothing Store Co,"862 Main St, New York, CA 87830"
5196,Pharmacy LLC,"946 Main St, Los Angeles, AZ 31487"
5197,Grocery Store LLC,"849 Main St, Chicago, AZ 83694"
5198,Clothing Store Co,"163 Main St, Chicago, NY 95669"
5199,Coffee Shop Corp,"613 Main St, Chicago, AZ 26608"
5200,Gas Station Co,"696 Main St, Los Angeles, NY 67494"
5201,Pharmacy Corp,"838 Main St, Chicago, CA 49360"
5202,Restaurant Inc,"838 Main St, Chicago, NY 15574"
5203,Gas Station Co,"914 Main St, Los Angeles, CA 16352"
5204,Retail Store Group,"503 Main St, Houston, NY 15906"
5205,Electronics Store Corp,"772 Main St, Chicago, IL 44818"
5206,Grocery Store Inc,"524 Main St, Los Angeles, TX 47439"
5207,Coffee Shop Corp,"729 Main St, Los Angeles, NY 51350"
5208,Restaurant LLC,"932 Main St, Houston, CA 36570"
5209,Clothing Store Co,"767 Main St, Houston, IL 87597"
5210,Coffee Shop Group,"865 Main St, Houston, TX 70581"
5211,Retail Store Group,"991 Main St, Houston, AZ 22343"
5212,Clothing Store Inc,"406 Main St, New York, IL 51370"
5213,Restaurant Inc,"133 Main St, Chicago, NY 22439"
5214,Hotel Corp,"789 Main St, Los Angeles, NY 10450"
5215,Pharmacy Corp,"115 Main St, Los Angeles, IL 48121"
5216,Gas Station Inc,"602 Main St, Chicago, IL 24099"
5217,Grocery Store Inc,"633 Main St, Los Angeles, AZ 78661"
5218,Electronics Store Co,"497 Main St, Los Angeles, NY 92468"
5219,Pharmacy Co,"282 Main St, Los Angeles, IL 38692"
5220,Gas Station LLC,"260 Main St, Los Angeles, NY 74160"
5221,Retail Store Co,"197 Main St, Chicago, CA 82294"
5222,Coffee Shop LLC,"628 Main St, Phoenix, AZ 38706"
5223,Grocery Store Inc,"273 Main St, Los Angeles, AZ 76543"
5224,Pharmacy Co,"461 Main St, Phoenix, NY 98526"
5225,Electronics Store Group,"875 Main St, New York, AZ 26043"
5226,Pharmacy Group,"867 Main St, Phoenix, CA 15464"
5227,Electronics Store Corp,"712 Main St, Houston, CA 90637"
5228,Pharmacy Inc,"840 Main St, Phoenix, AZ 22082"
5229,Pharmacy Corp,"506 Main St, Phoenix, CA 62668"
5230,Coffee Shop Inc,"997 Main St, Los Angeles, IL 59335"
5231,Retail Store LLC,"687 Main St, Los Angeles, AZ 46811"
5232,Coffee Shop LLC,"729 Main St, New York, IL 32991"
5233,Electronics Store Inc,"962 Main St, Los Angeles, IL 36903"
5234,Grocery Store Group,"679 Main St, Houston, CA 47571"
5235,Clothing Store Inc,"210 Main St, Los Angeles, TX 19021"
5236,Restaurant Group,"630 Main St, Los Angeles, CA 95315"
5237,Gas Station Co,"167 Main St, Houston, AZ 45942"
5238,Retail Store Corp,"410 Main St, New York, NY 51321"
5239,Electronics Store LLC,"959 Main St, Chicago, CA 79488"
5240,Hotel Group,"313 Main St, Houston, NY 72995"
5241,Pharmacy Corp,"493 Main St, Chicago, AZ 76957"
5242,Grocery Store Corp,"544 Main St, Phoenix, IL 73569"
5243,Pharmacy Co,"451 Main St, Chicago, TX 66523"
5244,Grocery Store Corp,"820 Main St, Houston, NY 43262"
5245,Hotel Co,"486 Main St, Los Angeles, AZ 90826"
5246,Coffee Shop Co,"328 Main St, Los Angeles, IL 89123"
5247,Hotel Corp,"117 Main St, New York, NY 23710"
5248,Retail Store LLC,"968 Main St, Los Angeles, AZ 95965"
5249,Restaurant Group,"702 Main St, Los Angeles, CA 93109"
5250,Grocery Store Inc,"467 Main St, New York, CA 34056"
5251,Grocery Store Group,"756 Main St, Phoenix, NY 36815"
5252,Coffee Shop Corp,"505 Main St, New York, IL 21965"
5253,Clothing Store Group,"771 Main St, Los Angeles, TX 20223"
5254,Gas Station Co,"400 Main St, Houston, TX 18674"
5255,Electronics Store LLC,"597 Main St, Phoenix, NY 29397"
5256,Coffee Shop Corp,"869 Main St, New York, IL 38848"
5257,Pharmacy Group,"791 Main St, Houston, NY 88351"
5258,Pharmacy Corp,"863 Main St, Los Angeles, CA 88491"
5259,Gas Station Group,"215 Main St, Los Angeles, NY 24546"
5260,Gas Station Group,"873 Main St, Houston, IL 44437"
5261,Grocery Store Corp,"176 Main St, Houston, TX 27583"
5262,Gas Station Corp,"272 Main St, New York, NY 77186"
5263,Clothing Store LLC,"878 Main St, Chicago, CA 81381"
5264,Retail Store LLC,"990 Main St, Los Angeles, CA 53546"
5265,Coffee Shop Corp,"621 Main St, Houston, TX 14312"
5266,Hotel Corp,"273 Main St, Phoenix, AZ 57572"
5267,Grocery Store LLC,"430 Main St, Chicago, NY 81820"
5268,Restaurant LLC,"674 Main St, Chicago, IL 86890"
5269,Hotel Group,"768 Main St, New York, TX 93823"
5270,Restaurant Inc,"129 Main St, Chicago, NY 29768"
5271,Retail Store Corp,"426 Main St, Phoenix, AZ 64309"
5272,Clothing Store Group,"436 Main St, Los Angeles, CA 85265"
5273,Hotel LLC,"506 Main St, Los Angeles, AZ 67108"
5274,Grocery Store Inc,"345 Main St, Chicago, AZ 12584"
5275,Hotel LLC,"765 Main St, New York, NY 84010"
5276,Restaurant Co,"215 Main St, New York, TX 89408"
5277,Retail Store LLC,"982 Main St, Houston, IL 22864"
5278,Pharmacy Co,"440 Main St, New York, NY 63757"
5279,Hotel Co,"506 Main St, Chicago, TX 23035"
5280,Coffee Shop LLC,"622 Main St, Los Angeles, AZ 98000"
5281,Clothing Store Co,"594 Main St, New York, IL 28472"
5282,Retail Store LLC,"656 Main St, Los Angeles, CA 97762"
5283,Coffee Shop Inc,"770 Main St, Los Angeles, TX 46719"
5284,Electronics Store Inc,"115 Main St, New York, CA 63988"
5285,Clothing Store Co,"757 Main St, Houston, NY 81516"
5286,Hotel LLC,"592 Main St, Los Angeles, TX 22368"
5287,Clothing Store LLC,"481 Main St, Los Angeles, TX 98724"
5288,Coffee Shop Group,"686 Main St, Los Angeles, NY 91648"
5289,Gas Station LLC,"608 Main St, Chicago, IL 11228"
5290,Pharmacy LLC,"195 Main St, Chicago, AZ 59902"
5291,Gas Station Corp,"236 Main St, Houston, NY 83763"
5292,Pharmacy LLC,"606 Main St, New York, IL 78917"
5293,Restaurant Inc,"574 Main St, New York, AZ 60046"
5294,Clothing Store Group,"342 Main St, Los Angeles, NY 57812"
5295,Grocery Store Co,"129 Main St, New York, AZ 33341"
5296,Hotel Co,"444 Main St, Houston, AZ 95922"
5297,Retail Store Co,"778 Main St, Chicago, CA 48930"
5298,Hotel LLC,"775 Main St, Phoenix, IL 15953"
5299,Restaurant LLC,"396 Main St, Houston, CA 12484"
5300,Coffee Shop LLC,"574 Main St, Chicago, TX 70533"
5301,Grocery Store Inc,"107 Main St, Houston, AZ 50996"
5302,Pharmacy Corp,"116 Main St, Chicago, TX 10185"
5303,Restaurant Corp,"596 Main St, New York, CA 68692"
5304,Restaurant Inc,"573 Main St, Houston, TX 32863"
5305,Hotel Corp,"851 Main St, Los Angeles, NY 48698"
5306,Clothing Store Inc,"129 Main St, Chicago, TX 35605"
5307,Hotel Co,"527 Main St, Chicago, IL 86675"
5308,Electronics Store Co,"787 Main St, Phoenix, CA 57784"
5309,Grocery Store Inc,"923 Main St, Phoenix, TX 75054"
5310,Hotel Group,"941 Main St, Phoenix, NY 96830"
5311,Gas Station Corp,"928 Main St, Houston, TX 70300"
5312,Retail Store LLC,"775 Main St, Los Angeles, NY 27465"
5313,Coffee Shop LLC,"800 Main St, Phoenix, AZ 18781"
5314,Coffee Shop Co,"523 Main St, New York, AZ 48037"
5315,Restaurant LLC,"304 Main St, New York, NY 44875"
5316,Retail Store Corp,"230 Main St, Los Angeles, TX 98981"
5317,Coffee Shop Co,"199 Main St, Los Angeles, AZ 51613"
5318,Hotel Inc,"793 Main St, Phoenix, NY 71308"
5319,Gas Station Group,"682 Main St, Chicago, CA 41989"
5320,Pharmacy LLC,"597 Main St, New York, TX 84718"
5321,Hotel Corp,"852 Main St, Los Angeles, IL 24935"
5322,Restaurant Co,"345 Main St, New York, NY 33908"
5323,Pharmacy Inc,"319 Main St, Los Angeles, NY 72511"
5324,Restaurant Inc,"231 Main St, New York, NY 63298"
5325,Gas Station Corp,"795 Main St, Phoenix, IL 64640"
5326,Coffee Shop LLC,"515 Main St, Phoenix, CA 59614"
5327,Gas Station Group,"590 Main St, Houston, AZ 48769"
5328,Gas Station Co,"474 Main St, Los Angeles, TX 11210"
5329,Hotel LLC,"163 Main St, Los Angeles, TX 36589"
5330,Clothing Store Co,"956 Main St, Phoenix, AZ 26028"
5331,Hotel Group,"173 Main St, Phoenix, NY 40381"
5332,Gas Station Inc,"734 Main St, Houston, TX 80328"
5333,Gas Station Co,"641 Main St, Phoenix, IL 19342"
5334,Grocery Store Corp,"707 Main St, Houston, TX 72961"
5335,Pharmacy LLC,"614 Main St, Houston, IL 85883"
5336,Gas Station Inc,"909 Main St, Houston, AZ 78943"
5337,Grocery Store Inc,"263 Main St, Chicago, TX 82641"
5338,Restaurant Inc,"812 Main St, New York, NY 31955"
5339,Pharmacy LLC,"987 Main St, Los Angeles, IL 51124"
5340,Pharmacy Co,"576 Main St, Houston, TX 16468"
5341,Coffee Shop Group,"925 Main St, Houston, AZ 61135"
5342,Coffee Shop Group,"479 Main St, New York, IL 84985"
5343,Grocery Store Group,"881 Main St, Chicago, TX 18674"
5344,Coffee Shop Inc,"149 Main St, New York, CA 17560"
5345,Clothing Store LLC,"986 Main St, Chicago, IL 41181"
5346,Clothing Store Group,"703 Main St, Phoenix, TX 70426"
5347,Clothing Store Inc,"381 Main St, New York, NY 56619"
5348,Restaurant LLC,"988 Main St, Phoenix, NY 83585"
5349,Hotel Co,"253 Main St, Phoenix, CA 60860"
5350,Pharmacy LLC,"952 Main St, Chicago, IL 26998"
5351,Retail Store Group,"504 Main St, New York, TX 62107"
5352,Pharmacy Group,"857 Main St, Phoenix, CA 45576"
5353,Clothing Store LLC,"499 Main St, Los Angeles, TX 99311"
5354,Pharmacy Co,"408 Main St, Chicago, NY 90671"
5355,Hotel Group,"193 Main St, Houston, IL 86379"
5356,Coffee Shop Co,"112 Main St, New York, IL 12771"
5357,Gas Station Inc,"337 Main St, Chicago, NY 20667"
5358,Electronics Store LLC,"895 Main St, Chicago, CA 31873"
5359,Hotel LLC,"420 Main St, Chicago, TX 26186"
5360,Grocery Store LLC,"709 Main St, Los Angeles, NY 34328"
5361,Grocery Store LLC,"146 Main St, Phoenix, CA 79768"
5362,Clothing Store Group,"163 Main St, Houston, IL 93881"
5363,Retail Store Corp,"930 Main St, Houston, IL 44176"
5364,Grocery Store Co,"281 Main St, Chicago, TX 97954"
5365,Restaurant LLC,"849 Main St, Los Angeles, NY 75792"
5366,Retail Store Inc,"277 Main St, Houston, NY 28571"
5367,Coffee Shop Inc,"998 Main St, Houston, AZ 66310"
5368,Coffee Shop Inc,"558 Main St, New York, CA 55324"
5369,Retail Store Group,"767 Main St, Houston, IL 29342"
5370,Pharmacy LLC,"145 Main St, Phoenix, CA 22310"
5371,Grocery Store LLC,"289 Main St, New York, NY 85316"
5372,Clothing Store LLC,"144 Main St, Chicago, CA 26483"
5373,Coffee Shop Corp,"925 Main St, Los Angeles, NY 32014"
5374,Retail Store Co,"608 Main St, Houston, CA 22547"
5375,Electronics Store LLC,"243 Main St, Phoenix, IL 11772"
5376,Restaurant Co,"490 Main St, Phoenix, CA 50614"
5377,Hotel Inc,"640 Main St, New York, TX 54682"
5378,Coffee Shop Group,"903 Main St, Chicago, CA 36090"
5379,Clothing Store Corp,"984 Main St, Houston, CA 16882"
5380,Grocery Store LLC,"699 Main St, Houston, TX 92745"
5381,Retail Store Corp,"299 Main St, Chicago, AZ 55828"
5382,Electronics Store Inc,"944 Main St, Los Angeles, CA 30670"
5383,Hotel Corp,"218 Main St, Phoenix, CA 92656"
5384,Clothing Store LLC,"263 Main St, Phoenix, NY 88923"
5385,Restaurant Inc,"704 Main St, Phoenix, CA 39111"
5386,Gas Station LLC,"737 Main St, Los Angeles, IL 83795"
5387,Grocery Store Inc,"909 Main St, Houston, TX 89527"
5388,Restaurant Group,"702 Main St, Chicago, IL 51891"
5389,Restaurant Group,"939 Main St, Los Angeles, TX 87358"
5390,Hotel Inc,"490 Main St, Phoenix, IL 79213"
5391,Hotel LLC,"427 Main St, Phoenix, CA 36094"
5392,Hotel LLC,"219 Main St, Los Angeles, IL 33018"
5393,Restaurant Group,"537 Main St, Los Angeles, TX 54223"
5394,Retail Store Inc,"948 Main St, New York, IL 31236"
5395,Gas Station Inc,"875 Main St, New York, TX 78056"
5396,Grocery Store Inc,"522 Main St, Los Angeles, NY 80398"
5397,Retail Store LLC,"410 Main St, Houston, IL 42514"
5398,Pharmacy Inc,"962 Main St, New York, CA 77090"
5399,Retail Store Inc,"496 Main St, Chicago, CA 24053"
5400,Clothing Store Corp,"936 Main St, Phoenix, CA 28480"
5401,Restaurant Group,"950 Main St, New York, AZ 66236"
5402,Electronics Store Co,"589 Main St, Houston, NY 41869"
5403,Retail Store Co,"665 Main St, Los Angeles, NY 12245"
5404,Electronics Store Group,"721 Main St, Los Angeles, AZ 35079"
5405,Electronics Store Co,"980 Main St, Los Angeles, IL 20703"
5406,Gas Station Inc,"607 Main St, Phoenix, NY 63703"
5407,Retail Store Group,"983 Main St, New York, CA 81349"
5408,Hotel Corp,"898 Main St, Los Angeles, IL 43130"
5409,Retail Store Corp,"525 Main St, New York, TX 19205"
5410,Restaurant LLC,"801 Main St, Los Angeles, CA 72732"
5411,Grocery Store Inc,"365 Main St, Los Angeles, AZ 64890"
5412,Hotel LLC,"501 Main St, Phoenix, IL 23681"
5413,Clothing Store Inc,"305 Main St, Los Angeles, IL 61039"
5414,Grocery Store Corp,"721 Main St, New York, CA 41776"
5415,Clothing Store Corp,"857 Main St, Houston, CA 67146"
5416,Electronics Store Inc,"782 Main St, Phoenix, AZ 57382"
5417,Electronics Store Group,"508 Main St, Houston, IL 34246"
5418,Clothing Store Inc,"468 Main St, Los Angeles, NY 64980"
5419,Clothing Store Co,"460 Main St, Los Angeles, CA 81658"
5420,Electronics Store Co,"847 Main St, Phoenix, NY 41763"
5421,Clothing Store Inc,"907 Main St, Los Angeles, NY 60922"
5422,Electronics Store LLC,"430 Main St, Chicago, NY 18745"
5423,Electronics Store Inc,"745 Main St, Houston, AZ 17258"
5424,Restaurant Corp,"719 Main St, Los Angeles, IL 81014"
5425,Grocery Store Inc,"289 Main St, Los Angeles, TX 43465"
5426,Electronics Store Group,"132 Main St, New York, CA 89162"
5427,Coffee Shop LLC,"405 Main St, Chicago, TX 84808"
5428,Restaurant Inc,"542 Main St, Phoenix, AZ 86010"
5429,Electronics Store LLC,"228 Main St, Houston, CA 59284"
5430,Hotel LLC,"114 Main St, Los Angeles, AZ 84267"
5431,Retail Store Corp,"673 Main St, Phoenix, AZ 94378"
5432,Coffee Shop Inc,"807 Main St, Houston, AZ 65196"
5433,Restaurant Group,"508 Main St, Chicago, AZ 80120"
5434,Grocery Store Co,"872 Main St, Chicago, TX 36321"
5435,Grocery Store Co,"473 Main St, New York, AZ 36766"
5436,Retail Store Co,"563 Main St, Phoenix, NY 45798"
5437,Gas Station Corp,"549 Main St, New York, IL 21949"
5438,Restaurant Corp,"368 Main St, New York, CA 12845"
5439,Gas Station Inc,"342 Main St, Phoenix, TX 59570"
5440,Hotel Group,"123 Main St, Chicago, IL 22204"
5441,Coffee Shop Corp,"940 Main St, Houston, NY 54461"
5442,Restaurant Inc,"640 Main St, Los Angeles, TX 46812"
5443,Pharmacy Inc,"355 Main St, Los Angeles, AZ 36067"
5444,Electronics Store Corp,"238 Main St, Phoenix, CA 89901"
5445,Pharmacy Group,"744 Main St, Phoenix, CA 89675"
5446,Hotel Co,"680 Main St, Chicago, NY 43330"
5447,Retail Store Inc,"617 Main St, Los Angeles, AZ 76264"
5448,Hotel Group,"535 Main St, Houston, IL 60449"
5449,Clothing Store LLC,"408 Main St, New York, CA 28716"
5450,Electronics Store Inc,"810 Main St, Phoenix, NY 37214"
5451,Pharmacy Inc,"368 Main St, New York, AZ 55322"
5452,Hotel Corp,"109 Main St, New York, CA 95212"
5453,Retail Store LLC,"449 Main St, Los Angeles, IL 99473"
5454,Electronics Store LLC,"589 Main St, Houston, CA 34911"
5455,Hotel Corp,"397 Main St, New York, TX 47308"
5456,Hotel Corp,"549 Main St, Phoenix, AZ 13225"
5457,Grocery Store LLC,"426 Main St, Los Angeles, NY 32392"
5458,Grocery Store Co,"381 Main St, Houston, TX 17333"
5459,Gas Station LLC,"709 Main St, Los Angeles, AZ 36250"
5460,Gas Station Inc,"783 Main St, New York, TX 94168"
5461,Hotel Corp,"177 Main St, Houston, TX 50842"
5462,Grocery Store Corp,"205 Main St, New York, NY 11840"
5463,Restaurant Group,"194 Main St, Phoenix, IL 88055"
5464,Hotel Corp,"373 Main St, New York, TX 22856"
5465,Pharmacy Inc,"905 Main St, Chicago, AZ 76995"
5466,Electronics Store LLC,"859 Main St, New York, IL 19645"
5467,Coffee Shop Corp,"505 Main St, Chicago, CA 51741"
5468,Restaurant LLC,"216 Main St, Los Angeles, TX 72321"
5469,Pharmacy LLC,"477 Main St, Houston, CA 95100"
5470,Electronics Store Co,"608 Main St, Chicago, IL 13842"
5471,Gas Station Co,"604 Main St, New York, NY 42126"
5472,Hotel Inc,"650 Main St, New York, CA 28939"
5473,Pharmacy LLC,"103 Main St, Houston, IL 58222"
5474,Gas Station Corp,"435 Main St, New York, IL 57347"
5475,Coffee Shop Inc,"560 Main St, New York, NY 82255"
5476,Pharmacy LLC,"733 Main St, Los Angeles, NY 14075"
5477,Clothing Store Corp,"889 Main St, Houston, IL 28502"
5478,Electronics Store Co,"986 Main St, Los Angeles, IL 73977"
5479,Retail Store Group,"153 Main St, New York, AZ 27649"
5480,Restaurant Group,"816 Main St, Phoenix, TX 41668"
5481,Pharmacy Group,"752 Main St, Phoenix, NY 62454"
5482,Clothing Store Inc,"724 Main St, New York, TX 62479"
5483,Grocery Store Corp,"371 Main St, Houston, CA 32988"
5484,Electronics Store Co,"933 Main St, Chicago, CA 24358"
5485,Hotel Group,"965 Main St, Chicago, AZ 13017"
5486,Gas Station Inc,"460 Main St, Phoenix, TX 94912"
5487,Pharmacy LLC,"273 Main St, Phoenix, AZ 13796"
5488,Electronics Store Inc,"998 Main St, Chicago, NY 88329"
5489,Hotel Co,"731 Main St, Los Angeles, NY 23380"
5490,Gas Station Group,"335 Main St, Houston, NY 27684"
5491,Pharmacy Group,"995 Main St, Phoenix, CA 17508"
5492,Restaurant Group,"416 Main St, Houston, NY 58120"
5493,Gas Station LLC,"889 Main St, Los Angeles, NY 23270"
5494,Electronics Store Inc,"792 Main St, Houston, CA 96385"
5495,Electronics Store Group,"773 Main St, New York, CA 58255"
5496,Coffee Shop LLC,"613 Main St, New York, NY 48901"
5497,Retail Store Co,"402 Main St, Los Angeles, CA 36123"
5498,Electronics Store Inc,"694 Main St, Phoenix, AZ 35821"
5499,Pharmacy LLC,"462 Main St, Chicago, CA 51690"
5500,Gas Station Group,"319 Main St, Los Angeles, AZ 51799"
5501,Hotel Corp,"741 Main St, Houston, CA 93390"
5502,Gas Station Corp,"273 Main St, Phoenix, AZ 42746"
5503,Electronics Store Group,"373 Main St, Chicago, IL 24499"
5504,Electronics Store Co,"478 Main St, Phoenix, TX 31095"
5505,Clothing Store LLC,"813 Main St, Phoenix, CA 16514"
5506,Grocery Store LLC,"829 Main St, Phoenix, CA 61824"
5507,Coffee Shop Group,"604 Main St, Phoenix, NY 24195"
5508,Restaurant Corp,"852 Main St, Los Angeles, IL 79697"
5509,Restaurant LLC,"738 Main St, New York, TX 19742"
5510,Clothing Store Corp,"796 Main St, Houston, IL 80295"
5511,Retail Store Corp,"346 Main St, Phoenix, IL 94811"
5512,Restaurant Inc,"190 Main St, Phoenix, NY 82267"
5513,Gas Station Co,"539 Main St, Los Angeles, TX 46731"
5514,Hotel Inc,"138 Main St, Houston, IL 17863"
5515,Retail Store LLC,"514 Main St, Houston, NY 90671"
5516,Pharmacy LLC,"257 Main St, Los Angeles, CA 52025"
5517,Retail Store Corp,"262 Main St, Phoenix, CA 34497"
5518,Pharmacy LLC,"644 Main St, Chicago, IL 84276"
5519,Hotel Corp,"452 Main St, Phoenix, NY 14385"
5520,Gas Station Inc,"401 Main St, Houston, NY 57298"
5521,Retail Store LLC,"544 Main St, Los Angeles, TX 77871"
5522,Coffee Shop Corp,"150 Main St, New York, AZ 71912"
5523,Coffee Shop LLC,"858 Main St, Phoenix, IL 97706"
5524,Gas Station Co,"902 Main St, New York, IL 63854"
5525,Electronics Store LLC,"592 Main St, Phoenix, IL 56490"
5526,Restaurant LLC,"333 Main St, Houston, NY 74725"
5527,Clothing Store LLC,"808 Main St, Chicago, IL 10833"
5528,Gas Station Group,"434 Main St, Chicago, TX 22754"
5529,Grocery Store Group,"976 Main St, Los Angeles, TX 18995"
5530,Restaurant Co,"855 Main St, Chicago, AZ 83407"
5531,Electronics Store Inc,"939 Main St, Chicago, AZ 63391"
5532,Gas Station Group,"385 Main St, Chicago, AZ 85846"
5533,Clothing Store Inc,"819 Main St, Los Angeles, IL 79393"
5534,Clothing Store Corp,"641 Main St, Phoenix, AZ 36758"
5535,Coffee Shop Group,"865 Main St, Phoenix, TX 20870"
5536,Pharmacy LLC,"351 Main St, Los Angeles, AZ 84939"
5537,Grocery Store Inc,"718 Main St, Los Angeles, IL 77088"
5538,Grocery Store Co,"870 Main St, Phoenix, CA 17626"
5539,Clothing Store Corp,"494 Main St, Los Angeles, NY 11967"
5540,Pharmacy Inc,"290 Main St, Los Angeles, CA 30902"
5541,Hotel Group,"244 Main St, Chicago, NY 55365"
5542,Retail Store Co,"856 Main St, New York, CA 59271"
5543,Retail Store Inc,"851 Main St, Houston, CA 48151"
5544,Gas Station Inc,"924 Main St, Chicago, IL 39327"
5545,Retail Store LLC,"124 Main St, Phoenix, TX 68393"
5546,Gas Station Co,"266 Main St, Houston, TX 61391"
5547,Coffee Shop Group,"980 Main St, Houston, NY 67781"
5548,Hotel Inc,"831 Main St, Houston, IL 20448"
5549,Gas Station Corp,"706 Main St, Chicago, AZ 22479"
5550,Retail Store Inc,"439 Main St, Los Angeles, TX 94420"
5551,Electronics Store Group,"472 Main St, New York, IL 15425"
5552,Hotel Co,"205 Main St, Chicago, TX 76529"
5553,Hotel Co,"214 Main St, Chicago, IL 17980"
5554,Clothing Store Corp,"736 Main St, Houston, IL 40653"
5555,Retail Store Inc,"102 Main St, New York, TX 93108"
5556,Coffee Shop Inc,"124 Main St, Los Angeles, AZ 80163"
5557,Coffee Shop Group,"511 Main St, Phoenix, TX 70964"
5558,Retail Store Group,"762 Main St, Phoenix, IL 27623"
5559,Hotel Inc,"450 Main St, Los Angeles, TX 91353"
5560,Retail Store Group,"506 Main St, Phoenix, CA 99784"
5561,Gas Station Co,"832 Main St, New York, NY 68691"
5562,Coffee Shop Co,"133 Main St, New York, IL 59215"
5563,Restaurant Inc,"704 Main St, Houston, NY 89180"
5564,Gas Station LLC,"567 Main St, Los Angeles, TX 94489"
5565,Clothing Store Group,"221 Main St, New York, CA 53334"
5566,Pharmacy Corp,"472 Main St, Phoenix, TX 48555"
5567,Pharmacy Group,"269 Main St, Houston, CA 80089"
5568,Electronics Store Group,"696 Main St, Houston, CA 77406"
5569,Coffee Shop Inc,"738 Main St, Houston, AZ 38387"
5570,Retail Store Inc,"842 Main St, Chicago, IL 91508"
5571,Gas Station Corp,"756 Main St, Houston, NY 48076"
5572,Electronics Store Corp,"344 Main St, Houston, NY 80380"
5573,Grocery Store Co,"540 Main St, Los Angeles, TX 65797"
5574,Grocery Store LLC,"825 Main St, Los Angeles, TX 48665"
5575,Restaurant LLC,"578 Main St, Phoenix, IL 41571"
5576,Grocery Store Co,"352 Main St, Houston, IL 37181"
5577,Hotel Inc,"492 Main St, Chicago, TX 46410"
5578,Pharmacy Co,"772 Main St, Phoenix, TX 23647"
5579,Gas Station Inc,"745 Main St, Phoenix, NY 20563"
5580,Electronics Store Inc,"640 Main St, Chicago, AZ 56160"
5581,Pharmacy LLC,"474 Main St, Houston, CA 42585"
5582,Hotel Inc,"969 Main St, Los Angeles, AZ 68667"
5583,Grocery Store Inc,"588 Main St, Los Angeles, IL 22464"
5584,Electronics Store Inc,"890 Main St, Houston, CA 66097"
5585,Grocery Store Corp,"292 Main St, New York, CA 64324"
5586,Gas Station LLC,"239 Main St, Phoenix, IL 57432"
5587,Grocery Store Inc,"249 Main St, Houston, IL 31459"
5588,Pharmacy Co,"989 Main St, Los Angeles, AZ 37693"
5589,Hotel LLC,"697 Main St, Chicago, AZ 18883"
5590,Grocery Store Co,"747 Main St, Houston, CA 66662"
5591,Electronics Store Inc,"344 Main St, New York, IL 81839"
5592,Coffee Shop Corp,"540 Main St, Chicago, NY 96665"
5593,Restaurant Co,"610 Main St, Houston, NY 55626"
5594,Electronics Store Inc,"947 Main St, Houston, CA 78011"
5595,Retail Store LLC,"236 Main St, Chicago, TX 65773"
5596,Retail Store Co,"550 Main St, Houston, CA 81515"
5597,Clothing Store LLC,"199 Main St, Houston, IL 94174"
5598,Restaurant Co,"172 Main St, New York, TX 90521"
5599,Grocery Store Group,"500 Main St, Chicago, AZ 15249"
5600,Hotel Corp,"995 Main St, Chicago, NY 15066"
5601,Gas Station Group,"734 Main St, Los Angeles, AZ 55280"
5602,Retail Store LLC,"562 Main St, Phoenix, AZ 31257"
5603,Clothing Store Inc,"330 Main St, New York, CA 57772"
5604,Grocery Store Co,"650 Main St, New York, CA 47653"
5605,Retail Store Group,"372 Main St, Houston, CA 68007"
5606,Coffee Shop LLC,"880 Main St, Houston, CA 95389"
5607,Electronics Store Group,"529 Main St, Houston, TX 45374"
5608,Gas Station LLC,"311 Main St, New York, AZ 45861"
5609,Grocery Store LLC,"268 Main St, Chicago, TX 69463"
5610,Coffee Shop Corp,"745 Main St, Phoenix, CA 36787"
5611,Pharmacy Co,"443 Main St, Chicago, AZ 18562"
5612,Retail Store Co,"792 Main St, Chicago, CA 18715"
5613,Electronics Store Inc,"928 Main St, Houston, AZ 16304"
5614,Gas Station Co,"976 Main St, Los Angeles, AZ 52706"
5615,Restaurant LLC,"448 Main St, Los Angeles, CA 74282"
5616,Gas Station Co,"504 Main St, New York, AZ 24563"
5617,Pharmacy Group,"148 Main St, Phoenix, IL 56915"
5618,Hotel Corp,"416 Main St, New York, NY 47441"
5619,Pharmacy Co,"188 Main St, Chicago, IL 26704"
5620,Gas Station Group,"166 Main St, New York, CA 54749"
5621,Retail Store LLC,"866 Main St, Chicago, CA 48889"
5622,Coffee Shop LLC,"347 Main St, Chicago, TX 49082"
5623,Hotel Corp,"933 Main St, Los Angeles, TX 45639"
5624,Restaurant LLC,"158 Main St, Houston, CA 87391"
5625,Retail Store LLC,"863 Main St, Houston, IL 82511"
5626,Grocery Store Co,"880 Main St, Los Angeles, NY 11236"
5627,Gas Station Group,"622 Main St, Los Angeles, TX 33541"
5628,Grocery Store LLC,"128 Main St, Houston, NY 19452"
5629,Restaurant Inc,"693 Main St, Chicago, TX 48767"
5630,Retail Store Inc,"329 Main St, Houston, IL 98011"
5631,Coffee Shop LLC,"662 Main St, New York, NY 70108"
5632,Pharmacy Inc,"999 Main St, Phoenix, TX 38089"
5633,Gas Station Corp,"820 Main St, Los Angeles, IL 86833"
5634,Electronics Store LLC,"757 Main St, Chicago, NY 91909"
5635,Hotel Corp,"890 Main St, Chicago, IL 52274"
5636,Gas Station Group,"772 Main St, Houston, TX 96306"
5637,Pharmacy Co,"193 Main St, Chicago, TX 62251"
5638,Retail Store Group,"539 Main St, Houston, NY 76491"
5639,Clothing Store Corp,"419 Main St, New York, TX 74542"
5640,Gas Station Inc,"845 Main St, Houston, TX 80133"
5641,Coffee Shop Co,"463 Main St, New York, IL 21706"
5642,Gas Station Co,"506 Main St, Los Angeles, IL 90683"
5643,Restaurant Group,"997 Main St, Houston, IL 43306"
5644,Gas Station LLC,"355 Main St, Houston, AZ 40421"
5645,Electronics Store Corp,"186 Main St, Chicago, AZ 56541"
5646,Clothing Store Inc,"372 Main St, Los Angeles, AZ 70742"
5647,Clothing Store Inc,"359 Main St, New York, IL 76834"
5648,Retail Store LLC,"133 Main St, New York, NY 46038"
5649,Grocery Store Co,"527 Main St, Phoenix, TX 25625"
5650,Retail Store Co,"156 Main St, Chicago, NY 55704"
5651,Retail Store Co,"974 Main St, Phoenix, NY 22940"
5652,Restaurant Group,"915 Main St, Phoenix, TX 74569"
5653,Electronics Store Co,"801 Main St, New York, IL 60329"
5654,Retail Store Group,"985 Main St, Phoenix, AZ 99614"
5655,Electronics Store Corp,"427 Main St, Houston, IL 34085"
5656,Electronics Store LLC,"224 Main St, Houston, TX 86332"
5657,Coffee Shop LLC,"639 Main St, New York, NY 47426"
5658,Hotel Corp,"910 Main St, Los Angeles, CA 88625"
5659,Coffee Shop Co,"944 Main St, New York, NY 80212"
5660,Grocery Store LLC,"257 Main St, Chicago, AZ 96816"
5661,Hotel Corp,"335 Main St, New York, AZ 58052"
5662,Pharmacy LLC,"223 Main St, Los Angeles, NY 56463"
5663,Pharmacy Co,"256 Main St, Phoenix, NY 33036"
5664,Retail Store Corp,"273 Main St, New York, NY 17197"
5665,Coffee Shop Inc,"474 Main St, Los Angeles, CA 24319"
5666,Restaurant Co,"382 Main St, New York, NY 34485"
5667,Coffee Shop LLC,"355 Main St, Los Angeles, CA 93825"
5668,Restaurant Co,"289 Main St, New York, CA 51469"
5669,Clothing Store Group,"583 Main St, Chicago, AZ 89373"
5670,Pharmacy Inc,"177 Main St, New York, CA 88137"
5671,Electronics Store Co,"873 Main St, Los Angeles, CA 24118"
5672,Clothing Store LLC,"270 Main St, New York, CA 45829"
5673,Hotel Group,"495 Main St, Chicago, NY 84949"
5674,Electronics Store Inc,"875 Main St, Chicago, NY 42156"
5675,Gas Station Co,"245 Main St, Houston, NY 48837"
5676,Grocery Store Group,"525 Main St, Chicago, TX 10825"
5677,Clothing Store Inc,"433 Main St, Houston, NY 79757"
5678,Clothing Store Corp,"174 Main St, Chicago, AZ 29618"
5679,Hotel LLC,"286 Main St, Los Angeles, NY 33773"
5680,Hotel Corp,"979 Main St, New York, NY 27326"
5681,Gas Station Co,"238 Main St, Phoenix, TX 74323"
5682,Pharmacy LLC,"945 Main St, Phoenix, AZ 43708"
5683,Gas Station Group,"165 Main St, Houston, AZ 70873"
5684,Grocery Store Corp,"329 Main St, Phoenix, CA 78604"
5685,Gas Station Inc,"108 Main St, Los Angeles, NY 41485"
5686,Gas Station LLC,"621 Main St, Houston, TX 69477"
5687,Clothing Store Corp,"100 Main St, Phoenix, CA 47277"
5688,Retail Store Corp,"546 Main St, Los Angeles, CA 79042"
5689,Restaurant Inc,"701 Main St, Houston, AZ 92011"
5690,Retail Store Co,"390 Main St, Houston, TX 63301"
5691,Hotel Inc,"984 Main St, Houston, IL 13252"
5692,Coffee Shop Co,"812 Main St, Chicago, CA 69821"
5693,Restaurant Inc,"453 Main St, Houston, CA 51388"
5694,Grocery Store Corp,"632 Main St, Houston, CA 11676"
5695,Restaurant Co,"194 Main St, Phoenix, IL 54044"
5696,Electronics Store Corp,"733 Main St, Phoenix, NY 57761"
5697,Clothing Store LLC,"182 Main St, Chicago, IL 27175"
5698,Pharmacy Inc,"438 Main St, Houston, NY 54820"
5699,Gas Station LLC,"998 Main St, Chicago, TX 46870"
5700,Gas Station Inc,"228 Main St, Phoenix, AZ 47542"
5701,Hotel Corp,"550 Main St, Los Angeles, NY 94659"
5702,Gas Station Inc,"417 Main St, Los Angeles, NY 90038"
5703,Pharmacy Corp,"163 Main St, Los Angeles, AZ 23778"
5704,Retail Store Inc,"709 Main St, Houston, TX 27202"
5705,Gas Station Co,"940 Main St, New York, TX 22623"
5706,Retail Store LLC,"802 Main St, Phoenix, AZ 86278"
5707,Retail Store LLC,"131 Main St, Los Angeles, CA 64829"
5708,Hotel Co,"881 Main St, Chicago, CA 95614"
5709,Hotel Corp,"415 Main St, Chicago, CA 42977"
5710,Pharmacy LLC,"789 Main St, Chicago, IL 89464"
5711,Grocery Store LLC,"313 Main St, Los Angeles, CA 54144"
5712,Coffee Shop Group,"604 Main St, Phoenix, CA 36354"
5713,Restaurant Co,"229 Main St, Los Angeles, CA 45505"
5714,Clothing Store Inc,"603 Main St, Chicago, AZ 95111"
5715,Electronics Store LLC,"307 Main St, New York, CA 85429"
5716,Hotel Co,"243 Main St, Phoenix, NY 29012"
5717,Restaurant Co,"180 Main St, Houston, NY 51679"
5718,Clothing Store Co,"398 Main St, New York, AZ 58862"
5719,Gas Station Co,"274 Main St, Houston, NY 41164"
5720,Clothing Store Corp,"348 Main St, Phoenix, IL 20156"
5721,Clothing Store Inc,"892 Main St, Phoenix, TX 21442"
5722,Retail Store Inc,"193 Main St, Phoenix, TX 71824"
5723,Pharmacy LLC,"515 Main St, Phoenix, IL 63400"
5724,Grocery Store LLC,"929 Main St, Phoenix, CA 39329"
5725,Coffee Shop Group,"201 Main St, New York, AZ 26775"
5726,Clothing Store Corp,"103 Main St, Los Angeles, NY 48172"
5727,Gas Station LLC,"268 Main St, Houston, IL 79247"
5728,Restaurant Group,"488 Main St, Houston, AZ 17234"
5729,Electronics Store LLC,"784 Main St, New York, AZ 27407"
5730,Electronics Store Group,"674 Main St, Houston, TX 26262"
5731,Grocery Store Group,"338 Main St, Los Angeles, IL 63685"
5732,Hotel Co,"297 Main St, Los Angeles, AZ 13844"
5733,Gas Station Corp,"380 Main St, Phoenix, TX 42337"
5734,Electronics Store Corp,"402 Main St, Chicago, TX 84524"
5735,Grocery Store Corp,"885 Main St, Houston, NY 99918"
5736,Gas Station Inc,"305 Main St, Houston, IL 11763"
5737,Coffee Shop LLC,"675 Main St, Chicago, TX 48480"
5738,Hotel Group,"291 Main St, Los Angeles, AZ 46285"
5739,Restaurant LLC,"576 Main St, Phoenix, NY 80084"
5740,Grocery Store Co,"330 Main St, New York, CA 96945"
5741,Retail Store Corp,"985 Main St, Los Angeles, TX 58204"
5742,Hotel LLC,"942 Main St, Los Angeles, NY 32457"
5743,Clothing Store LLC,"573 Main St, Chicago, AZ 58593"
5744,Gas Station Corp,"274 Main St, Houston, IL 10786"
5745,Clothing Store Group,"804 Main St, Los Angeles, TX 57832"
5746,Restaurant Co,"262 Main St, Los Angeles, CA 93537"
5747,Grocery Store Corp,"194 Main St, New York, IL 40818"
5748,Hotel Inc,"873 Main St, Houston, AZ 47517"
5749,Coffee Shop Co,"351 Main St, Houston, IL 68857"
5750,Electronics Store Inc,"192 Main St, New York, TX 70386"
5751,Pharmacy Corp,"728 Main St, Chicago, NY 67302"
5752,Hotel LLC,"615 Main St, New York, NY 23652"
5753,Grocery Store Inc,"302 Main St, Chicago, AZ 68656"
5754,Pharmacy LLC,"952 Main St, Los Angeles, CA 96198"
5755,Gas Station Group,"771 Main St, Houston, AZ 20067"
5756,Pharmacy LLC,"153 Main St, Chicago, IL 75741"
5757,Retail Store Group,"607 Main St, New York, IL 87081"
5758,Grocery Store LLC,"521 Main St, Houston, AZ 44708"
5759,Clothing Store Inc,"602 Main St, Houston, NY 53017"
5760,Pharmacy Corp,"256 Main St, Phoenix, AZ 11274"
5761,Coffee Shop Inc,"176 Main St, Los Angeles, AZ 42759"
5762,Hotel Group,"102 Main St, Houston, TX 62968"
5763,Pharmacy LLC,"147 Main St, Chicago, CA 47065"
5764,Grocery Store LLC,"711 Main St, New York, NY 17752"
5765,Grocery Store Inc,"277 Main St, Phoenix, TX 81945"
5766,Electronics Store LLC,"647 Main St, Chicago, NY 50245"
5767,Pharmacy Group,"161 Main St, New York, TX 32347"
5768,Retail Store LLC,"606 Main St, Los Angeles, AZ 84417"
5769,Coffee Shop Inc,"441 Main St, Chicago, CA 12051"
5770,Retail Store Co,"981 Main St, Houston, NY 15588"
5771,Retail Store Corp,"183 Main St, New York, AZ 74578"
5772,Hotel Corp,"723 Main St, Chicago, AZ 90652"
5773,Retail Store Group,"656 Main St, Phoenix, NY 36227"
5774,Retail Store Co,"979 Main St, Chicago, AZ 42757"
5775,Pharmacy Group,"714 Main St, Los Angeles, AZ 40939"
5776,Clothing Store Inc,"342 Main St, Houston, IL 24264"
5777,Clothing Store LLC,"385 Main St, New York, TX 11277"
5778,Gas Station Co,"814 Main St, Houston, CA 44236"
5779,Pharmacy Inc,"966 Main St, Phoenix, CA 76402"
5780,Retail Store Inc,"290 Main St, Houston, TX 15428"
5781,Clothing Store Corp,"528 Main St, Los Angeles, CA 48169"
5782,Restaurant LLC,"487 Main St, Chicago, TX 15377"
5783,Retail Store Inc,"650 Main St, Phoenix, TX 89690"
5784,Grocery Store LLC,"354 Main St, Los Angeles, IL 77323"
5785,Restaurant LLC,"149 Main St, Phoenix, AZ 90509"
5786,Electronics Store Co,"826 Main St, Houston, AZ 12218"
5787,Grocery Store Co,"773 Main St, Chicago, NY 64322"
5788,Clothing Store LLC,"118 Main St, Los Angeles, TX 71152"
5789,Pharmacy LLC,"898 Main St, New York, NY 26023"
5790,Coffee Shop Inc,"913 Main St, Los Angeles, AZ 56922"
5791,Pharmacy Group,"930 Main St, Los Angeles, CA 75748"
5792,Clothing Store Co,"661 Main St, Phoenix, NY 47355"
5793,Coffee Shop Inc,"576 Main St, Los Angeles, AZ 78241"
5794,Clothing Store Corp,"518 Main St, New York, TX 71671"
5795,Coffee Shop LLC,"643 Main St, Los Angeles, TX 64178"
5796,Coffee Shop Co,"402 Main St, Houston, AZ 57987"
5797,Clothing Store LLC,"874 Main St, New York, NY 19440"
5798,Gas Station Corp,"496 Main St, New York, NY 79929"
5799,Retail Store Inc,"898 Main St, Phoenix, TX 60047"
5800,Clothing Store Corp,"684 Main St, New York, NY 89468"
5801,Hotel Inc,"729 Main St, Phoenix, CA 76015"
5802,Coffee Shop Group,"402 Main St, Chicago, TX 10747"
5803,Restaurant Corp,"759 Main St, Houston, AZ 48521"
5804,Electronics Store Inc,"683 Main St, Chicago, AZ 95045"
5805,Restaurant Group,"509 Main St, Chicago, TX 81278"
5806,Electronics Store LLC,"851 Main St, New York, NY 88509"
5807,Grocery Store Group,"609 Main St, Phoenix, TX 67424"
5808,Coffee Shop Inc,"540 Main St, Phoenix, NY 90529"
5809,Pharmacy Corp,"280 Main St, Chicago, NY 15195"
5810,Coffee Shop Group,"780 Main St, Phoenix, NY 55918"
5811,Electronics Store LLC,"933 Main St, Los Angeles, CA 93400"
5812,Coffee Shop LLC,"903 Main St, New York, TX 91125"
5813,Electronics Store Inc,"338 Main St, Chicago, IL 54589"
5814,Electronics Store Co,"543 Main St, Los Angeles, NY 34234"
5815,Grocery Store Inc,"650 Main St, Los Angeles, NY 86237"
5816,Clothing Store LLC,"216 Main St, New York, NY 60133"
5817,Clothing Store Group,"196 Main St, Los Angeles, CA 75469"
5818,Pharmacy Inc,"964 Main St, Phoenix, AZ 69505"
5819,Electronics Store LLC,"468 Main St, Houston, CA 62949"
5820,Hotel Corp,"375 Main St, Houston, IL 77197"
5821,Grocery Store Inc,"903 Main St, Chicago, CA 91165"
5822,Pharmacy Group,"510 Main St, New York, TX 56560"
5823,Grocery Store Inc,"379 Main St, Los Angeles, NY 85090"
5824,Pharmacy LLC,"655 Main St, Phoenix, IL 38597"
5825,Retail Store Group,"535 Main St, New York, IL 93959"
5826,Hotel Corp,"594 Main St, Chicago, NY 88668"
5827,Gas Station Co,"537 Main St, Los Angeles, IL 27236"
5828,Restaurant Group,"792 Main St, Chicago, AZ 33665"
5829,Coffee Shop Group,"730 Main St, New York, AZ 78648"
5830,Retail Store Co,"565 Main St, Phoenix, TX 25119"
5831,Electronics Store Co,"586 Main St, Chicago, NY 72225"
5832,Retail Store LLC,"830 Main St, Los Angeles, CA 39611"
5833,Retail Store Corp,"828 Main St, Phoenix, IL 92256"
5834,Grocery Store Inc,"972 Main St, Los Angeles, AZ 10642"
5835,Clothing Store LLC,"114 Main St, Los Angeles, IL 27246"
5836,Restaurant LLC,"470 Main St, Houston, TX 18921"
5837,Coffee Shop Corp,"120 Main St, New York, TX 66622"
5838,Gas Station Corp,"363 Main St, Houston, TX 76085"
5839,Coffee Shop LLC,"458 Main St, Chicago, CA 65139"
5840,Clothing Store Inc,"719 Main St, Houston, CA 41258"
5841,Clothing Store Co,"304 Main St, Los Angeles, CA 43206"
5842,Restaurant Inc,"142 Main St, Chicago, NY 29509"
5843,Coffee Shop Inc,"999 Main St, Los Angeles, CA 71586"
5844,Coffee Shop Co,"437 Main St, Chicago, TX 71344"
5845,Grocery Store Inc,"162 Main St, Chicago, IL 13552"
5846,Coffee Shop Group,"720 Main St, Phoenix, NY 34625"
5847,Gas Station Co,"825 Main St, New York, NY 66523"
5848,Grocery Store Group,"972 Main St, Los Angeles, TX 35252"
5849,Gas Station Co,"611 Main St, Phoenix, CA 55102"
5850,Pharmacy Co,"829 Main St, Los Angeles, CA 40609"
5851,Hotel Inc,"769 Main St, New York, IL 15058"
5852,Clothing Store LLC,"228 Main St, Phoenix, NY 93610"
5853,Pharmacy Co,"803 Main St, Houston, IL 82105"
5854,Hotel Corp,"770 Main St, Los Angeles, AZ 20276"
5855,Gas Station Corp,"645 Main St, Phoenix, AZ 55022"
5856,Coffee Shop Co,"810 Main St, Chicago, TX 74059"
5857,Retail Store LLC,"866 Main St, Chicago, CA 39853"
5858,Retail Store Inc,"410 Main St, Los Angeles, IL 40509"
5859,Retail Store Co,"590 Main St, Chicago, AZ 49711"
5860,Gas Station Corp,"794 Main St, Los Angeles, TX 71633"
5861,Electronics Store Co,"721 Main St, Houston, NY 87328"
5862,Hotel Inc,"837 Main St, Phoenix, IL 38997"
5863,Clothing Store LLC,"867 Main St, Phoenix, IL 26544"
5864,Electronics Store Corp,"675 Main St, Phoenix, NY 61474"
5865,Clothing Store Inc,"497 Main St, Chicago, CA 30361"
5866,Clothing Store Inc,"396 Main St, New York, CA 15360"
5867,Retail Store LLC,"859 Main St, Chicago, NY 53064"
5868,Coffee Shop Inc,"828 Main St, New York, NY 99661"
5869,Grocery Store Inc,"862 Main St, Chicago, AZ 23022"
5870,Electronics Store LLC,"158 Main St, Los Angeles, CA 30931"
5871,Pharmacy Co,"179 Main St, Phoenix, CA 42533"
5872,Electronics Store Group,"842 Main St, New York, IL 57096"
5873,Restaurant LLC,"715 Main St, Chicago, TX 47333"
5874,Restaurant Corp,"848 Main St, Houston, CA 27425"
5875,Clothing Store Group,"793 Main St, Chicago, TX 28175"
5876,Retail Store Group,"988 Main St, Chicago, NY 30538"
5877,Gas Station LLC,"712 Main St, Los Angeles, TX 59912"
5878,Pharmacy Corp,"563 Main St, Houston, CA 68022"
5879,Electronics Store LLC,"643 Main St, Los Angeles, TX 51408"
5880,Gas Station Corp,"658 Main St, Houston, TX 32201"
5881,Clothing Store LLC,"293 Main St, Chicago, NY 53231"
5882,Electronics Store Inc,"741 Main St, New York, NY 73126"
5883,Restaurant Co,"713 Main St, Los Angeles, IL 24656"
5884,Restaurant Co,"268 Main St, Los Angeles, IL 88808"
5885,Restaurant Group,"520 Main St, Phoenix, TX 21950"
5886,Pharmacy Inc,"769 Main St, Los Angeles, IL 15743"
5887,Grocery Store LLC,"823 Main St, Phoenix, NY 85311"
5888,Restaurant LLC,"197 Main St, Los Angeles, AZ 93843"
5889,Coffee Shop Group,"161 Main St, Phoenix, CA 81310"
5890,Restaurant Corp,"171 Main St, Chicago, IL 30986"
5891,Clothing Store Co,"928 Main St, Phoenix, IL 84204"
5892,Restaurant Corp,"416 Main St, New York, TX 68305"
5893,Hotel LLC,"992 Main St, Phoenix, CA 43442"
5894,Grocery Store Co,"790 Main St, Phoenix, CA 43777"
5895,Gas Station Group,"105 Main St, Houston, IL 76627"
5896,Retail Store Co,"482 Main St, Los Angeles, TX 17375"
5897,Retail Store LLC,"565 Main St, Los Angeles, AZ 96937"
5898,Hotel Co,"744 Main St, Chicago, TX 13086"
5899,Clothing Store Inc,"590 Main St, Phoenix, TX 55151"
5900,Pharmacy Inc,"201 Main St, New York, NY 56435"
5901,Pharmacy Co,"112 Main St, Los Angeles, IL 61259"
5902,Restaurant Co,"554 Main St, Phoenix, NY 59110"
5903,Coffee Shop Inc,"669 Main St, New York, IL 81712"
5904,Hotel LLC,"950 Main St, Houston, CA 41568"
5905,Gas Station Group,"563 Main St, Chicago, AZ 52985"
5906,Hotel LLC,"737 Main St, New York, CA 15407"
5907,Hotel Co,"768 Main St, Chicago, IL 68048"
5908,Hotel Co,"129 Main St, Chicago, IL 89822"
5909,Pharmacy Inc,"714 Main St, Los Angeles, TX 85815"
5910,Clothing Store Group,"916 Main St, Phoenix, NY 95865"
5911,Clothing Store Inc,"536 Main St, Houston, AZ 60124"
5912,Electronics Store Co,"356 Main St, Chicago, AZ 94964"
5913,Hotel LLC,"626 Main St, Chicago, AZ 25318"
5914,Pharmacy Inc,"604 Main St, New York, AZ 88785"
5915,Grocery Store Group,"775 Main St, Chicago, AZ 45843"
5916,Grocery Store Inc,"626 Main St, New York, TX 73446"
5917,Gas Station Corp,"327 Main St, Houston, IL 65114"
5918,Retail Store LLC,"904 Main St, New York, NY 22313"
5919,Pharmacy Group,"572 Main St, Chicago, TX 49039"
5920,Electronics Store Inc,"141 Main St, Phoenix, NY 67228"
5921,Electronics Store Co,"621 Main St, Chicago, IL 54801"
5922,Hotel Group,"208 Main St, Chicago, AZ 40822"
5923,Pharmacy Corp,"854 Main St, Phoenix, TX 14556"
5924,Electronics Store Corp,"240 Main St, Phoenix, TX 58562"
5925,Gas Station LLC,"749 Main St, Houston, IL 64401"
5926,Pharmacy Corp,"856 Main St, Phoenix, CA 59630"
5927,Retail Store Co,"514 Main St, Los Angeles, AZ 39873"
5928,Coffee Shop LLC,"578 Main St, Los Angeles, CA 69786"
5929,Retail Store Co,"377 Main St, Los Angeles, CA 73386"
5930,Restaurant Inc,"277 Main St, Los Angeles, AZ 57934"
5931,Retail Store LLC,"636 Main St, Houston, AZ 19285"
5932,Clothing Store Corp,"592 Main St, Houston, CA 61978"
5933,Coffee Shop Inc,"961 Main St, Houston, NY 12213"
5934,Clothing Store Inc,"449 Main St, Chicago, CA 97707"
5935,Pharmacy Co,"538 Main St, Houston, IL 46566"
5936,Gas Station Group,"198 Main St, Los Angeles, AZ 15087"
5937,Hotel Inc,"199 Main St, Phoenix, TX 56164"
5938,Retail Store Group,"202 Main St, New York, TX 84859"
5939,Clothing Store Inc,"818 Main St, Houston, CA 69882"
5940,Hotel Group,"838 Main St, Los Angeles, IL 63338"
5941,Restaurant Inc,"524 Main St, Chicago, IL 70030"
5942,Restaurant Co,"920 Main St, Chicago, CA 64589"
5943,Retail Store Corp,"575 Main St, Chicago, AZ 92367"
5944,Clothing Store Group,"102 Main St, Houston, AZ 49984"
5945,Coffee Shop Corp,"721 Main St, Los Angeles, NY 73401"
5946,Coffee Shop Group,"494 Main St, Phoenix, CA 13132"
5947,Pharmacy LLC,"977 Main St, Houston, AZ 73573"
5948,Electronics Store Corp,"628 Main St, Chicago, AZ 43592"
5949,Restaurant Co,"450 Main St, Phoenix, CA 74302"
5950,Clothing Store Corp,"899 Main St, Los Angeles, TX 23387"
5951,Clothing Store Co,"386 Main St, New York, NY 98772"
5952,Hotel Co,"634 Main St, Phoenix, TX 26100"
5953,Clothing Store Corp,"139 Main St, New York, TX 48999"
5954,Grocery Store Co,"259 Main St, Houston, IL 45962"
5955,Gas Station Corp,"166 Main St, New York, CA 42507"
5956,Grocery Store LLC,"947 Main St, Los Angeles, NY 63428"
5957,Retail Store LLC,"375 Main St, Los Angeles, NY 59821"
5958,Hotel Co,"740 Main St, Phoenix, CA 44366"
5959,Pharmacy Corp,"543 Main St, Houston, IL 34728"
5960,Grocery Store LLC,"782 Main St, Chicago, NY 41618"
5961,Clothing Store LLC,"546 Main St, Los Angeles, CA 53334"
5962,Clothing Store Inc,"429 Main St, Chicago, CA 78931"
5963,Restaurant Group,"625 Main St, New York, IL 42291"
5964,Electronics Store Co,"257 Main St, New York, CA 82142"
5965,Hotel Group,"931 Main St, New York, TX 50267"
5966,Hotel Inc,"736 Main St, Houston, TX 82359"
5967,Electronics Store Group,"484 Main St, Houston, IL 85228"
5968,Grocery Store Inc,"711 Main St, New York, AZ 34022"
5969,Hotel Group,"160 Main St, Los Angeles, IL 43459"
5970,Pharmacy LLC,"356 Main St, Houston, NY 17645"
5971,Retail Store Group,"950 Main St, New York, IL 43468"
5972,Grocery Store LLC,"325 Main St, New York, TX 62590"
5973,Electronics Store Inc,"873 Main St, Phoenix, AZ 99433"
5974,Restaurant Co,"766 Main St, Chicago, NY 66625"
5975,Restaurant Inc,"606 Main St, Houston, TX 73218"
5976,Grocery Store Corp,"593 Main St, Houston, TX 42877"
5977,Grocery Store LLC,"759 Main St, Phoenix, CA 83600"
5978,Coffee Shop Group,"141 Main St, Los Angeles, AZ 95826"
5979,Gas Station Co,"881 Main St, Los Angeles, AZ 73394"
5980,Coffee Shop LLC,"656 Main St, Phoenix, TX 48657"
5981,Electronics Store Group,"899 Main St, Chicago, NY 10789"
5982,Pharmacy Corp,"362 Main St, Houston, TX 39749"
5983,Grocery Store Group,"294 Main St, Houston, CA 99765"
5984,Restaurant Corp,"520 Main St, Chicago, CA 97268"
5985,Coffee Shop Group,"135 Main St, New York, CA 98628"
5986,Electronics Store Corp,"293 Main St, Los Angeles, TX 33397"
5987,Hotel Inc,"981 Main St, Chicago, CA 82327"
5988,Electronics Store Group,"823 Main St, Chicago, NY 70761"
5989,Restaurant Inc,"630 Main St, Chicago, CA 97009"
5990,Gas Station Co,"776 Main St, Phoenix, AZ 59646"
5991,Retail Store LLC,"206 Main St, Chicago, TX 43998"
5992,Clothing Store Group,"285 Main St, New York, NY 15685"
5993,Clothing Store LLC,"441 Main St, Houston, TX 49433"
5994,Pharmacy Inc,"267 Main St, Los Angeles, CA 40477"
5995,Retail Store Group,"953 Main St, New York, AZ 68231"
5996,Gas Station Co,"212 Main St, Phoenix, NY 75351"
5997,Retail Store Co,"696 Main St, New York, NY 75322"
5998,Hotel Co,"446 Main St, Houston, CA 44741"
5999,Retail Store LLC,"436 Main St, Chicago, TX 87054"
6000,Electronics Store Corp,"464 Main St, Los Angeles, AZ 26744"
6001,Hotel LLC,"683 Main St, New York, IL 90369"
6002,Hotel Inc,"799 Main St, Houston, AZ 72034"
6003,Coffee Shop Corp,"388 Main St, Chicago, CA 98556"
6004,Clothing Store Inc,"132 Main St, Houston, CA 14274"
6005,Electronics Store Corp,"738 Main St, Los Angeles, AZ 70829"
6006,Clothing Store Group,"953 Main St, New York, IL 40490"
6007,Grocery Store Group,"635 Main St, Houston, CA 82345"
6008,Electronics Store Co,"790 Main St, Los Angeles, IL 28082"
6009,Coffee Shop Corp,"385 Main St, New York, IL 34384"
6010,Clothing Store Corp,"480 Main St, Phoenix, NY 47472"
6011,Coffee Shop Co,"539 Main St, New York, AZ 77931"
6012,Gas Station Group,"968 Main St, New York, CA 76212"
6013,Pharmacy Co,"561 Main St, Houston, NY 24410"
6014,Electronics Store Inc,"643 Main St, New York, IL 94419"
6015,Grocery Store LLC,"857 Main St, Los Angeles, NY 28362"
6016,Electronics Store Inc,"175 Main St, Chicago, IL 47094"
6017,Pharmacy Inc,"680 Main St, Houston, CA 67479"
6018,Hotel Group,"725 Main St, Phoenix, IL 34660"
6019,Grocery Store Co,"300 Main St, Phoenix, TX 29187"
6020,Gas Station Co,"387 Main St, Chicago, TX 35875"
6021,Pharmacy LLC,"985 Main St, Los Angeles, IL 11450"
6022,Clothing Store Inc,"875 Main St, Phoenix, TX 66953"
6023,Pharmacy Co,"957 Main St, Phoenix, TX 76827"
6024,Hotel Corp,"220 Main St, Houston, IL 35877"
6025,Pharmacy Group,"865 Main St, Los Angeles, TX 44282"
6026,Coffee Shop Group,"654 Main St, New York, CA 45803"
6027,Clothing Store Inc,"277 Main St, Phoenix, AZ 77903"
6028,Gas Station Group,"395 Main St, Phoenix, CA 94215"
6029,Electronics Store Corp,"206 Main St, Houston, AZ 86842"
6030,Pharmacy Co,"405 Main St, Chicago, CA 63713"
6031,Pharmacy LLC,"722 Main St, New York, TX 92493"
6032,Hotel Group,"108 Main St, Los Angeles, CA 65661"
6033,Retail Store Corp,"358 Main St, New York, NY 78697"
6034,Restaurant Inc,"931 Main St, Chicago, AZ 40173"
6035,Clothing Store Corp,"869 Main St, Los Angeles, IL 61233"
6036,Electronics Store LLC,"101 Main St, Chicago, TX 71016"
6037,Electronics Store Group,"758 Main St, Phoenix, AZ 71379"
6038,Retail Store Corp,"909 Main St, Los Angeles, NY 12648"
6039,Grocery Store Corp,"833 Main St, Los Angeles, CA 67887"
6040,Hotel Corp,"998 Main St, Los Angeles, NY 38463"
6041,Retail Store Group,"180 Main St, Phoenix, NY 51474"
6042,Electronics Store LLC,"528 Main St, Phoenix, TX 66998"
6043,Gas Station Corp,"154 Main St, Los Angeles, IL 45791"
6044,Hotel LLC,"830 Main St, Phoenix, TX 56546"
6045,Hotel Corp,"268 Main St, Houston, TX 24648"
6046,Hotel Corp,"441 Main St, Phoenix, CA 46934"
6047,Gas Station Inc,"629 Main St, Houston, CA 39812"
6048,Clothing Store LLC,"730 Main St, Houston, IL 16553"
6049,Coffee Shop Group,"224 Main St, Phoenix, AZ 61055"
6050,Clothing Store Inc,"301 Main St, Chicago, TX 80751"
6051,Hotel Inc,"857 Main St, Houston, TX 91543"
6052,Restaurant Co,"642 Main St, Los Angeles, CA 59575"
6053,Hotel Corp,"198 Main St, Los Angeles, TX 72072"
6054,Coffee Shop Inc,"411 Main St, Chicago, NY 24755"
6055,Clothing Store Co,"705 Main St, Chicago, NY 54899"
6056,Retail Store LLC,"354 Main St, Los Angeles, TX 48923"
6057,Pharmacy Corp,"258 Main St, Houston, CA 77215"
6058,Retail Store Group,"945 Main St, Los Angeles, CA 51193"
6059,Retail Store LLC,"776 Main St, Phoenix, IL 50369"
6060,Restaurant Corp,"795 Main St, Chicago, IL 58684"
6061,Coffee Shop Co,"270 Main St, Houston, IL 41512"
6062,Grocery Store Co,"607 Main St, Phoenix, CA 42560"
6063,Electronics Store Group,"713 Main St, Chicago, NY 79484"
6064,Gas Station Corp,"125 Main St, Los Angeles, IL 14466"
6065,Clothing Store Group,"428 Main St, Los Angeles, CA 58896"
6066,Coffee Shop LLC,"625 Main St, New York, AZ 66208"
6067,Pharmacy Corp,"705 Main St, Chicago, TX 82785"
6068,Restaurant Corp,"928 Main St, Houston, CA 71667"
6069,Hotel Co,"582 Main St, Chicago, IL 39821"
6070,Grocery Store Corp,"632 Main St, Los Angeles, NY 89591"
6071,Electronics Store Corp,"169 Main St, Los Angeles, NY 12207"
6072,Pharmacy Inc,"944 Main St, Phoenix, NY 44225"
6073,Grocery Store Group,"838 Main St, Los Angeles, CA 30867"
6074,Pharmacy LLC,"904 Main St, Los Angeles, TX 19520"
6075,Restaurant Inc,"742 Main St, Chicago, TX 51953"
6076,Gas Station Corp,"803 Main St, Los Angeles, CA 16616"
6077,Hotel Inc,"107 Main St, Los Angeles, AZ 20867"
6078,Electronics Store Corp,"525 Main St, New York, CA 35743"
6079,Gas Station Co,"558 Main St, Los Angeles, NY 62154"
6080,Pharmacy Co,"201 Main St, Phoenix, AZ 24690"
6081,Gas Station Corp,"107 Main St, New York, CA 71105"
6082,Pharmacy LLC,"239 Main St, Chicago, AZ 27709"
6083,Hotel Co,"757 Main St, New York, CA 76866"
6084,Hotel Inc,"913 Main St, Los Angeles, AZ 89905"
6085,Clothing Store Co,"435 Main St, Phoenix, AZ 61767"
6086,Restaurant Group,"787 Main St, Houston, TX 60605"
6087,Electronics Store Group,"295 Main St, New York, AZ 89110"
6088,Gas Station Corp,"162 Main St, Chicago, NY 55876"
6089,Retail Store Co,"622 Main St, Los Angeles, IL 80648"
6090,Restaurant Corp,"373 Main St, Chicago, IL 35758"
6091,Restaurant Co,"785 Main St, Chicago, IL 10863"
6092,Hotel Group,"570 Main St, Los Angeles, IL 45527"
6093,Electronics Store Corp,"292 Main St, Houston, NY 15490"
6094,Gas Station Corp,"445 Main St, Houston, CA 75711"
6095,Clothing Store Group,"587 Main St, Los Angeles, CA 56311"
6096,Hotel LLC,"141 Main St, Los Angeles, CA 12495"
6097,Clothing Store Corp,"147 Main St, New York, IL 59739"
6098,Coffee Shop Co,"618 Main St, Houston, AZ 59352"
6099,Clothing Store Corp,"636 Main St, Los Angeles, IL 70780"
6100,Electronics Store Group,"841 Main St, Chicago, TX 14484"
6101,Pharmacy LLC,"307 Main St, Houston, NY 94885"
6102,Pharmacy Co,"188 Main St, Chicago, NY 32172"
6103,Coffee Shop LLC,"940 Main St, Los Angeles, NY 94080"
6104,Clothing Store Co,"858 Main St, New York, CA 45234"
6105,Hotel LLC,"207 Main St, New York, CA 87923"
6106,Retail Store Group,"126 Main St, Phoenix, NY 12736"
6107,Hotel LLC,"423 Main St, Chicago, NY 17939"
6108,Clothing Store Inc,"779 Main St, Chicago, IL 18428"
6109,Pharmacy Group,"344 Main St, New York, NY 20926"
6110,Hotel LLC,"849 Main St, Houston, AZ 28562"
6111,Pharmacy Inc,"439 Main St, Houston, CA 61168"
6112,Electronics Store Co,"666 Main St, Chicago, AZ 25431"
6113,Gas Station Group,"307 Main St, Phoenix, AZ 75147"
6114,Pharmacy Corp,"248 Main St, Los Angeles, CA 68698"
6115,Grocery Store Group,"168 Main St, Phoenix, NY 95679"
6116,Clothing Store Co,"333 Main St, Chicago, TX 90236"
6117,Restaurant Corp,"191 Main St, New York, CA 57562"
6118,Gas Station Group,"739 Main St, Los Angeles, IL 63259"
6119,Hotel Group,"696 Main St, Chicago, IL 43211"
6120,Hotel Corp,"935 Main St, Phoenix, IL 40087"
6121,Hotel Co,"606 Main St, Los Angeles, TX 29240"
6122,Gas Station Inc,"305 Main St, New York, NY 11535"
6123,Retail Store LLC,"557 Main St, Los Angeles, TX 19345"
6124,Restaurant Corp,"588 Main St, New York, NY 83766"
6125,Clothing Store Co,"319 Main St, Phoenix, TX 26692"
6126,Electronics Store LLC,"121 Main St, Phoenix, AZ 24945"
6127,Electronics Store Co,"456 Main St, Houston, TX 61712"
6128,Pharmacy Co,"386 Main St, Houston, NY 17594"
6129,Gas Station LLC,"323 Main St, Phoenix, NY 22960"
6130,Grocery Store Corp,"543 Main St, Houston, TX 24946"
6131,Gas Station Corp,"609 Main St, Phoenix, NY 33269"
6132,Grocery Store LLC,"319 Main St, Los Angeles, CA 68303"
6133,Electronics Store Group,"443 Main St, Phoenix, TX 44240"
6134,Restaurant Co,"927 Main St, Chicago, AZ 91578"
6135,Retail Store Corp,"368 Main St, Los Angeles, NY 67566"
6136,Grocery Store Corp,"975 Main St, Chicago, IL 56831"
6137,Coffee Shop Co,"658 Main St, Chicago, TX 82408"
6138,Hotel LLC,"524 Main St, Houston, TX 67153"
6139,Hotel Group,"832 Main St, New York, AZ 77457"
6140,Grocery Store LLC,"113 Main St, Chicago, CA 78214"
6141,Pharmacy Co,"641 Main St, Phoenix, IL 10305"
6142,Electronics Store Corp,"172 Main St, Phoenix, NY 15383"
6143,Retail Store Corp,"258 Main St, Los Angeles, IL 36912"
6144,Coffee Shop Inc,"216 Main St, New York, TX 23623"
6145,Hotel Group,"225 Main St, Houston, CA 15961"
6146,Coffee Shop Group,"678 Main St, Houston, CA 77444"
6147,Electronics Store Inc,"772 Main St, Houston, IL 91823"
6148,Retail Store Co,"408 Main St, Chicago, TX 82004"
6149,Pharmacy Corp,"132 Main St, Houston, TX 83233"
6150,Grocery Store LLC,"239 Main St, Chicago, IL 12652"
6151,Grocery Store Inc,"474 Main St, Chicago, CA 40494"
6152,Coffee Shop Corp,"397 Main St, Chicago, CA 12539"
6153,Pharmacy Corp,"239 Main St, New York, NY 29546"
6154,Coffee Shop LLC,"728 Main St, Houston, NY 36279"
6155,Restaurant Co,"814 Main St, Chicago, IL 89536"
6156,Retail Store Corp,"752 Main St, New York, NY 18774"
6157,Pharmacy Corp,"975 Main St, Houston, IL 64990"
6158,Grocery Store LLC,"392 Main St, Los Angeles, IL 81669"
6159,Grocery Store Inc,"987 Main St, Los Angeles, NY 95506"
6160,Hotel LLC,"962 Main St, New York, TX 51999"
6161,Pharmacy Co,"359 Main St, Houston, NY 99812"
6162,Gas Station Co,"597 Main St, New York, AZ 46681"
6163,Restaurant Corp,"233 Main St, Los Angeles, NY 61158"
6164,Electronics Store LLC,"865 Main St, New York, NY 12679"
6165,Grocery Store Group,"971 Main St, Houston, TX 75413"
6166,Clothing Store Inc,"232 Main St, Houston, NY 71941"
6167,Coffee Shop Group,"711 Main St, Chicago, CA 27880"
6168,Retail Store LLC,"294 Main St, Phoenix, NY 40378"
6169,Grocery Store Group,"179 Main St, New York, AZ 97239"
6170,Electronics Store LLC,"215 Main St, Houston, IL 36606"
6171,Pharmacy Co,"886 Main St, Chicago, NY 37681"
6172,Electronics Store Inc,"823 Main St, Los Angeles, AZ 80731"
6173,Electronics Store Inc,"576 Main St, Phoenix, CA 18956"
6174,Restaurant Co,"879 Main St, Phoenix, CA 39060"
6175,Restaurant Corp,"633 Main St, Chicago, TX 16160"
6176,Retail Store Group,"614 Main St, New York, IL 22000"
6177,Grocery Store Corp,"344 Main St, Los Angeles, NY 45663"
6178,Hotel Inc,"234 Main St, Phoenix, NY 64428"
6179,Electronics Store Group,"195 Main St, Phoenix, NY 13337"
6180,Retail Store Inc,"391 Main St, New York, IL 56312"
6181,Clothing Store LLC,"560 Main St, New York, AZ 40226"
6182,Retail Store Group,"112 Main St, Chicago, TX 12068"
6183,Clothing Store Corp,"520 Main St, Phoenix, CA 84896"
6184,Pharmacy Inc,"532 Main St, Houston, NY 96037"
6185,Hotel LLC,"434 Main St, Chicago, IL 97835"
6186,Hotel Inc,"722 Main St, Los Angeles, NY 25837"
6187,Gas Station Inc,"548 Main St, Chicago, NY 13591"
6188,Electronics Store Co,"980 Main St, Los Angeles, IL 78450"
6189,Gas Station LLC,"863 Main St, Houston, IL 34659"
6190,Gas Station Group,"990 Main St, Houston, TX 68240"
6191,Retail Store LLC,"597 Main St, Los Angeles, AZ 50582"
6192,Clothing Store Corp,"219 Main St, New York, TX 89120"
6193,Pharmacy Inc,"655 Main St, New York, IL 89764"
6194,Coffee Shop Co,"710 Main St, Chicago, CA 46356"
6195,Pharmacy Co,"483 Main St, Los Angeles, AZ 27768"
6196,Gas Station Co,"654 Main St, Chicago, CA 26210"
6197,Coffee Shop LLC,"819 Main St, Los Angeles, NY 20811"
6198,Gas Station Inc,"692 Main St, Los Angeles, CA 31685"
6199,Electronics Store Group,"830 Main St, Houston, AZ 28735"
6200,Pharmacy Corp,"646 Main St, Los Angeles, AZ 22691"
6201,Coffee Shop Inc,"676 Main St, Houston, NY 82445"
6202,Electronics Store LLC,"519 Main St, Chicago, TX 79906"
6203,Grocery Store Group,"739 Main St, Los Angeles, AZ 48000"
6204,Coffee Shop Co,"565 Main St, Los Angeles, IL 92938"
6205,Hotel Co,"460 Main St, Phoenix, AZ 28251"
6206,Clothing Store Corp,"778 Main St, Phoenix, CA 57958"
6207,Retail Store Co,"324 Main St, Los Angeles, NY 89835"
6208,Gas Station LLC,"992 Main St, Houston, NY 33238"
6209,Grocery Store Co,"646 Main St, Los Angeles, TX 49566"
6210,Coffee Shop Corp,"775 Main St, New York, CA 40573"
6211,Retail Store LLC,"666 Main St, Houston, CA 19949"
6212,Pharmacy Inc,"735 Main St, Los Angeles, CA 59603"
6213,Pharmacy Corp,"131 Main St, Los Angeles, IL 21567"
6214,Grocery Store Corp,"313 Main St, New York, NY 10018"
6215,Restaurant Co,"363 Main St, Phoenix, NY 23505"
6216,Pharmacy Corp,"240 Main St, Houston, CA 85574"
6217,Gas Station Group,"770 Main St, Los Angeles, AZ 81400"
6218,Hotel Inc,"879 Main St, Chicago, IL 21371"
6219,Clothing Store Corp,"629 Main St, Los Angeles, IL 75965"
6220,Clothing Store Co,"992 Main St, Chicago, NY 64614"
6221,Electronics Store Group,"419 Main St, New York, AZ 47819"
6222,Electronics Store LLC,"787 Main St, New York, AZ 19160"
6223,Restaurant Group,"661 Main St, New York, CA 49139"
6224,Coffee Shop Corp,"485 Main St, Los Angeles, IL 67820"
6225,Restaurant Group,"308 Main St, Phoenix, NY 33092"
6226,Gas Station Group,"917 Main St, New York, CA 27110"
6227,Coffee Shop Co,"491 Main St, New York, NY 85365"
6228,Restaurant Group,"318 Main St, Los Angeles, IL 47661"
6229,Gas Station Corp,"969 Main St, Chicago, TX 75332"
6230,Coffee Shop Corp,"237 Main St, Houston, NY 68789"
6231,Restaurant Inc,"965 Main St, Los Angeles, NY 42611"
6232,Hotel Co,"841 Main St, Phoenix, NY 26376"
6233,Coffee Shop Co,"167 Main St, Chicago, TX 61445"
6234,Pharmacy Corp,"559 Main St, Los Angeles, NY 64308"
6235,Coffee Shop Group,"817 Main St, Los Angeles, IL 55931"
6236,Electronics Store Corp,"301 Main St, Phoenix, TX 34440"
6237,Grocery Store Co,"886 Main St, Los Angeles, NY 44298"
6238,Gas Station LLC,"686 Main St, Houston, CA 91464"
6239,Retail Store Group,"277 Main St, Houston, CA 74970"
6240,Gas Station LLC,"992 Main St, Los Angeles, CA 45777"
6241,Clothing Store Co,"142 Main St, Houston, NY 39205"
6242,Gas Station Corp,"934 Main St, Los Angeles, CA 92687"
6243,Hotel Group,"544 Main St, Los Angeles, CA 79873"
6244,Pharmacy LLC,"767 Main St, Los Angeles, CA 68550"
6245,Pharmacy Co,"563 Main St, Houston, NY 24701"
6246,Electronics Store Group,"639 Main St, Houston, NY 95823"
6247,Electronics Store Inc,"640 Main St, Chicago, TX 20317"
6248,Gas Station LLC,"730 Main St, Los Angeles, CA 24104"
6249,Pharmacy LLC,"329 Main St, Los Angeles, IL 67372"
6250,Hotel LLC,"592 Main St, New York, CA 85662"
6251,Grocery Store Inc,"311 Main St, Los Angeles, TX 36208"
6252,Gas Station Group,"331 Main St, Los Angeles, CA 40646"
6253,Retail Store Corp,"663 Main St, Chicago, NY 60422"
6254,Coffee Shop Inc,"936 Main St, Phoenix, CA 58051"
6255,Electronics Store Group,"699 Main St, Chicago, IL 18532"
6256,Retail Store Corp,"358 Main St, Houston, CA 21214"
6257,Restaurant LLC,"758 Main St, Chicago, NY 42071"
6258,Clothing Store Corp,"379 Main St, Houston, NY 85690"
6259,Electronics Store Inc,"203 Main St, New York, TX 59326"
6260,Gas Station Group,"218 Main St, Chicago, IL 40926"
6261,Hotel Group,"578 Main St, Houston, AZ 65675"
6262,Hotel Co,"696 Main St, Phoenix, NY 87066"
6263,Hotel LLC,"805 Main St, Los Angeles, CA 65748"
6264,Restaurant LLC,"998 Main St, Phoenix, IL 14713"
6265,Hotel Co,"546 Main St, Chicago, CA 69417"
6266,Gas Station LLC,"297 Main St, New York, TX 24804"
6267,Pharmacy Co,"947 Main St, Chicago, CA 65002"
6268,Retail Store Corp,"211 Main St, Phoenix, AZ 70175"
6269,Grocery Store Corp,"604 Main St, Houston, CA 98517"
6270,Hotel LLC,"262 Main St, Los Angeles, IL 56956"
6271,Gas Station Corp,"890 Main St, Phoenix, IL 97358"
6272,Pharmacy Group,"641 Main St, Chicago, CA 69863"
6273,Restaurant Corp,"690 Main St, Houston, AZ 78024"
6274,Pharmacy Group,"772 Main St, Chicago, TX 32791"
6275,Restaurant Inc,"422 Main St, New York, AZ 27964"
6276,Hotel Co,"682 Main St, Phoenix, IL 34717"
6277,Grocery Store Inc,"819 Main St, Los Angeles, TX 12454"
6278,Restaurant Group,"892 Main St, New York, AZ 46502"
6279,Gas Station Inc,"969 Main St, New York, CA 86070"
6280,Grocery Store Group,"670 Main St, Phoenix, NY 82124"
6281,Retail Store LLC,"102 Main St, New York, IL 55324"
6282,Hotel Corp,"460 Main St, Chicago, TX 63939"
6283,Electronics Store Group,"954 Main St, Chicago, AZ 98742"
6284,Gas Station Group,"253 Main St, New York, AZ 71199"
6285,Clothing Store Co,"355 Main St, Phoenix, CA 54117"
6286,Retail Store Corp,"569 Main St, New York, TX 36650"
6287,Retail Store Corp,"474 Main St, Houston, TX 11312"
6288,Hotel Corp,"693 Main St, Houston, TX 11134"
6289,Gas Station LLC,"311 Main St, Phoenix, AZ 88036"
6290,Retail Store Group,"855 Main St, New York, NY 46393"
6291,Pharmacy Inc,"373 Main St, New York, IL 41107"
6292,Clothing Store Inc,"965 Main St, New York, TX 14734"
6293,Clothing Store Group,"866 Main St, Los Angeles, CA 33837"
6294,Gas Station Group,"791 Main St, Phoenix, NY 55395"
6295,Grocery Store LLC,"263 Main St, Houston, CA 37388"
6296,Hotel Inc,"295 Main St, Houston, NY 32810"
6297,Gas Station Co,"254 Main St, Los Angeles, IL 31550"
6298,Hotel Co,"187 Main St, Chicago, NY 95271"
6299,Gas Station Corp,"421 Main St, Chicago, CA 62753"
6300,Hotel Co,"305 Main St, Los Angeles, TX 13872"
6301,Electronics Store Corp,"574 Main St, New York, AZ 15231"
6302,Pharmacy Group,"535 Main St, New York, AZ 41795"
6303,Gas Station Corp,"593 Main St, Phoenix, TX 58072"
6304,Hotel Inc,"323 Main St, Phoenix, TX 52374"
6305,Retail Store Co,"823 Main St, Los Angeles, CA 28093"
6306,Electronics Store Group,"958 Main St, Los Angeles, CA 88943"
6307,Hotel Corp,"602 Main St, Chicago, AZ 55188"
6308,Retail Store Inc,"249 Main St, New York, TX 55307"
6309,Pharmacy Corp,"490 Main St, New York, TX 13514"
6310,Retail Store Corp,"516 Main St, Chicago, IL 28142"
6311,Clothing Store Co,"411 Main St, Los Angeles, IL 92527"
6312,Coffee Shop LLC,"683 Main St, New York, NY 16994"
6313,Electronics Store Inc,"512 Main St, Los Angeles, AZ 26242"
6314,Electronics Store Co,"446 Main St, Houston, NY 78306"
6315,Retail Store Inc,"235 Main St, New York, TX 42968"
6316,Pharmacy Inc,"223 Main St, Phoenix, CA 42217"
6317,Clothing Store Co,"965 Main St, New York, AZ 25551"
6318,Clothing Store Co,"775 Main St, Chicago, CA 51358"
6319,Coffee Shop Corp,"177 Main St, New York, TX 78950"
6320,Restaurant LLC,"780 Main St, Phoenix, IL 20544"
6321,Electronics Store LLC,"687 Main St, Los Angeles, AZ 32769"
6322,Coffee Shop Corp,"534 Main St, Los Angeles, AZ 48793"
6323,Gas Station Co,"828 Main St, New York, TX 15915"
6324,Pharmacy LLC,"901 Main St, Los Angeles, TX 69822"
6325,Electronics Store Group,"719 Main St, Chicago, IL 32618"
6326,Restaurant Group,"701 Main St, Phoenix, IL 49410"
6327,Electronics Store Co,"836 Main St, Los Angeles, AZ 65659"
6328,Pharmacy Co,"806 Main St, Houston, IL 97272"
6329,Clothing Store Group,"365 Main St, Chicago, TX 10579"
6330,Pharmacy LLC,"228 Main St, New York, AZ 72515"
6331,Restaurant LLC,"424 Main St, Chicago, TX 73816"
6332,Retail Store Group,"800 Main St, New York, CA 21256"
6333,Clothing Store Co,"814 Main St, New York, NY 24840"
6334,Retail Store Group,"629 Main St, Los Angeles, IL 85353"
6335,Retail Store LLC,"545 Main St, Houston, IL 28633"
6336,Clothing Store Inc,"499 Main St, Phoenix, TX 65619"
6337,Grocery Store Co,"280 Main St, Los Angeles, AZ 92497"
6338,Gas Station Corp,"304 Main St, Los Angeles, NY 80964"
6339,Retail Store Inc,"790 Main St, New York, IL 23894"
6340,Gas Station Inc,"160 Main St, Phoenix, NY 54823"
6341,Pharmacy Corp,"512 Main St, Los Angeles, TX 53240"
6342,Electronics Store Corp,"144 Main St, Los Angeles, AZ 34258"
6343,Retail Store Group,"621 Main St, Chicago, CA 51939"
6344,Hotel LLC,"185 Main St, Chicago, CA 64584"
6345,Restaurant Group,"728 Main St, Chicago, AZ 34746"
6346,Clothing Store Inc,"177 Main St, New York, IL 28488"
6347,Clothing Store LLC,"739 Main St, Houston, AZ 88015"
6348,Grocery Store Corp,"509 Main St, Chicago, TX 50609"
6349,Retail Store Co,"891 Main St, Chicago, AZ 52098"
6350,Grocery Store Co,"492 Main St, Los Angeles, CA 58757"
6351,Retail Store Corp,"445 Main St, Chicago, TX 82372"
6352,Restaurant Corp,"597 Main St, Houston, TX 59832"
6353,Gas Station Corp,"873 Main St, New York, NY 67688"
6354,Hotel Co,"304 Main St, New York, TX 98182"
6355,Restaurant Group,"508 Main St, Los Angeles, IL 38387"
6356,Clothing Store Inc,"662 Main St, Los Angeles, TX 19218"
6357,Retail Store LLC,"536 Main St, Chicago, NY 46365"
6358,Coffee Shop Co,"574 Main St, Phoenix, AZ 55387"
6359,Clothing Store Corp,"373 Main St, Phoenix, NY 62845"
6360,Clothing Store Co,"403 Main St, Phoenix, CA 36372"
6361,Electronics Store LLC,"156 Main St, Los Angeles, IL 33682"
6362,Pharmacy Group,"156 Main St, New York, NY 18716"
6363,Coffee Shop Co,"100 Main St, New York, CA 18377"
6364,Pharmacy LLC,"747 Main St, Chicago, CA 46352"
6365,Coffee Shop Corp,"391 Main St, Phoenix, IL 31002"
6366,Pharmacy LLC,"409 Main St, Chicago, TX 91669"
6367,Hotel Inc,"740 Main St, Phoenix, CA 54906"
6368,Grocery Store LLC,"805 Main St, Chicago, IL 67414"
6369,Restaurant Inc,"703 Main St, Los Angeles, IL 80683"
6370,Grocery Store Inc,"600 Main St, Los Angeles, NY 70802"
6371,Pharmacy LLC,"487 Main St, Chicago, AZ 98014"
6372,Retail Store Inc,"240 Main St, Los Angeles, AZ 80036"
6373,Restaurant Corp,"936 Main St, Chicago, TX 73462"
6374,Coffee Shop LLC,"280 Main St, Phoenix, NY 70978"
6375,Restaurant LLC,"371 Main St, New York, TX 97235"
6376,Coffee Shop Co,"923 Main St, Chicago, IL 36392"
6377,Hotel Co,"230 Main St, New York, TX 80817"
6378,Retail Store Group,"579 Main St, Phoenix, CA 64071"
6379,Gas Station Corp,"340 Main St, Los Angeles, TX 47361"
6380,Restaurant LLC,"539 Main St, Los Angeles, IL 37240"
6381,Grocery Store Group,"875 Main St, Chicago, IL 81145"
6382,Electronics Store LLC,"128 Main St, New York, IL 76989"
6383,Grocery Store LLC,"561 Main St, New York, IL 46675"
6384,Hotel Co,"756 Main St, Phoenix, AZ 53662"
6385,Hotel Corp,"424 Main St, Los Angeles, TX 82356"
6386,Grocery Store Inc,"247 Main St, Phoenix, CA 57977"
6387,Clothing Store Group,"362 Main St, Chicago, CA 34902"
6388,Pharmacy Group,"659 Main St, Chicago, AZ 62224"
6389,Retail Store LLC,"693 Main St, Chicago, IL 42309"
6390,Pharmacy Group,"126 Main St, New York, TX 40367"
6391,Gas Station Group,"689 Main St, Phoenix, TX 47004"
6392,Restaurant Corp,"369 Main St, Los Angeles, TX 93932"
6393,Pharmacy Inc,"394 Main St, Los Angeles, CA 80909"
6394,Pharmacy Corp,"650 Main St, Houston, AZ 92430"
6395,Electronics Store Group,"422 Main St, Chicago, AZ 11121"
6396,Hotel Group,"292 Main St, Houston, TX 41977"
6397,Grocery Store Corp,"725 Main St, Los Angeles, IL 19028"
6398,Grocery Store Corp,"681 Main St, Houston, AZ 92429"
6399,Clothing Store Corp,"309 Main St, Houston, AZ 73473"
6400,Electronics Store Inc,"243 Main St, Los Angeles, AZ 24469"
6401,Gas Station Co,"511 Main St, New York, IL 78091"
6402,Coffee Shop Inc,"450 Main St, Chicago, AZ 38465"
6403,Grocery Store Inc,"550 Main St, New York, NY 22009"
6404,Pharmacy Co,"392 Main St, Houston, IL 58503"
6405,Grocery Store Inc,"993 Main St, Phoenix, NY 81470"
6406,Retail Store Inc,"305 Main St, Phoenix, CA 57653"
6407,Restaurant LLC,"581 Main St, Phoenix, NY 73376"
6408,Pharmacy Group,"869 Main St, Los Angeles, TX 16959"
6409,Clothing Store Inc,"536 Main St, Chicago, IL 63614"
6410,Coffee Shop Inc,"903 Main St, Phoenix, AZ 90258"
6411,Grocery Store Group,"654 Main St, New York, TX 98307"
6412,Coffee Shop Inc,"766 Main St, New York, TX 81895"
6413,Coffee Shop Co,"939 Main St, Houston, AZ 83597"
6414,Retail Store LLC,"400 Main St, Phoenix, AZ 96543"
6415,Restaurant LLC,"502 Main St, New York, TX 72153"
6416,Clothing Store LLC,"739 Main St, Los Angeles, CA 57382"
6417,Clothing Store Co,"716 Main St, Houston, CA 63369"
6418,Grocery Store Group,"982 Main St, Chicago, NY 90917"
6419,Electronics Store LLC,"922 Main St, Los Angeles, TX 29413"
6420,Retail Store Co,"839 Main St, New York, AZ 76554"
6421,Retail Store LLC,"848 Main St, Chicago, TX 48762"
6422,Gas Station Corp,"830 Main St, Houston, NY 68560"
6423,Grocery Store LLC,"453 Main St, Chicago, AZ 12995"
6424,Gas Station Co,"855 Main St, Phoenix, AZ 89041"
6425,Restaurant Inc,"110 Main St, Houston, IL 51643"
6426,Clothing Store Inc,"498 Main St, Houston, TX 32734"
6427,Gas Station Group,"818 Main St, Los Angeles, TX 23401"
6428,Grocery Store Inc,"545 Main St, Phoenix, AZ 63773"
6429,Clothing Store LLC,"135 Main St, Los Angeles, AZ 87149"
6430,Electronics Store Inc,"589 Main St, Houston, AZ 55813"
6431,Grocery Store Co,"303 Main St, Chicago, NY 40204"
6432,Clothing Store Group,"220 Main St, Los Angeles, IL 30937"
6433,Coffee Shop Group,"916 Main St, Chicago, TX 66693"
6434,Retail Store Inc,"277 Main St, Houston, IL 63515"
6435,Hotel LLC,"482 Main St, Phoenix, NY 82123"
6436,Hotel Corp,"287 Main St, Los Angeles, AZ 65638"
6437,Restaurant Group,"758 Main St, Los Angeles, TX 71750"
6438,Coffee Shop Co,"769 Main St, Chicago, TX 85065"
6439,Pharmacy Corp,"195 Main St, Houston, CA 24856"
6440,Pharmacy Co,"610 Main St, Chicago, TX 61819"
6441,Gas Station Group,"482 Main St, New York, AZ 63073"
6442,Electronics Store LLC,"621 Main St, Chicago, TX 44469"
6443,Retail Store Group,"909 Main St, Phoenix, CA 77789"
6444,Hotel LLC,"940 Main St, Phoenix, TX 79166"
6445,Retail Store LLC,"540 Main St, Los Angeles, CA 25661"
6446,Hotel Corp,"394 Main St, New York, TX 11003"
6447,Electronics Store Corp,"787 Main St, Phoenix, TX 43484"
6448,Coffee Shop Corp,"923 Main St, Chicago, IL 20461"
6449,Gas Station Group,"687 Main St, Chicago, AZ 15548"
6450,Pharmacy Corp,"523 Main St, Chicago, TX 72482"
6451,Hotel Co,"595 Main St, Los Angeles, CA 26301"
6452,Coffee Shop Group,"882 Main St, Chicago, TX 57909"
6453,Pharmacy Corp,"328 Main St, Los Angeles, TX 24291"
6454,Hotel Corp,"212 Main St, Chicago, CA 67958"
6455,Hotel Co,"535 Main St, New York, IL 96548"
6456,Electronics Store Group,"294 Main St, Phoenix, TX 53931"
6457,Hotel Group,"130 Main St, Chicago, AZ 17566"
6458,Pharmacy Co,"961 Main St, Chicago, NY 77250"
6459,Hotel Co,"570 Main St, Chicago, IL 45335"
6460,Clothing Store LLC,"242 Main St, Phoenix, IL 46449"
6461,Restaurant Inc,"900 Main St, Phoenix, CA 52895"
6462,Retail Store Group,"230 Main St, Chicago, TX 98577"
6463,Pharmacy Inc,"259 Main St, Houston, NY 66118"
6464,Coffee Shop Inc,"819 Main St, Houston, CA 54407"
6465,Pharmacy Inc,"649 Main St, Los Angeles, CA 97388"
6466,Hotel LLC,"139 Main St, Chicago, IL 86717"
6467,Hotel LLC,"915 Main St, Phoenix, NY 24448"
6468,Hotel Corp,"452 Main St, Phoenix, TX 50660"
6469,Restaurant Inc,"425 Main St, Chicago, CA 49869"
6470,Restaurant Group,"748 Main St, Los Angeles, AZ 40135"
6471,Retail Store Co,"199 Main St, Chicago, TX 43141"
6472,Grocery Store Group,"835 Main St, New York, TX 72952"
6473,Coffee Shop Inc,"667 Main St, Los Angeles, IL 40060"
6474,Retail Store LLC,"359 Main St, Phoenix, IL 42017"
6475,Coffee Shop LLC,"832 Main St, Phoenix, IL 55989"
6476,Hotel LLC,"939 Main St, Chicago, TX 63582"
6477,Clothing Store LLC,"720 Main St, New York, TX 26682"
6478,Coffee Shop LLC,"540 Main St, Phoenix, IL 42401"
6479,Clothing Store Co,"230 Main St, Phoenix, TX 25941"
6480,Electronics Store Inc,"231 Main St, Chicago, AZ 18733"
6481,Grocery Store LLC,"195 Main St, New York, TX 64797"
6482,Clothing Store Group,"535 Main St, Los Angeles, CA 76277"
6483,Electronics Store Corp,"812 Main St, Houston, AZ 36216"
6484,Hotel Corp,"192 Main St, Phoenix, TX 21975"
6485,Grocery Store LLC,"983 Main St, New York, CA 53772"
6486,Restaurant LLC,"912 Main St, Phoenix, CA 67562"
6487,Grocery Store Co,"348 Main St, Chicago, TX 19292"
6488,Electronics Store LLC,"649 Main St, Los Angeles, CA 95750"
6489,Pharmacy Co,"581 Main St, Phoenix, IL 77676"
6490,Electronics Store LLC,"459 Main St, Los Angeles, CA 44570"
6491,Restaurant Co,"311 Main St, Houston, NY 82910"
6492,Retail Store Corp,"116 Main St, Los Angeles, TX 36928"
6493,Clothing Store Co,"925 Main St, New York, CA 67803"
6494,Retail Store Co,"988 Main St, Houston, TX 63203"
6495,Coffee Shop Inc,"972 Main St, New York, AZ 55928"
6496,Restaurant Group,"566 Main St, New York, AZ 94231"
6497,Pharmacy Corp,"562 Main St, Phoenix, TX 81298"
6498,Restaurant LLC,"418 Main St, Los Angeles, TX 12781"
6499,Hotel Inc,"808 Main St, Los Angeles, CA 93559"
6500,Electronics Store Co,"625 Main St, Chicago, CA 62667"
6501,Clothing Store Inc,"107 Main St, Phoenix, TX 61677"
6502,Gas Station Co,"474 Main St, Los Angeles, AZ 24076"
6503,Electronics Store Co,"866 Main St, Houston, AZ 71633"
6504,Hotel Group,"833 Main St, New York, NY 54865"
6505,Restaurant Co,"341 Main St, Houston, CA 31515"
6506,Clothing Store Corp,"479 Main St, Houston, AZ 45141"
6507,Grocery Store LLC,"440 Main St, New York, AZ 67113"
6508,Retail Store Inc,"148 Main St, Los Angeles, IL 51757"
6509,Pharmacy Co,"435 Main St, New York, CA 45156"
6510,Hotel Inc,"712 Main St, Los Angeles, AZ 10339"
6511,Grocery Store Co,"774 Main St, Houston, NY 43775"
6512,Hotel LLC,"205 Main St, Phoenix, NY 44434"
6513,Restaurant Co,"152 Main St, New York, TX 40003"
6514,Pharmacy LLC,"307 Main St, Phoenix, TX 61702"
6515,Electronics Store LLC,"369 Main St, Los Angeles, TX 46765"
6516,Grocery Store Co,"644 Main St, Chicago, AZ 93094"
6517,Restaurant Group,"460 Main St, Houston, TX 98670"
6518,Grocery Store Group,"801 Main St, Phoenix, AZ 37974"
6519,Gas Station Inc,"160 Main St, Houston, TX 43165"
6520,Coffee Shop Inc,"925 Main St, Phoenix, CA 37723"
6521,Retail Store Corp,"871 Main St, New York, IL 76261"
6522,Gas Station Corp,"690 Main St, Chicago, CA 19465"
6523,Clothing Store Inc,"873 Main St, Chicago, IL 69803"
6524,Restaurant Group,"617 Main St, New York, CA 99231"
6525,Retail Store LLC,"689 Main St, Chicago, NY 15921"
6526,Clothing Store Group,"632 Main St, Los Angeles, CA 42459"
6527,Coffee Shop Corp,"260 Main St, Los Angeles, AZ 94225"
6528,Coffee Shop Inc,"131 Main St, Phoenix, IL 74935"
6529,Pharmacy LLC,"339 Main St, Phoenix, AZ 30932"
6530,Grocery Store Corp,"613 Main St, Los Angeles, CA 97407"
6531,Gas Station Corp,"892 Main St, Chicago, NY 47577"
6532,Gas Station Group,"429 Main St, Phoenix, AZ 56685"
6533,Electronics Store Corp,"779 Main St, Houston, TX 17741"
6534,Coffee Shop LLC,"220 Main St, Chicago, NY 14690"
6535,Gas Station LLC,"482 Main St, Chicago, IL 16669"
6536,Hotel Co,"945 Main St, Chicago, AZ 84617"
6537,Coffee Shop Inc,"152 Main St, Phoenix, IL 52775"
6538,Hotel Co,"125 Main St, Los Angeles, NY 11394"
6539,Gas Station Group,"693 Main St, Los Angeles, IL 45578"
6540,Hotel LLC,"198 Main St, Los Angeles, CA 22242"
6541,Hotel Group,"538 Main St, Phoenix, CA 11014"
6542,Electronics Store Corp,"327 Main St, Chicago, NY 59353"
6543,Retail Store Inc,"516 Main St, Los Angeles, IL 40598"
6544,Electronics Store Co,"964 Main St, New York, IL 37522"
6545,Gas Station Inc,"583 Main St, Phoenix, IL 96961"
6546,Hotel Group,"227 Main St, Phoenix, IL 46819"
6547,Coffee Shop Co,"538 Main St, Los Angeles, TX 94105"
6548,Retail Store Co,"601 Main St, Houston, TX 46417"
6549,Retail Store Inc,"299 Main St, Chicago, NY 60296"
6550,Grocery Store Co,"480 Main St, Chicago, CA 57020"
6551,Gas Station Inc,"612 Main St, Houston, CA 60617"
6552,Gas Station Group,"232 Main St, New York, AZ 40653"
6553,Clothing Store LLC,"544 Main St, Chicago, TX 57680"
6554,Electronics Store Corp,"173 Main St, Phoenix, AZ 90824"
6555,Clothing Store LLC,"985 Main St, New York, IL 10355"
6556,Retail Store LLC,"914 Main St, Houston, AZ 11240"
6557,Electronics Store LLC,"863 Main St, Chicago, AZ 11565"
6558,Retail Store LLC,"239 Main St, Phoenix, NY 35772"
6559,Pharmacy Group,"205 Main St, Los Angeles, IL 57924"
6560,Coffee Shop Co,"549 Main St, Los Angeles, IL 63383"
6561,Grocery Store Co,"884 Main St, New York, TX 59014"
6562,Clothing Store Inc,"960 Main St, Los Angeles, AZ 99723"
6563,Gas Station Corp,"941 Main St, New York, IL 60835"
6564,Hotel Inc,"223 Main St, New York, TX 69492"
6565,Electronics Store Inc,"999 Main St, Chicago, CA 37167"
6566,Retail Store Group,"909 Main St, Houston, TX 54670"
6567,Retail Store Corp,"863 Main St, Los Angeles, IL 81275"
6568,Coffee Shop Inc,"921 Main St, Chicago, TX 72862"
6569,Clothing Store Group,"255 Main St, New York, CA 25828"
6570,Hotel Corp,"769 Main St, Phoenix, CA 16972"
6571,Coffee Shop Co,"541 Main St, Chicago, CA 79309"
6572,Electronics Store LLC,"461 Main St, New York, TX 34937"
6573,Restaurant Group,"900 Main St, Houston, CA 83888"
6574,Retail Store Co,"551 Main St, New York, IL 80299"
6575,Restaurant LLC,"918 Main St, Houston, NY 76685"
6576,Grocery Store Inc,"533 Main St, Houston, TX 68672"
6577,Gas Station LLC,"540 Main St, Chicago, NY 10266"
6578,Clothing Store Corp,"606 Main St, New York, TX 59194"
6579,Grocery Store LLC,"185 Main St, Los Angeles, AZ 59321"
6580,Hotel Group,"900 Main St, Phoenix, NY 44205"
6581,Retail Store Co,"667 Main St, Phoenix, IL 93882"
6582,Hotel LLC,"201 Main St, Phoenix, AZ 21328"
6583,Grocery Store Co,"722 Main St, Phoenix, AZ 96626"
6584,Electronics Store LLC,"970 Main St, Los Angeles, IL 59987"
6585,Hotel Group,"830 Main St, Houston, NY 40164"
6586,Hotel Inc,"464 Main St, Los Angeles, AZ 34632"
6587,Electronics Store Group,"794 Main St, New York, AZ 17066"
6588,Restaurant LLC,"153 Main St, New York, CA 75504"
6589,Coffee Shop Co,"677 Main St, Phoenix, CA 43294"
6590,Grocery Store Group,"470 Main St, Chicago, AZ 89999"
6591,Restaurant Corp,"272 Main St, Phoenix, AZ 76347"
6592,Clothing Store Inc,"420 Main St, Houston, NY 70544"
6593,Grocery Store LLC,"776 Main St, Houston, NY 48534"
6594,Pharmacy LLC,"422 Main St, Phoenix, IL 16367"
6595,Hotel Group,"259 Main St, Phoenix, CA 29573"
6596,Gas Station Group,"962 Main St, Los Angeles, TX 53767"
6597,Restaurant Corp,"353 Main St, Phoenix, AZ 38133"
6598,Retail Store LLC,"761 Main St, Los Angeles, IL 49692"
6599,Clothing Store Corp,"784 Main St, Chicago, CA 62239"
6600,Clothing Store Corp,"567 Main St, New York, AZ 60473"
6601,Pharmacy Group,"777 Main St, Houston, AZ 79103"
6602,Retail Store Inc,"971 Main St, Chicago, CA 26670"
6603,Pharmacy LLC,"268 Main St, Houston, IL 70935"
6604,Pharmacy LLC,"288 Main St, Los Angeles, NY 56459"
6605,Coffee Shop Group,"847 Main St, Houston, TX 26011"
6606,Electronics Store Corp,"670 Main St, Phoenix, IL 85024"
6607,Restaurant LLC,"235 Main St, Houston, TX 21549"
6608,Retail Store Co,"303 Main St, Los Angeles, AZ 25096"
6609,Coffee Shop Inc,"761 Main St, New York, NY 82043"
6610,Pharmacy Corp,"959 Main St, New York, NY 10135"
6611,Hotel Group,"453 Main St, Los Angeles, IL 48101"
6612,Hotel LLC,"629 Main St, Phoenix, IL 76879"
6613,Coffee Shop Corp,"491 Main St, Chicago, IL 43617"
6614,Electronics Store LLC,"401 Main St, Phoenix, IL 33937"
6615,Electronics Store Group,"475 Main St, Chicago, TX 22760"
6616,Retail Store Inc,"865 Main St, New York, AZ 60120"
6617,Pharmacy Inc,"652 Main St, Phoenix, NY 66515"
6618,Restaurant Group,"962 Main St, Chicago, TX 20519"
6619,Retail Store Inc,"805 Main St, Chicago, NY 57991"
6620,Gas Station Corp,"126 Main St, New York, CA 88705"
6621,Restaurant LLC,"703 Main St, Phoenix, AZ 26623"
6622,Grocery Store Corp,"310 Main St, Los Angeles, IL 34296"
6623,Restaurant Group,"312 Main St, New York, IL 28605"
6624,Retail Store Corp,"625 Main St, Chicago, IL 91930"
6625,Retail Store Co,"546 Main St, Phoenix, NY 71460"
6626,Gas Station Co,"932 Main St, Los Angeles, IL 25926"
6627,Hotel Corp,"653 Main St, Phoenix, IL 22042"
6628,Coffee Shop LLC,"640 Main St, Chicago, IL 59839"
6629,Restaurant Corp,"914 Main St, New York, NY 10432"
6630,Grocery Store Group,"334 Main St, Chicago, IL 39929"
6631,Gas Station Corp,"619 Main St, Los Angeles, AZ 82601"
6632,Restaurant Group,"438 Main St, Los Angeles, IL 61702"
6633,Clothing Store Co,"140 Main St, New York, TX 16843"
6634,Restaurant Group,"641 Main St, Phoenix, AZ 67382"
6635,Hotel Corp,"791 Main St, Chicago, NY 33145"
6636,Clothing Store Group,"216 Main St, Los Angeles, TX 90107"
6637,Grocery Store Inc,"195 Main St, Phoenix, TX 53793"
6638,Restaurant Inc,"422 Main St, Chicago, TX 68211"
6639,Electronics Store LLC,"160 Main St, New York, CA 50325"
6640,Electronics Store Inc,"240 Main St, Chicago, NY 24608"
6641,Gas Station Co,"991 Main St, Los Angeles, IL 44937"
6642,Electronics Store Inc,"347 Main St, New York, NY 98556"
6643,Clothing Store Co,"372 Main St, Chicago, NY 97187"
6644,Restaurant LLC,"617 Main St, Los Angeles, TX 16668"
6645,Hotel Inc,"978 Main St, New York, AZ 11020"
6646,Coffee Shop Co,"213 Main St, Houston, NY 29553"
6647,Restaurant LLC,"959 Main St, Houston, NY 42268"
6648,Grocery Store LLC,"894 Main St, Houston, CA 43205"
6649,Retail Store Inc,"185 Main St, Los Angeles, NY 82754"
6650,Restaurant Co,"602 Main St, New York, TX 43195"
6651,Restaurant LLC,"443 Main St, Phoenix, NY 26583"
6652,Hotel Group,"214 Main St, Los Angeles, IL 62688"
6653,Grocery Store Inc,"140 Main St, Phoenix, AZ 60517"
6654,Restaurant Corp,"738 Main St, Los Angeles, CA 93711"
6655,Clothing Store LLC,"608 Main St, Chicago, IL 53633"
6656,Restaurant Co,"997 Main St, Houston, AZ 79014"
6657,Coffee Shop Inc,"848 Main St, Houston, IL 27769"
6658,Clothing Store Inc,"553 Main St, Phoenix, TX 22823"
6659,Pharmacy Co,"191 Main St, Houston, CA 49533"
6660,Hotel Inc,"388 Main St, Phoenix, IL 12155"
6661,Pharmacy LLC,"917 Main St, Los Angeles, NY 75604"
6662,Hotel Corp,"221 Main St, Phoenix, IL 50857"
6663,Retail Store LLC,"911 Main St, New York, IL 34377"
6664,Retail Store Inc,"915 Main St, Houston, IL 57708"
6665,Clothing Store LLC,"957 Main St, Houston, NY 99542"
6666,Electronics Store Inc,"951 Main St, New York, CA 93687"
6667,Clothing Store Corp,"581 Main St, Houston, NY 31807"
6668,Hotel Co,"778 Main St, Houston, CA 22900"
6669,Pharmacy Group,"494 Main St, Houston, AZ 62102"
6670,Electronics Store Inc,"266 Main St, New York, IL 65896"
6671,Gas Station Co,"962 Main St, Chicago, NY 72672"
6672,Pharmacy LLC,"756 Main St, Phoenix, NY 24299"
6673,Retail Store Inc,"291 Main St, Chicago, CA 84406"
6674,Electronics Store Co,"524 Main St, New York, NY 22711"
6675,Pharmacy LLC,"469 Main St, Phoenix, IL 14203"
6676,Pharmacy Group,"999 Main St, New York, NY 75281"
6677,Restaurant Inc,"144 Main St, Phoenix, IL 77065"
6678,Coffee Shop Corp,"197 Main St, Phoenix, AZ 97879"
6679,Gas Station Group,"470 Main St, New York, IL 39560"
6680,Pharmacy Co,"338 Main St, New York, CA 27486"
6681,Restaurant Co,"434 Main St, Phoenix, AZ 97921"
6682,Clothing Store LLC,"371 Main St, Phoenix, AZ 48476"
6683,Hotel Co,"586 Main St, Chicago, CA 89403"
6684,Pharmacy Inc,"455 Main St, Chicago, NY 26017"
6685,Clothing Store Inc,"684 Main St, Los Angeles, TX 71282"
6686,Gas Station Inc,"813 Main St, New York, AZ 38047"
6687,Grocery Store LLC,"888 Main St, Houston, AZ 91166"
6688,Retail Store Co,"820 Main St, New York, IL 34707"
6689,Restaurant LLC,"344 Main St, Phoenix, IL 76985"
6690,Grocery Store Group,"602 Main St, Los Angeles, TX 73749"
6691,Retail Store LLC,"383 Main St, Los Angeles, IL 14926"
6692,Restaurant Corp,"400 Main St, Houston, IL 62889"
6693,Gas Station Corp,"869 Main St, Houston, CA 80694"
6694,Electronics Store Co,"104 Main St, Phoenix, IL 21313"
6695,Pharmacy Corp,"532 Main St, Chicago, TX 56085"
6696,Clothing Store Group,"964 Main St, Phoenix, TX 53681"
6697,Coffee Shop LLC,"326 Main St, Phoenix, AZ 60251"
6698,Restaurant Corp,"683 Main St, New York, IL 79953"
6699,Clothing Store LLC,"370 Main St, Phoenix, NY 64272"
6700,Restaurant LLC,"754 Main St, New York, TX 99347"
6701,Gas Station Corp,"377 Main St, Phoenix, TX 15273"
6702,Pharmacy LLC,"115 Main St, Houston, IL 84968"
6703,Restaurant LLC,"251 Main St, Houston, CA 93435"
6704,Electronics Store Group,"261 Main St, Houston, AZ 19112"
6705,Retail Store Group,"274 Main St, New York, NY 70860"
6706,Retail Store Group,"215 Main St, Los Angeles, CA 24591"
6707,Grocery Store Corp,"892 Main St, New York, TX 79500"
6708,Grocery Store Co,"221 Main St, New York, CA 45391"
6709,Retail Store LLC,"119 Main St, Los Angeles, CA 18914"
6710,Electronics Store Corp,"279 Main St, Phoenix, CA 60529"
6711,Restaurant Co,"569 Main St, Chicago, IL 34165"
6712,Pharmacy LLC,"326 Main St, Los Angeles, AZ 30448"
6713,Pharmacy Co,"500 Main St, Los Angeles, TX 95964"
6714,Grocery Store LLC,"112 Main St, New York, IL 26046"
6715,Pharmacy Inc,"657 Main St, Houston, CA 31284"
6716,Hotel Inc,"461 Main St, Los Angeles, TX 91817"
6717,Electronics Store Group,"455 Main St, Phoenix, CA 72103"
6718,Coffee Shop Corp,"248 Main St, Chicago, CA 85239"
6719,Coffee Shop Corp,"249 Main St, Houston, IL 37029"
6720,Clothing Store Corp,"405 Main St, Phoenix, NY 97342"
6721,Hotel Group,"547 Main St, Phoenix, IL 91194"
6722,Restaurant LLC,"928 Main St, New York, NY 64428"
6723,Retail Store Corp,"715 Main St, Chicago, IL 72183"
6724,Gas Station Corp,"704 Main St, Phoenix, TX 27136"
6725,Electronics Store Co,"125 Main St, Phoenix, IL 54532"
6726,Clothing Store LLC,"698 Main St, Phoenix, AZ 61088"
6727,Coffee Shop Corp,"112 Main St, Houston, AZ 86843"
6728,Electronics Store Group,"161 Main St, Los Angeles, TX 29756"
6729,Electronics Store Corp,"709 Main St, Chicago, CA 19295"
6730,Gas Station Co,"698 Main St, Los Angeles, CA 59460"
6731,Electronics Store LLC,"362 Main St, Los Angeles, NY 91869"
6732,Coffee Shop LLC,"115 Main St, Los Angeles, CA 27154"
6733,Retail Store Inc,"489 Main St, Los Angeles, TX 85210"
6734,Electronics Store Corp,"892 Main St, Los Angeles, CA 63311"
6735,Electronics Store Co,"741 Main St, Chicago, NY 87499"
6736,Retail Store LLC,"961 Main St, Houston, AZ 76159"
6737,Gas Station Inc,"785 Main St, Los Angeles, TX 92747"
6738,Grocery Store Co,"137 Main St, Phoenix, NY 52714"
6739,Coffee Shop Group,"652 Main St, Chicago, AZ 27385"
6740,Pharmacy Group,"207 Main St, Chicago, IL 26094"
6741,Retail Store Inc,"805 Main St, Chicago, TX 41655"
6742,Electronics Store LLC,"161 Main St, Phoenix, NY 81538"
6743,Gas Station Group,"805 Main St, Houston, CA 90767"
6744,Gas Station Inc,"163 Main St, New York, AZ 55668"
6745,Gas Station Co,"368 Main St, Phoenix, NY 96242"
6746,Restaurant Co,"825 Main St, Houston, NY 61890"
6747,Restaurant Group,"642 Main St, Phoenix, NY 87571"
6748,Clothing Store Inc,"406 Main St, Phoenix, AZ 54241"
6749,Electronics Store Corp,"822 Main St, Phoenix, TX 54781"
6750,Pharmacy LLC,"418 Main St, Houston, AZ 11215"
6751,Restaurant Co,"568 Main St, Los Angeles, IL 91089"
6752,Coffee Shop Inc,"958 Main St, Chicago, AZ 62337"
6753,Electronics Store Corp,"624 Main St, Los Angeles, TX 56140"
6754,Gas Station Group,"726 Main St, Los Angeles, AZ 76804"
6755,Pharmacy Corp,"529 Main St, Phoenix, TX 64394"
6756,Retail Store Co,"993 Main St, Houston, CA 78412"
6757,Restaurant Corp,"215 Main St, New York, IL 10196"
6758,Retail Store LLC,"865 Main St, Phoenix, CA 95420"
6759,Retail Store LLC,"638 Main St, Phoenix, AZ 61898"
6760,Restaurant Group,"794 Main St, Phoenix, IL 62588"
6761,Hotel Co,"110 Main St, New York, IL 82113"
6762,Pharmacy Co,"326 Main St, New York, CA 10340"
6763,Retail Store Inc,"753 Main St, Phoenix, TX 39913"
6764,Restaurant Inc,"254 Main St, New York, AZ 63972"
6765,Clothing Store LLC,"791 Main St, Los Angeles, AZ 23181"
6766,Restaurant Group,"986 Main St, Los Angeles, TX 58481"
6767,Gas Station Corp,"875 Main St, Los Angeles, CA 86411"
6768,Hotel Co,"401 Main St, New York, CA 34011"
6769,Clothing Store Corp,"959 Main St, Phoenix, IL 18892"
6770,Pharmacy Group,"512 Main St, Chicago, TX 95461"
6771,Electronics Store LLC,"678 Main St, Phoenix, TX 53150"
6772,Gas Station Corp,"197 Main St, Houston, IL 64941"
6773,Clothing Store Inc,"109 Main St, Los Angeles, TX 66776"
6774,Grocery Store Co,"896 Main St, Houston, AZ 97965"
6775,Pharmacy Inc,"529 Main St, Los Angeles, IL 76647"
6776,Grocery Store LLC,"486 Main St, New York, CA 70623"
6777,Clothing Store Group,"708 Main St, Houston, IL 54385"
6778,Gas Station Co,"214 Main St, Houston, TX 72472"
6779,Restaurant Co,"307 Main St, Phoenix, NY 94825"
6780,Gas Station LLC,"842 Main St, Houston, NY 93550"
6781,Electronics Store Corp,"811 Main St, Phoenix, NY 83519"
6782,Hotel Inc,"683 Main St, Phoenix, AZ 60337"
6783,Gas Station Group,"740 Main St, Phoenix, CA 97027"
6784,Retail Store Group,"637 Main St, Chicago, TX 10602"
6785,Grocery Store LLC,"152 Main St, Houston, IL 24078"
6786,Retail Store Corp,"997 Main St, Los Angeles, NY 14485"
6787,Coffee Shop Co,"787 Main St, Phoenix, NY 97074"
6788,Pharmacy Corp,"618 Main St, New York, CA 12335"
6789,Gas Station Group,"191 Main St, Los Angeles, IL 27259"
6790,Restaurant Group,"235 Main St, Los Angeles, TX 92288"
6791,Restaurant Corp,"616 Main St, Houston, AZ 50592"
6792,Retail Store Co,"358 Main St, Chicago, NY 52293"
6793,Grocery Store Co,"494 Main St, Los Angeles, IL 84636"
6794,Hotel LLC,"773 Main St, Los Angeles, NY 50698"
6795,Coffee Shop Group,"607 Main St, Phoenix, IL 79220"
6796,Hotel Inc,"303 Main St, Houston, AZ 18637"
6797,Retail Store Co,"501 Main St, Los Angeles, NY 77552"
6798,Electronics Store LLC,"233 Main St, Los Angeles, NY 43518"
6799,Electronics Store LLC,"626 Main St, Chicago, NY 44674"
6800,Pharmacy Co,"845 Main St, New York, IL 50463"
6801,Gas Station LLC,"629 Main St, Houston, NY 71226"
6802,Grocery Store Group,"894 Main St, Houston, CA 64161"
6803,Restaurant Corp,"145 Main St, Houston, CA 95079"
6804,Hotel Corp,"386 Main St, New York, NY 42677"
6805,Restaurant Corp,"934 Main St, Chicago, TX 28395"
6806,Electronics Store Group,"539 Main St, Houston, IL 37316"
6807,Clothing Store Inc,"532 Main St, Phoenix, NY 90010"
6808,Restaurant Group,"602 Main St, Phoenix, CA 27389"
6809,Hotel Group,"882 Main St, Chicago, TX 50482"
6810,Gas Station Inc,"170 Main St, Chicago, AZ 42404"
6811,Restaurant Inc,"933 Main St, Houston, TX 48024"
6812,Coffee Shop Inc,"127 Main St, Chicago, IL 13188"
6813,Grocery Store Group,"567 Main St, Houston, CA 99347"
6814,Retail Store LLC,"133 Main St, Chicago, NY 14483"
6815,Hotel Co,"293 Main St, Chicago, NY 90238"
6816,Retail Store LLC,"137 Main St, Chicago, NY 97510"
6817,Coffee Shop LLC,"415 Main St, Phoenix, TX 38620"
6818,Electronics Store Group,"775 Main St, Los Angeles, AZ 62511"
6819,Hotel Co,"181 Main St, Chicago, CA 35110"
6820,Retail Store Inc,"759 Main St, Houston, IL 53744"
6821,Pharmacy LLC,"163 Main St, Chicago, NY 41081"
6822,Gas Station Co,"492 Main St, New York, AZ 84644"
6823,Clothing Store Corp,"998 Main St, New York, IL 47033"
6824,Clothing Store Corp,"521 Main St, Los Angeles, TX 86653"
6825,Clothing Store Corp,"187 Main St, New York, CA 28066"
6826,Coffee Shop Group,"605 Main St, Los Angeles, CA 68698"
6827,Pharmacy Group,"180 Main St, Phoenix, AZ 44071"
6828,Gas Station LLC,"676 Main St, Houston, IL 15039"
6829,Restaurant Inc,"922 Main St, Houston, NY 83354"
6830,Gas Station Corp,"522 Main St, Houston, IL 51475"
6831,Clothing Store Inc,"976 Main St, New York, NY 58968"
6832,Electronics Store LLC,"188 Main St, Los Angeles, IL 72961"
6833,Restaurant Co,"621 Main St, Chicago, TX 94975"
6834,Retail Store Inc,"826 Main St, Houston, NY 93295"
6835,Hotel Corp,"552 Main St, Houston, IL 17975"
6836,Clothing Store Inc,"699 Main St, Los Angeles, NY 49351"
6837,Clothing Store Inc,"207 Main St, Los Angeles, TX 87898"
6838,Hotel Corp,"347 Main St, Los Angeles, CA 76169"
6839,Retail Store Co,"491 Main St, Chicago, NY 26487"
6840,Clothing Store Co,"942 Main St, Phoenix, TX 63924"
6841,Restaurant Corp,"367 Main St, Phoenix, AZ 29792"
6842,Hotel Inc,"360 Main St, Phoenix, TX 59047"
6843,Grocery Store Corp,"370 Main St, Phoenix, CA 86449"
6844,Electronics Store Co,"157 Main St, Phoenix, TX 40013"
6845,Pharmacy LLC,"707 Main St, New York, TX 99010"
6846,Coffee Shop Group,"100 Main St, Los Angeles, AZ 67906"
6847,Clothing Store Inc,"663 Main St, Chicago, AZ 75871"
6848,Coffee Shop Group,"518 Main St, Houston, CA 32752"
6849,Pharmacy Corp,"886 Main St, Phoenix, NY 10332"
6850,Pharmacy Corp,"985 Main St, New York, CA 57075"
6851,Restaurant Co,"847 Main St, Houston, AZ 25851"
6852,Retail Store Corp,"230 Main St, Chicago, IL 99052"
6853,Grocery Store Corp,"165 Main St, Los Angeles, IL 35560"
6854,Restaurant Group,"279 Main St, Chicago, IL 56322"
6855,Hotel Group,"844 Main St, Phoenix, TX 36716"
6856,Retail Store Inc,"707 Main St, New York, AZ 39654"
6857,Coffee Shop Corp,"214 Main St, Houston, CA 25951"
6858,Retail Store LLC,"585 Main St, Houston, TX 26592"
6859,Electronics Store Inc,"578 Main St, Los Angeles, AZ 60949"
6860,Hotel Co,"228 Main St, New York, CA 66444"
6861,Hotel Co,"190 Main St, Phoenix, IL 54350"
6862,Gas Station Corp,"272 Main St, New York, TX 39091"
6863,Electronics Store Corp,"362 Main St, Phoenix, TX 45975"
6864,Grocery Store LLC,"164 Main St, Houston, NY 34201"
6865,Grocery Store Co,"396 Main St, New York, AZ 40615"
6866,Electronics Store Co,"517 Main St, Chicago, TX 68088"
6867,Grocery Store Corp,"877 Main St, New York, IL 49297"
6868,Clothing Store Co,"971 Main St, Los Angeles, CA 88959"
6869,Hotel Group,"195 Main St, New York, NY 88216"
6870,Clothing Store LLC,"818 Main St, Los Angeles, NY 88524"
6871,Hotel LLC,"225 Main St, New York, TX 14673"
6872,Electronics Store LLC,"645 Main St, New York, IL 26676"
6873,Retail Store Corp,"433 Main St, Phoenix, IL 88933"
6874,Retail Store Group,"880 Main St, New York, IL 57236"
6875,Electronics Store Inc,"768 Main St, Phoenix, TX 10419"
6876,Electronics Store Co,"458 Main St, New York, TX 66631"
6877,Grocery Store LLC,"883 Main St, Houston, AZ 95885"
6878,Hotel Co,"345 Main St, Houston, IL 93970"
6879,Restaurant LLC,"732 Main St, Houston, AZ 69309"
6880,Hotel Inc,"945 Main St, Los Angeles, TX 38377"
6881,Restaurant LLC,"619 Main St, Houston, IL 62271"
6882,Hotel Co,"564 Main St, Houston, TX 17505"
6883,Restaurant Corp,"144 Main St, Los Angeles, NY 62013"
6884,Gas Station Inc,"416 Main St, Phoenix, IL 44711"
6885,Retail Store Group,"533 Main St, Los Angeles, IL 72471"
6886,Clothing Store Group,"862 Main St, Phoenix, NY 67469"
6887,Pharmacy LLC,"232 Main St, New York, TX 84097"
6888,Coffee Shop Group,"475 Main St, Phoenix, IL 34626"
6889,Hotel LLC,"385 Main St, Chicago, AZ 33965"
6890,Pharmacy Group,"294 Main St, Phoenix, IL 68495"
6891,Pharmacy LLC,"768 Main St, Chicago, CA 42123"
6892,Restaurant LLC,"984 Main St, Phoenix, TX 73067"
6893,Clothing Store LLC,"860 Main St, Houston, NY 89391"
6894,Retail Store Co,"777 Main St, Chicago, AZ 28752"
6895,Retail Store Corp,"942 Main St, Phoenix, IL 86918"
6896,Pharmacy Corp,"829 Main St, Phoenix, IL 59560"
6897,Electronics Store Co,"535 Main St, Chicago, IL 76590"
6898,Hotel Group,"264 Main St, Phoenix, TX 65110"
6899,Hotel Inc,"130 Main St, New York, AZ 10019"
6900,Gas Station Corp,"596 Main St, Chicago, IL 89980"
6901,Grocery Store Inc,"726 Main St, Phoenix, TX 42061"
6902,Gas Station LLC,"897 Main St, Chicago, AZ 48010"
6903,Electronics Store Inc,"948 Main St, Houston, CA 90205"
6904,Grocery Store Group,"353 Main St, New York, CA 96485"
6905,Gas Station Corp,"922 Main St, Chicago, AZ 34198"
6906,Clothing Store Corp,"997 Main St, Chicago, IL 88009"
6907,Restaurant Corp,"547 Main St, Phoenix, NY 78050"
6908,Gas Station Inc,"197 Main St, Chicago, IL 38047"
6909,Clothing Store LLC,"971 Main St, New York, AZ 61766"
6910,Electronics Store LLC,"159 Main St, New York, NY 64333"
6911,Grocery Store LLC,"691 Main St, New York, NY 23196"
6912,Retail Store Co,"185 Main St, Phoenix, CA 61811"
6913,Clothing Store Inc,"459 Main St, New York, NY 51491"
6914,Coffee Shop Inc,"861 Main St, Phoenix, TX 16987"
6915,Gas Station Group,"124 Main St, Houston, AZ 65568"
6916,Restaurant Co,"809 Main St, Phoenix, NY 86884"
6917,Gas Station Co,"518 Main St, New York, AZ 36934"
6918,Electronics Store Group,"909 Main St, Los Angeles, AZ 60914"
6919,Clothing Store LLC,"753 Main St, New York, CA 17857"
6920,Electronics Store Corp,"162 Main St, Phoenix, IL 32908"
6921,Coffee Shop LLC,"317 Main St, Houston, NY 69595"
6922,Restaurant Co,"801 Main St, New York, TX 11418"
6923,Restaurant Inc,"735 Main St, New York, AZ 39577"
6924,Grocery Store Co,"806 Main St, Chicago, NY 68940"
6925,Coffee Shop Group,"663 Main St, Los Angeles, IL 35286"
6926,Gas Station Co,"124 Main St, Los Angeles, CA 93878"
6927,Pharmacy LLC,"266 Main St, Houston, CA 50091"
6928,Clothing Store Group,"802 Main St, Los Angeles, CA 93218"
6929,Gas Station Group,"746 Main St, New York, AZ 53669"
6930,Pharmacy LLC,"317 Main St, Houston, CA 18895"
6931,Gas Station Inc,"599 Main St, Chicago, CA 55824"
6932,Electronics Store LLC,"783 Main St, Chicago, IL 70260"
6933,Coffee Shop Corp,"913 Main St, New York, IL 58018"
6934,Electronics Store Corp,"759 Main St, Houston, TX 37128"
6935,Gas Station LLC,"791 Main St, Chicago, IL 24845"
6936,Electronics Store Inc,"513 Main St, Houston, IL 66615"
6937,Retail Store LLC,"107 Main St, New York, CA 15530"
6938,Electronics Store Co,"935 Main St, Chicago, IL 60494"
6939,Grocery Store Co,"118 Main St, Los Angeles, NY 40041"
6940,Hotel Group,"855 Main St, Los Angeles, TX 84994"
6941,Clothing Store Corp,"769 Main St, Los Angeles, AZ 24754"
6942,Grocery Store Inc,"943 Main St, New York, TX 62408"
6943,Gas Station Group,"954 Main St, Phoenix, AZ 57326"
6944,Hotel Corp,"575 Main St, Houston, NY 26481"
6945,Retail Store Corp,"577 Main St, Chicago, AZ 45810"
6946,Retail Store Co,"774 Main St, Houston, NY 36968"
6947,Retail Store Corp,"166 Main St, Los Angeles, NY 35843"
6948,Coffee Shop Group,"991 Main St, Houston, NY 72888"
6949,Restaurant Co,"223 Main St, Los Angeles, IL 64164"
6950,Electronics Store Inc,"374 Main St, Chicago, AZ 45978"
6951,Electronics Store Corp,"929 Main St, Houston, CA 36076"
6952,Gas Station LLC,"857 Main St, Houston, IL 43037"
6953,Retail Store Corp,"621 Main St, New York, NY 54488"
6954,Gas Station LLC,"253 Main St, Los Angeles, IL 54658"
6955,Restaurant Co,"569 Main St, Chicago, AZ 85682"
6956,Grocery Store Group,"346 Main St, Chicago, CA 68143"
6957,Coffee Shop Inc,"206 Main St, New York, TX 34266"
6958,Restaurant Group,"368 Main St, Phoenix, IL 96295"
6959,Clothing Store Co,"545 Main St, Los Angeles, TX 43128"
6960,Gas Station Co,"394 Main St, Los Angeles, NY 32110"
6961,Grocery Store Group,"430 Main St, Los Angeles, AZ 63342"
6962,Clothing Store Group,"289 Main St, Los Angeles, NY 16286"
6963,Gas Station Corp,"363 Main St, New York, NY 25637"
6964,Hotel Corp,"731 Main St, New York, NY 68169"
6965,Electronics Store Co,"737 Main St, Chicago, TX 23101"
6966,Retail Store Co,"596 Main St, New York, TX 21511"
6967,Restaurant LLC,"169 Main St, New York, CA 33471"
6968,Clothing Store Inc,"175 Main St, Los Angeles, AZ 34986"
6969,Pharmacy Corp,"161 Main St, Phoenix, IL 29347"
6970,Restaurant Co,"815 Main St, Los Angeles, CA 10312"
6971,Clothing Store Inc,"269 Main St, Chicago, TX 53646"
6972,Grocery Store Co,"889 Main St, Phoenix, AZ 60839"
6973,Pharmacy LLC,"413 Main St, Chicago, IL 84170"
6974,Gas Station Corp,"767 Main St, Los Angeles, TX 34386"
6975,Clothing Store Inc,"248 Main St, Los Angeles, NY 49275"
6976,Clothing Store Co,"507 Main St, Houston, TX 74608"
6977,Retail Store LLC,"734 Main St, Phoenix, TX 69079"
6978,Gas Station Inc,"243 Main St, Phoenix, AZ 97556"
6979,Coffee Shop Group,"352 Main St, Chicago, TX 47423"
6980,Electronics Store Corp,"302 Main St, Chicago, CA 94346"
6981,Pharmacy Corp,"433 Main St, Phoenix, TX 32723"
6982,Clothing Store LLC,"990 Main St, Los Angeles, IL 11857"
6983,Restaurant Corp,"852 Main St, Phoenix, AZ 15438"
6984,Retail Store Co,"158 Main St, Houston, CA 15380"
6985,Electronics Store Co,"184 Main St, Los Angeles, CA 58860"
6986,Restaurant Corp,"735 Main St, Phoenix, CA 25683"
6987,Hotel Inc,"845 Main St, Houston, CA 56668"
6988,Gas Station LLC,"323 Main St, New York, IL 99477"
6989,Pharmacy Corp,"367 Main St, Los Angeles, IL 78237"
6990,Gas Station Co,"968 Main St, Los Angeles, AZ 10544"
6991,Retail Store Corp,"831 Main St, Chicago, CA 33856"
6992,Hotel LLC,"640 Main St, New York, CA 75993"
6993,Hotel LLC,"753 Main St, Phoenix, TX 78444"
6994,Pharmacy Inc,"524 Main St, New York, NY 24039"
6995,Grocery Store Inc,"250 Main St, Phoenix, AZ 83439"
6996,Gas Station Corp,"696 Main St, Houston, AZ 39870"
6997,Hotel Co,"768 Main St, Phoenix, NY 79848"
6998,Coffee Shop Inc,"131 Main St, Phoenix, NY 24491"
6999,Clothing Store LLC,"990 Main St, Houston, IL 51856"
7000,Grocery Store Group,"671 Main St, Phoenix, TX 13916"
7001,Retail Store LLC,"446 Main St, Phoenix, IL 59169"
7002,Retail Store Corp,"747 Main St, New York, TX 62046"
7003,Electronics Store Inc,"626 Main St, Chicago, TX 73195"
7004,Gas Station Inc,"728 Main St, Phoenix, NY 23465"
7005,Retail Store Inc,"325 Main St, Phoenix, NY 53396"
7006,Electronics Store Co,"263 Main St, Chicago, IL 47767"
7007,Restaurant LLC,"165 Main St, Houston, AZ 61415"
7008,Gas Station Group,"238 Main St, Phoenix, TX 10128"
7009,Retail Store Corp,"873 Main St, Phoenix, NY 52663"
7010,Grocery Store Corp,"511 Main St, Chicago, IL 56190"
7011,Restaurant Corp,"850 Main St, Chicago, AZ 22226"
7012,Hotel Group,"745 Main St, New York, IL 16389"
7013,Electronics Store Co,"783 Main St, Chicago, AZ 71865"
7014,Electronics Store Corp,"300 Main St, New York, AZ 72570"
7015,Coffee Shop Co,"345 Main St, Phoenix, TX 95579"
7016,Hotel LLC,"542 Main St, Phoenix, IL 18044"
7017,Clothing Store Corp,"624 Main St, Phoenix, IL 85541"
7018,Hotel Co,"891 Main St, New York, NY 75717"
7019,Pharmacy Group,"826 Main St, New York, NY 33129"
7020,Hotel Group,"789 Main St, Chicago, AZ 55361"
7021,Hotel Corp,"115 Main St, Los Angeles, AZ 14600"
7022,Clothing Store Corp,"571 Main St, Los Angeles, TX 22631"
7023,Electronics Store Inc,"612 Main St, Phoenix, AZ 19573"
7024,Hotel Co,"365 Main St, New York, AZ 64249"
7025,Pharmacy Co,"981 Main St, Phoenix, TX 17812"
7026,Gas Station LLC,"609 Main St, Chicago, CA 98052"
7027,Restaurant Inc,"907 Main St, Phoenix, IL 25411"
7028,Pharmacy LLC,"262 Main St, Chicago, CA 59500"
7029,Electronics Store LLC,"881 Main St, Los Angeles, AZ 95862"
7030,Electronics Store LLC,"452 Main St, Chicago, IL 96117"
7031,Coffee Shop LLC,"239 Main St, Houston, NY 38883"
7032,Pharmacy Group,"527 Main St, New York, IL 85028"
7033,Clothing Store LLC,"829 Main St, New York, TX 54279"
7034,Hotel Inc,"243 Main St, Phoenix, IL 47854"
7035,Gas Station Co,"876 Main St, Phoenix, AZ 54590"
7036,Electronics Store Group,"130 Main St, Chicago, TX 69674"
7037,Hotel Inc,"585 Main St, New York, IL 20044"
7038,Clothing Store Inc,"484 Main St, New York, IL 41603"
7039,Pharmacy LLC,"593 Main St, Chicago, AZ 41132"
7040,Electronics Store Co,"229 Main St, Chicago, NY 26062"
7041,Retail Store LLC,"893 Main St, Chicago, TX 37288"
7042,Gas Station Co,"570 Main St, Houston, TX 55561"
7043,Coffee Shop Corp,"172 Main St, Chicago, NY 76485"
7044,Clothing Store Corp,"377 Main St, Los Angeles, CA 89771"
7045,Electronics Store LLC,"112 Main St, New York, NY 25945"
7046,Retail Store Group,"981 Main St, Houston, IL 12568"
7047,Electronics Store LLC,"959 Main St, Los Angeles, IL 65775"
7048,Hotel LLC,"936 Main St, Chicago, CA 37412"
7049,Coffee Shop Inc,"514 Main St, Los Angeles, TX 46441"
7050,Grocery Store Inc,"239 Main St, Los Angeles, TX 65472"
7051,Hotel Co,"604 Main St, Chicago, CA 55037"
7052,Pharmacy Corp,"805 Main St, New York, AZ 10474"
7053,Restaurant Group,"233 Main St, New York, NY 50810"
7054,Clothing Store Group,"866 Main St, New York, AZ 81520"
7055,Clothing Store LLC,"542 Main St, New York, CA 98520"
7056,Electronics Store Group,"542 Main St, Los Angeles, CA 46656"
7057,Pharmacy Group,"531 Main St, Chicago, IL 11662"
7058,Clothing Store Group,"708 Main St, Phoenix, NY 24378"
7059,Retail Store Co,"603 Main St, Houston, AZ 79502"
7060,Coffee Shop LLC,"163 Main St, Chicago, AZ 10496"
7061,Grocery Store Inc,"345 Main St, Houston, CA 97375"
7062,Electronics Store Co,"623 Main St, Phoenix, AZ 71293"
7063,Grocery Store Group,"887 Main St, Los Angeles, IL 70141"
7064,Clothing Store LLC,"831 Main St, New York, AZ 68286"
7065,Coffee Shop Co,"494 Main St, Los Angeles, CA 31932"
7066,Clothing Store Corp,"104 Main St, Chicago, NY 71088"
7067,Coffee Shop Group,"917 Main St, Los Angeles, CA 53854"
7068,Coffee Shop Co,"705 Main St, Los Angeles, TX 21954"
7069,Gas Station LLC,"671 Main St, New York, NY 37559"
7070,Hotel Group,"795 Main St, Houston, NY 25737"
7071,Hotel Group,"569 Main St, Chicago, IL 67528"
7072,Hotel Corp,"662 Main St, Houston, IL 36041"
7073,Grocery Store Co,"690 Main St, Houston, IL 35022"
7074,Coffee Shop LLC,"679 Main St, Chicago, CA 35375"
7075,Hotel Corp,"649 Main St, Houston, NY 48570"
7076,Hotel Co,"350 Main St, Los Angeles, TX 59702"
7077,Clothing Store Corp,"628 Main St, New York, TX 19798"
7078,Gas Station LLC,"727 Main St, Los Angeles, AZ 64280"
7079,Electronics Store LLC,"230 Main St, New York, NY 50463"
7080,Electronics Store Co,"316 Main St, New York, IL 90707"
7081,Retail Store Inc,"267 Main St, Phoenix, CA 55043"
7082,Hotel Inc,"876 Main St, Chicago, TX 33051"
7083,Grocery Store Inc,"164 Main St, Los Angeles, TX 81158"
7084,Retail Store Co,"913 Main St, Houston, AZ 92764"
7085,Pharmacy Corp,"743 Main St, Phoenix, AZ 74149"
7086,Retail Store LLC,"571 Main St, New York, AZ 98667"
7087,Clothing Store LLC,"937 Main St, New York, CA 93409"
7088,Restaurant Co,"559 Main St, Phoenix, IL 74368"
7089,Retail Store Co,"811 Main St, Houston, IL 90809"
7090,Gas Station Inc,"782 Main St, Chicago, IL 63021"
7091,Clothing Store Corp,"937 Main St, Chicago, IL 80955"
7092,Restaurant LLC,"843 Main St, Chicago, IL 99643"
7093,Grocery Store Group,"812 Main St, New York, IL 29973"
7094,Gas Station Co,"745 Main St, Phoenix, NY 14620"
7095,Retail Store Group,"510 Main St, Phoenix, IL 66591"
7096,Restaurant LLC,"959 Main St, Phoenix, TX 35524"
7097,Electronics Store Co,"372 Main St, New York, TX 77035"
7098,Pharmacy Group,"908 Main St, Phoenix, IL 93670"
7099,Retail Store Co,"910 Main St, Phoenix, AZ 99060"
7100,Hotel LLC,"894 Main St, Phoenix, TX 16922"
7101,Pharmacy Group,"256 Main St, Phoenix, NY 87315"
7102,Restaurant Inc,"606 Main St, Phoenix, TX 42433"
7103,Electronics Store Inc,"281 Main St, New York, IL 40060"
7104,Grocery Store Group,"246 Main St, New York, TX 26342"
7105,Pharmacy Inc,"505 Main St, Chicago, CA 98981"
7106,Restaurant Co,"892 Main St, Chicago, IL 57881"
7107,Retail Store Inc,"674 Main St, Phoenix, TX 28209"
7108,Retail Store Group,"908 Main St, New York, TX 80820"
7109,Restaurant Co,"931 Main St, Phoenix, TX 10401"
7110,Gas Station Corp,"345 Main St, Houston, CA 21263"
7111,Clothing Store Co,"587 Main St, Houston, CA 18979"
7112,Pharmacy Co,"560 Main St, New York, CA 63813"
7113,Retail Store LLC,"575 Main St, Phoenix, AZ 10141"
7114,Pharmacy Group,"392 Main St, New York, TX 66172"
7115,Electronics Store Group,"571 Main St, Houston, CA 41745"
7116,Restaurant Group,"577 Main St, Los Angeles, CA 14537"
7117,Retail Store LLC,"391 Main St, Los Angeles, IL 39686"
7118,Clothing Store LLC,"826 Main St, Chicago, CA 67771"
7119,Pharmacy Group,"240 Main St, Chicago, IL 76289"
7120,Electronics Store Corp,"642 Main St, New York, CA 53826"
7121,Electronics Store LLC,"992 Main St, Phoenix, AZ 36706"
7122,Electronics Store Group,"442 Main St, Phoenix, CA 65305"
7123,Retail Store Group,"570 Main St, Chicago, NY 42620"
7124,Coffee Shop Inc,"269 Main St, Los Angeles, TX 37477"
7125,Clothing Store LLC,"171 Main St, New York, AZ 70710"
7126,Clothing Store Corp,"509 Main St, Chicago, IL 51578"
7127,Restaurant LLC,"613 Main St, New York, CA 18989"
7128,Hotel Corp,"875 Main St, Los Angeles, AZ 71125"
7129,Coffee Shop Co,"711 Main St, New York, IL 64468"
7130,Clothing Store Group,"847 Main St, Chicago, IL 66372"
7131,Retail Store LLC,"805 Main St, Los Angeles, TX 13202"
7132,Pharmacy Corp,"228 Main St, Chicago, TX 47127"
7133,Restaurant LLC,"812 Main St, Houston, IL 44015"
7134,Pharmacy Group,"997 Main St, New York, CA 45684"
7135,Gas Station Group,"289 Main St, Los Angeles, IL 51477"
7136,Hotel Co,"801 Main St, Chicago, CA 14648"
7137,Retail Store LLC,"853 Main St, New York, AZ 21188"
7138,Restaurant Corp,"705 Main St, Chicago, NY 78533"
7139,Hotel Inc,"446 Main St, Phoenix, AZ 21700"
7140,Pharmacy Group,"798 Main St, Houston, AZ 64588"
7141,Clothing Store Inc,"859 Main St, Chicago, AZ 32757"
7142,Clothing Store Inc,"936 Main St, Los Angeles, CA 66636"
7143,Hotel Group,"979 Main St, Los Angeles, NY 63219"
7144,Restaurant Inc,"547 Main St, Houston, IL 90859"
7145,Hotel Group,"185 Main St, Chicago, CA 20163"
7146,Pharmacy LLC,"400 Main St, New York, TX 48791"
7147,Coffee Shop Inc,"457 Main St, Houston, CA 39623"
7148,Gas Station Corp,"731 Main St, New York, TX 77745"
7149,Restaurant Group,"768 Main St, New York, IL 53547"
7150,Pharmacy Corp,"586 Main St, Phoenix, AZ 93538"
7151,Restaurant Corp,"190 Main St, Los Angeles, TX 40248"
7152,Restaurant Group,"498 Main St, Los Angeles, TX 56721"
7153,Grocery Store LLC,"829 Main St, Los Angeles, CA 87737"
7154,Pharmacy Corp,"711 Main St, Los Angeles, NY 24070"
7155,Retail Store LLC,"692 Main St, Houston, CA 45363"
7156,Retail Store Group,"791 Main St, Los Angeles, TX 26310"
7157,Pharmacy LLC,"166 Main St, Houston, AZ 98067"
7158,Restaurant Group,"925 Main St, New York, AZ 35069"
7159,Pharmacy Group,"878 Main St, Houston, IL 56102"
7160,Clothing Store Inc,"579 Main St, New York, TX 48669"
7161,Hotel Corp,"402 Main St, Houston, CA 98938"
7162,Gas Station Inc,"199 Main St, New York, IL 80179"
7163,Electronics Store LLC,"975 Main St, New York, CA 79163"
7164,Pharmacy LLC,"362 Main St, New York, AZ 36048"
7165,Electronics Store LLC,"103 Main St, Houston, IL 48285"
7166,Grocery Store Corp,"919 Main St, Chicago, IL 61384"
7167,Pharmacy Inc,"353 Main St, Chicago, NY 82307"
7168,Retail Store Inc,"537 Main St, Phoenix, CA 76331"
7169,Coffee Shop Co,"418 Main St, Chicago, IL 21668"
7170,Coffee Shop Group,"372 Main St, New York, NY 81857"
7171,Grocery Store Group,"228 Main St, Houston, AZ 69773"
7172,Retail Store LLC,"293 Main St, New York, CA 62671"
7173,Hotel Corp,"320 Main St, Chicago, TX 64539"
7174,Electronics Store LLC,"470 Main St, Los Angeles, AZ 45624"
7175,Restaurant Corp,"948 Main St, Chicago, CA 26832"
7176,Gas Station LLC,"312 Main St, Houston, IL 97745"
7177,Pharmacy Corp,"564 Main St, Houston, NY 24023"
7178,Gas Station Group,"156 Main St, Los Angeles, CA 28616"
7179,Coffee Shop Corp,"945 Main St, New York, AZ 32389"
7180,Electronics Store Co,"321 Main St, Los Angeles, AZ 51167"
7181,Coffee Shop LLC,"302 Main St, Phoenix, AZ 45443"
7182,Pharmacy Group,"137 Main St, Los Angeles, TX 45624"
7183,Electronics Store Corp,"150 Main St, New York, CA 54082"
7184,Retail Store Corp,"515 Main St, Los Angeles, NY 19100"
7185,Clothing Store Inc,"368 Main St, Chicago, TX 87618"
7186,Coffee Shop Inc,"653 Main St, Los Angeles, CA 28025"
7187,Coffee Shop LLC,"622 Main St, New York, TX 68070"
7188,Grocery Store Co,"691 Main St, Houston, TX 86485"
7189,Pharmacy Corp,"111 Main St, Phoenix, CA 74509"
7190,Clothing Store LLC,"800 Main St, New York, IL 53008"
7191,Retail Store Corp,"289 Main St, Los Angeles, NY 68342"
7192,Electronics Store Inc,"228 Main St, New York, IL 17509"
7193,Grocery Store LLC,"555 Main St, Los Angeles, AZ 47849"
7194,Retail Store Co,"249 Main St, Chicago, AZ 71360"
7195,Coffee Shop Corp,"580 Main St, New York, TX 29131"
7196,Coffee Shop Inc,"223 Main St, Chicago, NY 40367"
7197,Grocery Store Group,"887 Main St, Chicago, TX 47203"
7198,Coffee Shop Co,"838 Main St, New York, NY 65950"
7199,Coffee Shop Co,"928 Main St, Phoenix, AZ 21830"
7200,Grocery Store Corp,"989 Main St, Houston, NY 30129"
7201,Grocery Store LLC,"340 Main St, New York, CA 72617"
7202,Hotel Corp,"135 Main St, Phoenix, AZ 51688"
7203,Retail Store Group,"609 Main St, Phoenix, IL 39937"
7204,Electronics Store Group,"291 Main St, Houston, NY 23349"
7205,Coffee Shop LLC,"969 Main St, Los Angeles, TX 84618"
7206,Grocery Store LLC,"698 Main St, New York, CA 45861"
7207,Grocery Store LLC,"528 Main St, New York, IL 66639"
7208,Electronics Store Group,"140 Main St, Chicago, NY 31175"
7209,Gas Station Corp,"957 Main St, Los Angeles, NY 40856"
7210,Pharmacy LLC,"692 Main St, Chicago, NY 36499"
7211,Gas Station LLC,"410 Main St, Los Angeles, AZ 65099"
7212,Electronics Store LLC,"118 Main St, New York, CA 93096"
7213,Electronics Store Group,"398 Main St, Houston, TX 77845"
7214,Clothing Store Corp,"348 Main St, Houston, NY 33137"
7215,Retail Store LLC,"305 Main St, Phoenix, NY 37220"
7216,Electronics Store Co,"851 Main St, Los Angeles, AZ 98533"
7217,Restaurant Group,"586 Main St, Phoenix, TX 88770"
7218,Grocery Store Group,"954 Main St, Houston, AZ 52005"
7219,Gas Station LLC,"922 Main St, Phoenix, AZ 63320"
7220,Clothing Store Corp,"219 Main St, Houston, AZ 75901"
7221,Retail Store LLC,"229 Main St, New York, CA 17989"
7222,Hotel Group,"501 Main St, Phoenix, IL 16465"
7223,Coffee Shop Inc,"817 Main St, Houston, TX 94706"
7224,Retail Store Corp,"772 Main St, Los Angeles, CA 14045"
7225,Electronics Store Co,"184 Main St, Phoenix, AZ 13094"
7226,Electronics Store Inc,"954 Main St, Los Angeles, CA 57651"
7227,Grocery Store Group,"802 Main St, New York, IL 14241"
7228,Restaurant Corp,"865 Main St, Chicago, AZ 76251"
7229,Electronics Store Corp,"718 Main St, New York, AZ 11896"
7230,Gas Station Co,"584 Main St, Los Angeles, IL 29503"
7231,Hotel LLC,"480 Main St, New York, NY 68497"
7232,Electronics Store LLC,"342 Main St, Chicago, NY 46480"
7233,Pharmacy Corp,"169 Main St, Phoenix, TX 12933"
7234,Restaurant LLC,"795 Main St, New York, NY 23559"
7235,Hotel Co,"276 Main St, Los Angeles, AZ 65325"
7236,Gas Station LLC,"709 Main St, Los Angeles, AZ 54099"
7237,Retail Store Co,"515 Main St, Chicago, IL 47794"
7238,Grocery Store LLC,"144 Main St, Los Angeles, TX 87594"
7239,Hotel Corp,"707 Main St, New York, IL 35780"
7240,Restaurant Group,"275 Main St, Houston, CA 48057"
7241,Electronics Store Co,"560 Main St, New York, IL 89086"
7242,Restaurant Inc,"341 Main St, Phoenix, TX 10133"
7243,Grocery Store Co,"862 Main St, Phoenix, TX 60594"
7244,Gas Station Group,"975 Main St, Houston, TX 12048"
7245,Clothing Store Co,"515 Main St, Phoenix, CA 28921"
7246,Grocery Store Co,"809 Main St, Phoenix, TX 54054"
7247,Retail Store LLC,"226 Main St, New York, IL 28057"
7248,Restaurant Co,"231 Main St, Chicago, TX 81700"
7249,Coffee Shop Group,"800 Main St, Chicago, IL 21526"
7250,Electronics Store Inc,"829 Main St, Los Angeles, CA 19153"
7251,Retail Store Co,"669 Main St, Houston, AZ 86736"
7252,Electronics Store Corp,"362 Main St, New York, NY 39695"
7253,Hotel LLC,"436 Main St, Chicago, NY 96376"
7254,Pharmacy LLC,"565 Main St, Phoenix, TX 48129"
7255,Coffee Shop Group,"651 Main St, Chicago, NY 52278"
7256,Coffee Shop Inc,"888 Main St, New York, NY 94363"
7257,Coffee Shop LLC,"437 Main St, Los Angeles, IL 28337"
7258,Coffee Shop Group,"368 Main St, New York, CA 77579"
7259,Clothing Store LLC,"167 Main St, Los Angeles, TX 51819"
7260,Coffee Shop Group,"781 Main St, Chicago, CA 50082"
7261,Electronics Store Inc,"251 Main St, New York, TX 29833"
7262,Restaurant Corp,"738 Main St, Houston, CA 63146"
7263,Grocery Store Corp,"700 Main St, New York, TX 75249"
7264,Electronics Store Co,"904 Main St, Houston, AZ 15580"
7265,Gas Station Group,"623 Main St, New York, CA 51292"
7266,Retail Store Group,"450 Main St, New York, AZ 48676"
7267,Grocery Store Corp,"295 Main St, Houston, NY 96481"
7268,Coffee Shop Co,"935 Main St, Houston, IL 28203"
7269,Restaurant LLC,"801 Main St, Los Angeles, IL 22262"
7270,Hotel Corp,"748 Main St, Phoenix, NY 17058"
7271,Coffee Shop LLC,"194 Main St, New York, NY 92945"
7272,Coffee Shop Co,"982 Main St, New York, AZ 16857"
7273,Pharmacy Inc,"296 Main St, Los Angeles, TX 80511"
7274,Electronics Store Inc,"284 Main St, Chicago, NY 28766"
7275,Electronics Store Inc,"962 Main St, New York, TX 91728"
7276,Pharmacy LLC,"327 Main St, Houston, NY 54323"
7277,Hotel Group,"424 Main St, Los Angeles, AZ 25018"
7278,Hotel Inc,"303 Main St, Chicago, IL 27120"
7279,Coffee Shop Corp,"197 Main St, Chicago, IL 23372"
7280,Retail Store Group,"627 Main St, Los Angeles, TX 12810"
7281,Pharmacy Co,"637 Main St, Houston, TX 24555"
7282,Coffee Shop Corp,"393 Main St, Houston, NY 73318"
7283,Coffee Shop Inc,"223 Main St, New York, IL 80866"
7284,Coffee Shop LLC,"606 Main St, Houston, TX 94000"
7285,Clothing Store Co,"185 Main St, Chicago, IL 65083"
7286,Clothing Store Inc,"666 Main St, Phoenix, NY 37426"
7287,Electronics Store Group,"520 Main St, New York, IL 84694"
7288,Coffee Shop Co,"945 Main St, Los Angeles, TX 69636"
7289,Grocery Store Co,"323 Main St, Los Angeles, CA 30143"
7290,Hotel Inc,"339 Main St, Chicago, NY 33711"
7291,Restaurant LLC,"700 Main St, Houston, TX 92291"
7292,Grocery Store Group,"923 Main St, Los Angeles, TX 36230"
7293,Gas Station LLC,"833 Main St, Houston, CA 49177"
7294,Hotel Corp,"755 Main St, Chicago, TX 20744"
7295,Gas Station LLC,"618 Main St, Los Angeles, AZ 19301"
7296,Clothing Store Co,"529 Main St, New York, AZ 12973"
7297,Electronics Store Group,"673 Main St, Phoenix, AZ 38436"
7298,Pharmacy Corp,"122 Main St, New York, IL 32260"
7299,Retail Store Corp,"402 Main St, New York, IL 19318"
7300,Coffee Shop Corp,"151 Main St, Chicago, TX 64953"
7301,Grocery Store Inc,"834 Main St, Chicago, IL 73061"
7302,Gas Station Corp,"227 Main St, New York, IL 91007"
7303,Retail Store LLC,"779 Main St, New York, TX 78266"
7304,Gas Station LLC,"518 Main St, Los Angeles, CA 65860"
7305,Restaurant Inc,"608 Main St, Los Angeles, NY 45358"
7306,Clothing Store Corp,"703 Main St, Chicago, NY 73590"
7307,Retail Store Corp,"195 Main St, Phoenix, NY 94862"
7308,Grocery Store Inc,"702 Main St, Los Angeles, NY 19622"
7309,Gas Station LLC,"149 Main St, Phoenix, NY 49172"
7310,Pharmacy Inc,"590 Main St, Los Angeles, IL 94310"
7311,Gas Station Corp,"890 Main St, Houston, CA 98880"
7312,Coffee Shop Co,"881 Main St, Houston, AZ 54730"
7313,Restaurant Corp,"609 Main St, New York, TX 19468"
7314,Retail Store LLC,"944 Main St, Houston, TX 61270"
7315,Grocery Store LLC,"608 Main St, Phoenix, NY 41079"
7316,Pharmacy Co,"641 Main St, Chicago, NY 95446"
7317,Clothing Store Group,"468 Main St, Phoenix, IL 28049"
7318,Grocery Store Inc,"309 Main St, New York, CA 50043"
7319,Pharmacy Group,"918 Main St, Phoenix, CA 81657"
7320,Gas Station Co,"154 Main St, Phoenix, CA 35738"
7321,Clothing Store LLC,"313 Main St, New York, NY 33792"
7322,Grocery Store Inc,"779 Main St, Phoenix, AZ 42055"
7323,Coffee Shop Corp,"787 Main St, New York, NY 88010"
7324,Hotel LLC,"407 Main St, Los Angeles, AZ 92223"
7325,Electronics Store Corp,"947 Main St, Los Angeles, TX 96553"
7326,Gas Station Group,"474 Main St, Chicago, IL 72837"
7327,Hotel Group,"273 Main St, New York, IL 61706"
7328,Coffee Shop Corp,"792 Main St, New York, IL 74006"
7329,Grocery Store LLC,"236 Main St, New York, TX 13131"
7330,Gas Station Corp,"242 Main St, Chicago, IL 22205"
7331,Clothing Store Co,"645 Main St, Houston, IL 40443"
7332,Clothing Store Co,"667 Main St, New York, AZ 86456"
7333,Restaurant Co,"878 Main St, Phoenix, CA 62151"
7334,Restaurant Inc,"525 Main St, New York, CA 19746"
7335,Restaurant Corp,"877 Main St, Phoenix, NY 26010"
7336,Gas Station Inc,"140 Main St, Chicago, TX 70443"
7337,Retail Store Co,"434 Main St, New York, AZ 19123"
7338,Gas Station Co,"168 Main St, New York, IL 74027"
7339,Electronics Store Co,"373 Main St, Houston, IL 86853"
7340,Restaurant Inc,"768 Main St, New York, AZ 88441"
7341,Grocery Store LLC,"992 Main St, New York, AZ 77180"
7342,Gas Station Inc,"598 Main St, Phoenix, IL 39344"
7343,Restaurant Corp,"360 Main St, Los Angeles, AZ 11213"
7344,Restaurant Inc,"458 Main St, Phoenix, CA 69873"
7345,Restaurant LLC,"938 Main St, Phoenix, TX 72869"
7346,Hotel Inc,"774 Main St, Chicago, CA 30030"
7347,Pharmacy Co,"350 Main St, Houston, AZ 11478"
7348,Grocery Store Corp,"830 Main St, Chicago, NY 89974"
7349,Gas Station LLC,"880 Main St, Los Angeles, AZ 60354"
7350,Pharmacy Co,"434 Main St, Houston, TX 68937"
7351,Grocery Store LLC,"666 Main St, Los Angeles, CA 91229"
7352,Hotel LLC,"814 Main St, Phoenix, AZ 72139"
7353,Restaurant Co,"635 Main St, Chicago, CA 44777"
7354,Gas Station Group,"402 Main St, New York, TX 61911"
7355,Electronics Store Group,"605 Main St, Chicago, TX 85974"
7356,Clothing Store LLC,"208 Main St, Phoenix, NY 66484"
7357,Coffee Shop Corp,"358 Main St, Houston, IL 96363"
7358,Hotel Group,"952 Main St, New York, CA 19211"
7359,Retail Store Inc,"888 Main St, Los Angeles, NY 94347"
7360,Coffee Shop LLC,"277 Main St, Phoenix, TX 46115"
7361,Gas Station Corp,"599 Main St, Phoenix, TX 28361"
7362,Gas Station Group,"703 Main St, Los Angeles, AZ 32505"
7363,Restaurant Inc,"352 Main St, New York, NY 18266"
7364,Electronics Store Co,"178 Main St, New York, IL 80202"
7365,Coffee Shop Inc,"560 Main St, Chicago, CA 67195"
7366,Hotel Inc,"901 Main St, Chicago, TX 79454"
7367,Pharmacy Corp,"429 Main St, Los Angeles, TX 96460"
7368,Grocery Store Inc,"108 Main St, Houston, TX 55483"
7369,Electronics Store LLC,"538 Main St, Houston, AZ 58382"
7370,Electronics Store Group,"667 Main St, Phoenix, IL 56247"
7371,Hotel Corp,"110 Main St, Los Angeles, NY 46756"
7372,Coffee Shop LLC,"784 Main St, New York, TX 57424"
7373,Hotel LLC,"906 Main St, Phoenix, IL 61249"
7374,Gas Station Co,"822 Main St, Houston, TX 25881"
7375,Retail Store Corp,"120 Main St, Los Angeles, CA 34418"
7376,Restaurant Inc,"320 Main St, Phoenix, AZ 87716"
7377,Grocery Store LLC,"976 Main St, New York, NY 97166"
7378,Coffee Shop Corp,"670 Main St, Chicago, CA 75428"
7379,Restaurant Inc,"819 Main St, Chicago, AZ 85697"
7380,Electronics Store Inc,"739 Main St, Los Angeles, NY 84163"
7381,Gas Station Corp,"789 Main St, Houston, NY 37527"
7382,Restaurant Group,"854 Main St, New York, CA 56266"
7383,Electronics Store LLC,"123 Main St, Phoenix, AZ 57772"
7384,Restaurant Corp,"747 Main St, Los Angeles, CA 73741"
7385,Grocery Store Co,"870 Main St, Houston, CA 81083"
7386,Clothing Store Co,"891 Main St, Phoenix, CA 46255"
7387,Pharmacy Group,"985 Main St, Chicago, TX 41109"
7388,Clothing Store Group,"996 Main St, Los Angeles, AZ 74952"
7389,Grocery Store Co,"801 Main St, New York, CA 90127"
7390,Restaurant Inc,"918 Main St, Chicago, NY 90216"
7391,Gas Station Co,"883 Main St, Chicago, IL 90415"
7392,Hotel Co,"155 Main St, Chicago, TX 41608"
7393,Grocery Store Inc,"613 Main St, Houston, CA 35375"
7394,Pharmacy LLC,"947 Main St, Phoenix, CA 19389"
7395,Hotel Inc,"779 Main St, Chicago, IL 48794"
7396,Pharmacy Co,"493 Main St, Houston, TX 91404"
7397,Retail Store Corp,"706 Main St, New York, AZ 33354"
7398,Gas Station Inc,"169 Main St, Los Angeles, TX 49148"
7399,Restaurant LLC,"290 Main St, Phoenix, TX 58625"
7400,Clothing Store Group,"650 Main St, Chicago, CA 39845"
7401,Electronics Store Inc,"164 Main St, Phoenix, CA 12615"
7402,Pharmacy Inc,"348 Main St, Phoenix, NY 78078"
7403,Gas Station Group,"479 Main St, Chicago, CA 93832"
7404,Gas Station Co,"194 Main St, New York, AZ 99292"
7405,Gas Station Corp,"853 Main St, Phoenix, TX 15388"
7406,Clothing Store Inc,"444 Main St, Phoenix, IL 49006"
7407,Restaurant Corp,"464 Main St, Chicago, NY 33798"
7408,Electronics Store LLC,"222 Main St, Los Angeles, IL 47067"
7409,Electronics Store LLC,"244 Main St, New York, NY 60686"
7410,Pharmacy Inc,"495 Main St, New York, NY 90867"
7411,Coffee Shop Corp,"899 Main St, Phoenix, AZ 31228"
7412,Retail Store Co,"920 Main St, New York, NY 90581"
7413,Hotel Corp,"676 Main St, New York, CA 74342"
7414,Electronics Store LLC,"107 Main St, Phoenix, AZ 53088"
7415,Restaurant LLC,"836 Main St, Phoenix, IL 73855"
7416,Grocery Store Group,"280 Main St, Phoenix, CA 35121"
7417,Clothing Store Co,"572 Main St, Chicago, IL 11260"
7418,Gas Station Corp,"528 Main St, New York, TX 31508"
7419,Coffee Shop Corp,"640 Main St, Houston, AZ 74384"
7420,Grocery Store Group,"577 Main St, Houston, AZ 35257"
7421,Restaurant Group,"220 Main St, Houston, AZ 55842"
7422,Gas Station Co,"594 Main St, Los Angeles, CA 16900"
7423,Coffee Shop Corp,"622 Main St, New York, CA 40088"
7424,Hotel Co,"451 Main St, Phoenix, TX 88971"
7425,Clothing Store Inc,"380 Main St, Houston, CA 76969"
7426,Clothing Store Corp,"112 Main St, Houston, NY 16358"
7427,Gas Station LLC,"420 Main St, New York, IL 93757"
7428,Electronics Store Co,"621 Main St, Phoenix, AZ 90516"
7429,Pharmacy Co,"887 Main St, Phoenix, TX 38744"
7430,Hotel LLC,"839 Main St, Los Angeles, NY 93090"
7431,Gas Station Group,"662 Main St, New York, IL 21552"
7432,Hotel Group,"224 Main St, Houston, NY 70789"
7433,Coffee Shop Inc,"462 Main St, New York, IL 49866"
7434,Hotel Group,"853 Main St, Houston, AZ 71990"
7435,Grocery Store LLC,"873 Main St, Los Angeles, NY 71683"
7436,Electronics Store Corp,"609 Main St, Houston, NY 79767"
7437,Electronics Store Co,"454 Main St, Phoenix, NY 52753"
7438,Hotel LLC,"298 Main St, New York, NY 62204"
7439,Clothing Store Co,"312 Main St, Phoenix, TX 79277"
7440,Grocery Store Inc,"579 Main St, Chicago, NY 96660"
7441,Electronics Store Co,"197 Main St, New York, AZ 62568"
7442,Restaurant Corp,"670 Main St, Los Angeles, IL 63775"
7443,Electronics Store Inc,"102 Main St, New York, IL 52317"
7444,Pharmacy Inc,"190 Main St, Chicago, NY 50410"
7445,Restaurant Co,"810 Main St, Houston, CA 94712"
7446,Retail Store Corp,"505 Main St, Chicago, AZ 81812"
7447,Restaurant Co,"302 Main St, Phoenix, TX 34947"
7448,Hotel LLC,"671 Main St, New York, IL 95629"
7449,Electronics Store Group,"313 Main St, New York, IL 64127"
7450,Gas Station Corp,"896 Main St, Phoenix, TX 82106"
7451,Hotel LLC,"823 Main St, Los Angeles, TX 15667"
7452,Clothing Store LLC,"990 Main St, Chicago, CA 84350"
7453,Clothing Store Co,"944 Main St, Houston, IL 39832"
7454,Restaurant Co,"862 Main St, New York, TX 90745"
7455,Grocery Store LLC,"658 Main St, Houston, AZ 19305"
7456,Pharmacy Co,"662 Main St, Houston, NY 89349"
7457,Electronics Store Inc,"726 Main St, Chicago, IL 28062"
7458,Electronics Store Group,"175 Main St, Los Angeles, CA 32931"
7459,Coffee Shop Corp,"118 Main St, Chicago, CA 51076"
7460,Coffee Shop LLC,"984 Main St, Houston, CA 69028"
7461,Clothing Store LLC,"162 Main St, New York, CA 13311"
7462,Retail Store LLC,"609 Main St, Los Angeles, AZ 46454"
7463,Retail Store Corp,"357 Main St, Chicago, TX 25451"
7464,Pharmacy Inc,"195 Main St, Phoenix, AZ 57626"
7465,Retail Store Corp,"107 Main St, Phoenix, IL 37759"
7466,Retail Store Inc,"745 Main St, Chicago, NY 24228"
7467,Clothing Store Group,"186 Main St, Phoenix, TX 22323"
7468,Gas Station Co,"161 Main St, Los Angeles, IL 65099"
7469,Pharmacy Inc,"583 Main St, Chicago, IL 38961"
7470,Gas Station Group,"145 Main St, Chicago, CA 52188"
7471,Restaurant Inc,"500 Main St, Phoenix, CA 31272"
7472,Clothing Store Corp,"677 Main St, Houston, IL 73832"
7473,Grocery Store Group,"204 Main St, Houston, IL 87818"
7474,Coffee Shop LLC,"759 Main St, New York, TX 49831"
7475,Restaurant LLC,"795 Main St, New York, IL 63558"
7476,Gas Station Inc,"490 Main St, New York, IL 10520"
7477,Pharmacy LLC,"165 Main St, New York, NY 82738"
7478,Electronics Store LLC,"389 Main St, New York, AZ 96761"
7479,Retail Store LLC,"803 Main St, Los Angeles, AZ 94121"
7480,Retail Store Inc,"662 Main St, Houston, TX 87442"
7481,Grocery Store Inc,"980 Main St, Los Angeles, IL 39169"
7482,Pharmacy Group,"346 Main St, Phoenix, TX 92787"
7483,Clothing Store LLC,"156 Main St, New York, AZ 27164"
7484,Coffee Shop Group,"505 Main St, Houston, TX 19042"
7485,Pharmacy Corp,"755 Main St, Houston, AZ 33590"
7486,Electronics Store LLC,"107 Main St, Phoenix, CA 79848"
7487,Electronics Store LLC,"466 Main St, New York, IL 69379"
7488,Coffee Shop Corp,"684 Main St, Phoenix, NY 37028"
7489,Pharmacy Corp,"531 Main St, Phoenix, AZ 10815"
7490,Grocery Store Group,"778 Main St, Los Angeles, IL 40655"
7491,Pharmacy LLC,"546 Main St, Los Angeles, NY 89097"
7492,Clothing Store Group,"254 Main St, Los Angeles, AZ 14721"
7493,Coffee Shop Inc,"633 Main St, New York, NY 39122"
7494,Hotel LLC,"853 Main St, Chicago, CA 44257"
7495,Pharmacy Corp,"517 Main St, Houston, CA 57953"
7496,Restaurant LLC,"955 Main St, New York, AZ 57537"
7497,Restaurant LLC,"183 Main St, Phoenix, CA 31283"
7498,Gas Station Co,"252 Main St, New York, IL 81922"
7499,Retail Store Corp,"144 Main St, Houston, AZ 34044"
7500,Electronics Store Corp,"885 Main St, New York, NY 60722"
7501,Clothing Store Group,"628 Main St, Houston, NY 36864"
7502,Electronics Store Group,"903 Main St, Houston, TX 24050"
7503,Restaurant Co,"591 Main St, Chicago, AZ 80627"
7504,Clothing Store LLC,"917 Main St, New York, TX 79725"
7505,Pharmacy Inc,"471 Main St, Los Angeles, AZ 21277"
7506,Retail Store Inc,"689 Main St, Houston, CA 55072"
7507,Electronics Store LLC,"754 Main St, Houston, CA 96316"
7508,Pharmacy LLC,"556 Main St, Phoenix, TX 82532"
7509,Electronics Store Group,"119 Main St, Houston, CA 27987"
7510,Restaurant LLC,"743 Main St, Los Angeles, CA 94166"
7511,Hotel LLC,"885 Main St, Houston, AZ 76705"
7512,Gas Station Group,"749 Main St, Los Angeles, AZ 82105"
7513,Coffee Shop Co,"198 Main St, Los Angeles, TX 93966"
7514,Gas Station Group,"906 Main St, Houston, TX 22066"
7515,Grocery Store Group,"675 Main St, Los Angeles, NY 33327"
7516,Electronics Store Co,"782 Main St, New York, TX 95348"
7517,Hotel Corp,"957 Main St, Houston, IL 47008"
7518,Grocery Store Group,"299 Main St, Los Angeles, AZ 97982"
7519,Electronics Store Corp,"277 Main St, New York, NY 50173"
7520,Pharmacy Group,"844 Main St, Phoenix, IL 14888"
7521,Coffee Shop Group,"490 Main St, Los Angeles, IL 47168"
7522,Pharmacy Inc,"125 Main St, New York, AZ 69549"
7523,Electronics Store Corp,"469 Main St, Phoenix, NY 65693"
7524,Pharmacy Co,"336 Main St, Phoenix, CA 97733"
7525,Grocery Store Group,"639 Main St, Phoenix, NY 76541"
7526,Electronics Store Corp,"317 Main St, New York, TX 52657"
7527,Restaurant Group,"634 Main St, Houston, CA 14404"
7528,Retail Store Group,"666 Main St, Houston, IL 60070"
7529,Hotel Corp,"181 Main St, Phoenix, NY 80431"
7530,Hotel LLC,"767 Main St, Los Angeles, CA 77687"
7531,Hotel Group,"727 Main St, Houston, CA 68716"
7532,Gas Station LLC,"588 Main St, Houston, CA 47067"
7533,Pharmacy Inc,"384 Main St, Phoenix, NY 69570"
7534,Hotel Inc,"618 Main St, New York, IL 51674"
7535,Clothing Store Co,"310 Main St, Chicago, CA 31599"
7536,Hotel LLC,"698 Main St, New York, NY 31995"
7537,Hotel LLC,"761 Main St, Phoenix, AZ 80376"
7538,Grocery Store Inc,"962 Main St, Chicago, TX 43041"
7539,Pharmacy Group,"600 Main St, Los Angeles, TX 14303"
7540,Retail Store LLC,"964 Main St, Los Angeles, AZ 82642"
7541,Coffee Shop Group,"610 Main St, Chicago, AZ 82787"
7542,Hotel Co,"227 Main St, Houston, TX 31910"
7543,Hotel Group,"320 Main St, Phoenix, NY 80911"
7544,Coffee Shop Corp,"786 Main St, Los Angeles, IL 98343"
7545,Restaurant Inc,"882 Main St, Phoenix, CA 12170"
7546,Electronics Store Co,"969 Main St, Los Angeles, TX 19702"
7547,Electronics Store Inc,"634 Main St, New York, NY 32823"
7548,Electronics Store Corp,"352 Main St, Los Angeles, AZ 26543"
7549,Retail Store Group,"467 Main St, Houston, CA 76371"
7550,Gas Station LLC,"221 Main St, Chicago, IL 27898"
7551,Restaurant Corp,"960 Main St, Los Angeles, TX 38572"
7552,Electronics Store Co,"657 Main St, Chicago, NY 45388"
7553,Electronics Store Co,"801 Main St, New York, TX 86090"
7554,Restaurant Co,"433 Main St, Chicago, AZ 47687"
7555,Coffee Shop Inc,"729 Main St, Houston, AZ 84963"
7556,Clothing Store LLC,"272 Main St, Chicago, IL 61290"
7557,Grocery Store Corp,"658 Main St, New York, CA 15746"
7558,Clothing Store Co,"939 Main St, Los Angeles, IL 56717"
7559,Gas Station Corp,"854 Main St, New York, CA 32494"
7560,Electronics Store LLC,"684 Main St, Phoenix, IL 66240"
7561,Clothing Store LLC,"757 Main St, Los Angeles, AZ 90241"
7562,Gas Station Co,"350 Main St, Phoenix, TX 84104"
7563,Pharmacy Inc,"716 Main St, New York, AZ 34249"
7564,Gas Station Group,"896 Main St, Los Angeles, TX 72854"
7565,Grocery Store Group,"533 Main St, Chicago, CA 59654"
7566,Restaurant Co,"745 Main St, Phoenix, NY 28192"
7567,Pharmacy Co,"786 Main St, Los Angeles, CA 66755"
7568,Pharmacy Co,"402 Main St, Phoenix, NY 37611"
7569,Grocery Store Group,"108 Main St, Los Angeles, NY 32286"
7570,Pharmacy LLC,"593 Main St, New York, NY 65364"
7571,Restaurant Corp,"739 Main St, New York, TX 82523"
7572,Hotel Inc,"866 Main St, Chicago, CA 65521"
7573,Hotel Inc,"332 Main St, New York, CA 86177"
7574,Gas Station Corp,"197 Main St, Los Angeles, NY 13736"
7575,Clothing Store Group,"239 Main St, Houston, AZ 66514"
7576,Restaurant Group,"544 Main St, New York, TX 88262"
7577,Retail Store Co,"782 Main St, Los Angeles, AZ 15892"
7578,Hotel Corp,"446 Main St, New York, AZ 10986"
7579,Retail Store LLC,"606 Main St, Phoenix, TX 48991"
7580,Hotel Corp,"749 Main St, New York, IL 64944"
7581,Gas Station LLC,"142 Main St, New York, CA 71897"
7582,Clothing Store Corp,"859 Main St, Houston, IL 11176"
7583,Retail Store Co,"701 Main St, Los Angeles, NY 81505"
7584,Hotel LLC,"362 Main St, Houston, AZ 47361"
7585,Hotel Co,"189 Main St, Phoenix, TX 90143"
7586,Gas Station Corp,"441 Main St, Chicago, AZ 43909"
7587,Coffee Shop Corp,"656 Main St, Houston, NY 41585"
7588,Hotel Corp,"578 Main St, New York, TX 70623"
7589,Retail Store LLC,"440 Main St, Chicago, NY 28185"
7590,Hotel Group,"447 Main St, Chicago, IL 98013"
7591,Hotel Corp,"875 Main St, Phoenix, AZ 40007"
7592,Retail Store Corp,"780 Main St, Phoenix, AZ 70434"
7593,Retail Store Corp,"935 Main St, Chicago, IL 14680"
7594,Restaurant Group,"266 Main St, New York, CA 23244"
7595,Hotel Group,"409 Main St, New York, IL 47456"
7596,Clothing Store Inc,"872 Main St, Los Angeles, AZ 54828"
7597,Clothing Store Group,"320 Main St, Phoenix, IL 40610"
7598,Coffee Shop Group,"824 Main St, Los Angeles, CA 41862"
7599,Grocery Store LLC,"168 Main St, New York, IL 72767"
7600,Pharmacy Corp,"567 Main St, Chicago, NY 54273"
7601,Electronics Store LLC,"458 Main St, Phoenix, AZ 52798"
7602,Retail Store Corp,"479 Main St, Chicago, CA 99031"
7603,Restaurant Inc,"362 Main St, Houston, CA 46504"
7604,Gas Station Corp,"873 Main St, Los Angeles, IL 46066"
7605,Restaurant LLC,"728 Main St, Phoenix, CA 62880"
7606,Grocery Store Co,"482 Main St, Los Angeles, CA 38075"
7607,Clothing Store Co,"175 Main St, Los Angeles, IL 48222"
7608,Restaurant Corp,"334 Main St, Houston, NY 45777"
7609,Electronics Store LLC,"516 Main St, Houston, AZ 33306"
7610,Gas Station Co,"975 Main St, Los Angeles, NY 31152"
7611,Hotel Co,"497 Main St, Chicago, AZ 93873"
7612,Pharmacy Inc,"826 Main St, Houston, CA 45459"
7613,Clothing Store Group,"430 Main St, Phoenix, NY 57136"
7614,Grocery Store LLC,"183 Main St, Chicago, TX 33682"
7615,Coffee Shop Corp,"829 Main St, Los Angeles, CA 14045"
7616,Restaurant Inc,"402 Main St, New York, CA 30553"
7617,Grocery Store Inc,"102 Main St, Phoenix, NY 76413"
7618,Electronics Store Co,"917 Main St, Chicago, AZ 99094"
7619,Electronics Store Corp,"461 Main St, Chicago, IL 86139"
7620,Pharmacy Inc,"284 Main St, Phoenix, NY 55688"
7621,Electronics Store Corp,"835 Main St, Los Angeles, NY 49607"
7622,Coffee Shop Group,"830 Main St, New York, CA 73029"
7623,Retail Store Corp,"182 Main St, New York, IL 57997"
7624,Coffee Shop Group,"980 Main St, New York, CA 57296"
7625,Grocery Store LLC,"894 Main St, New York, AZ 99700"
7626,Pharmacy LLC,"486 Main St, Phoenix, CA 36884"
7627,Clothing Store Inc,"895 Main St, Los Angeles, IL 98722"
7628,Hotel LLC,"281 Main St, Phoenix, CA 65076"
7629,Gas Station LLC,"404 Main St, New York, CA 29579"
7630,Electronics Store Corp,"647 Main St, Chicago, IL 40558"
7631,Clothing Store Group,"761 Main St, Chicago, CA 33084"
7632,Retail Store Inc,"867 Main St, Los Angeles, AZ 41389"
7633,Coffee Shop Group,"579 Main St, Chicago, NY 25941"
7634,Coffee Shop Group,"149 Main St, Chicago, AZ 24742"
7635,Restaurant Group,"603 Main St, Phoenix, IL 58785"
7636,Electronics Store Group,"617 Main St, Chicago, IL 24251"
7637,Grocery Store Corp,"533 Main St, Los Angeles, IL 87363"
7638,Grocery Store Inc,"302 Main St, Houston, NY 65039"
7639,Coffee Shop Group,"464 Main St, New York, NY 16271"
7640,Retail Store LLC,"480 Main St, Los Angeles, IL 43327"
7641,Electronics Store Inc,"907 Main St, New York, TX 32844"
7642,Grocery Store Corp,"835 Main St, Los Angeles, TX 78270"
7643,Hotel Inc,"599 Main St, Chicago, TX 78130"
7644,Hotel LLC,"156 Main St, Los Angeles, NY 73823"
7645,Clothing Store Co,"783 Main St, Phoenix, IL 15390"
7646,Retail Store Co,"179 Main St, Chicago, IL 28592"
7647,Coffee Shop Co,"315 Main St, New York, IL 72968"
7648,Electronics Store Corp,"867 Main St, Houston, NY 65060"
7649,Restaurant Co,"167 Main St, Phoenix, AZ 93218"
7650,Restaurant LLC,"684 Main St, Phoenix, CA 18474"
7651,Restaurant Group,"177 Main St, Houston, NY 17542"
7652,Pharmacy Co,"850 Main St, Phoenix, CA 20476"
7653,Clothing Store LLC,"164 Main St, New York, NY 48482"
7654,Clothing Store Co,"958 Main St, New York, NY 96654"
7655,Grocery Store Co,"982 Main St, Houston, AZ 64040"
7656,Hotel Corp,"234 Main St, Phoenix, NY 98321"
7657,Pharmacy Group,"448 Main St, Phoenix, AZ 29036"
7658,Grocery Store Group,"948 Main St, Phoenix, IL 99557"
7659,Hotel Corp,"956 Main St, New York, IL 68074"
7660,Hotel Corp,"890 Main St, Los Angeles, NY 42073"
7661,Retail Store LLC,"548 Main St, Chicago, NY 61652"
7662,Clothing Store LLC,"798 Main St, Los Angeles, IL 89380"
7663,Grocery Store Group,"286 Main St, Houston, AZ 23054"
7664,Grocery Store Inc,"992 Main St, Chicago, IL 15584"
7665,Hotel Co,"248 Main St, Phoenix, AZ 58965"
7666,Retail Store Corp,"713 Main St, Los Angeles, NY 75463"
7667,Grocery Store Group,"602 Main St, Los Angeles, AZ 94633"
7668,Electronics Store Group,"825 Main St, New York, TX 77077"
7669,Hotel Co,"392 Main St, Los Angeles, AZ 36507"
7670,Electronics Store Inc,"241 Main St, Houston, AZ 24196"
7671,Electronics Store Inc,"144 Main St, New York, CA 98145"
7672,Coffee Shop Corp,"351 Main St, Houston, CA 85756"
7673,Hotel Group,"318 Main St, Phoenix, NY 80264"
7674,Restaurant Co,"861 Main St, Chicago, IL 83787"
7675,Pharmacy LLC,"180 Main St, Chicago, TX 44002"
7676,Hotel LLC,"982 Main St, Los Angeles, AZ 41300"
7677,Restaurant Corp,"298 Main St, New York, TX 57727"
7678,Coffee Shop Group,"723 Main St, Phoenix, IL 82615"
7679,Clothing Store Group,"336 Main St, Houston, CA 15191"
7680,Pharmacy Co,"607 Main St, Houston, TX 58708"
7681,Gas Station LLC,"322 Main St, Houston, NY 52935"
7682,Clothing Store Co,"567 Main St, Chicago, CA 29368"
7683,Electronics Store Inc,"545 Main St, New York, NY 74074"
7684,Pharmacy Group,"826 Main St, New York, NY 40153"
7685,Hotel Group,"984 Main St, New York, TX 55909"
7686,Retail Store Group,"678 Main St, Phoenix, IL 75500"
7687,Clothing Store LLC,"667 Main St, Phoenix, AZ 47002"
7688,Grocery Store Group,"165 Main St, Phoenix, IL 78933"
7689,Grocery Store Corp,"572 Main St, Houston, NY 34551"
7690,Restaurant Inc,"800 Main St, Houston, AZ 69533"
7691,Clothing Store Inc,"401 Main St, Los Angeles, TX 53115"
7692,Grocery Store Inc,"665 Main St, New York, AZ 24706"
7693,Gas Station Group,"742 Main St, New York, NY 21983"
7694,Retail Store Inc,"660 Main St, Houston, NY 70238"
7695,Clothing Store Co,"273 Main St, Phoenix, IL 97442"
7696,Pharmacy Co,"701 Main St, New York, NY 41258"
7697,Grocery Store Group,"139 Main St, Phoenix, NY 60221"
7698,Grocery Store Corp,"948 Main St, Los Angeles, TX 38306"
7699,Restaurant LLC,"191 Main St, Houston, IL 22170"
7700,Pharmacy Corp,"963 Main St, Chicago, NY 79095"
7701,Electronics Store LLC,"533 Main St, Phoenix, TX 18711"
7702,Clothing Store Corp,"588 Main St, Phoenix, CA 79597"
7703,Gas Station Corp,"466 Main St, New York, TX 96784"
7704,Retail Store LLC,"516 Main St, Phoenix, AZ 23226"
7705,Restaurant Group,"581 Main St, Chicago, NY 37023"
7706,Retail Store Group,"950 Main St, New York, AZ 13401"
7707,Grocery Store LLC,"117 Main St, New York, NY 45504"
7708,Electronics Store Co,"682 Main St, Phoenix, CA 68098"
7709,Clothing Store Co,"873 Main St, Houston, CA 32678"
7710,Restaurant Co,"723 Main St, Houston, TX 78163"
7711,Gas Station LLC,"825 Main St, Houston, AZ 93119"
7712,Restaurant Inc,"850 Main St, New York, CA 46103"
7713,Coffee Shop Inc,"192 Main St, Phoenix, TX 56853"
7714,Pharmacy Co,"704 Main St, Phoenix, IL 87947"
7715,Gas Station Inc,"891 Main St, Los Angeles, AZ 62318"
7716,Coffee Shop Inc,"155 Main St, Houston, NY 94706"
7717,Retail Store Group,"236 Main St, Houston, NY 12238"
7718,Retail Store Corp,"167 Main St, Houston, AZ 67974"
7719,Retail Store Corp,"493 Main St, New York, NY 69857"
7720,Gas Station Corp,"359 Main St, New York, CA 34344"
7721,Electronics Store Corp,"650 Main St, Houston, TX 10519"
7722,Gas Station Group,"486 Main St, New York, CA 21721"
7723,Gas Station Inc,"376 Main St, Los Angeles, IL 71218"
7724,Grocery Store Co,"329 Main St, Houston, AZ 17180"
7725,Electronics Store Group,"687 Main St, Houston, TX 34908"
7726,Retail Store Corp,"949 Main St, Los Angeles, TX 80508"
7727,Gas Station Group,"536 Main St, Phoenix, IL 71025"
7728,Coffee Shop Group,"178 Main St, Houston, IL 98951"
7729,Electronics Store Group,"451 Main St, Houston, CA 10964"
7730,Coffee Shop Inc,"591 Main St, Los Angeles, AZ 12843"
7731,Retail Store Inc,"416 Main St, Chicago, TX 22193"
7732,Grocery Store Group,"183 Main St, New York, IL 84476"
7733,Pharmacy Inc,"437 Main St, Houston, TX 22956"
7734,Grocery Store Co,"255 Main St, Phoenix, IL 15581"
7735,Gas Station Corp,"316 Main St, Los Angeles, AZ 55043"
7736,Restaurant Co,"402 Main St, Phoenix, NY 13223"
7737,Pharmacy LLC,"582 Main St, New York, IL 20559"
7738,Coffee Shop Co,"650 Main St, Houston, AZ 44159"
7739,Electronics Store Corp,"165 Main St, Phoenix, NY 60844"
7740,Electronics Store LLC,"575 Main St, Los Angeles, TX 12534"
7741,Gas Station Inc,"343 Main St, Chicago, IL 68992"
7742,Restaurant Group,"138 Main St, Houston, AZ 86860"
7743,Hotel Corp,"828 Main St, Los Angeles, CA 21117"
7744,Hotel LLC,"831 Main St, Houston, AZ 48287"
7745,Pharmacy Group,"813 Main St, Chicago, NY 61793"
7746,Hotel LLC,"362 Main St, Chicago, NY 84567"
7747,Retail Store Group,"351 Main St, Houston, AZ 98107"
7748,Retail Store Corp,"788 Main St, New York, NY 48291"
7749,Pharmacy Group,"442 Main St, Chicago, IL 46802"
7750,Clothing Store Inc,"965 Main St, New York, IL 83697"
7751,Hotel Corp,"854 Main St, Phoenix, AZ 41347"
7752,Gas Station LLC,"253 Main St, Chicago, NY 50061"
7753,Retail Store LLC,"986 Main St, Phoenix, IL 78009"
7754,Clothing Store LLC,"588 Main St, Houston, TX 10360"
7755,Restaurant Group,"238 Main St, New York, AZ 73032"
7756,Clothing Store Co,"616 Main St, Los Angeles, NY 19788"
7757,Pharmacy Inc,"125 Main St, Los Angeles, CA 60102"
7758,Restaurant Corp,"718 Main St, Chicago, NY 87428"
7759,Clothing Store Co,"758 Main St, Houston, NY 33558"
7760,Pharmacy Group,"174 Main St, Chicago, TX 25774"
7761,Coffee Shop Group,"346 Main St, New York, NY 74694"
7762,Electronics Store Corp,"995 Main St, Phoenix, NY 95285"
7763,Clothing Store Inc,"272 Main St, Phoenix, NY 13265"
7764,Gas Station Inc,"607 Main St, Los Angeles, IL 59555"
7765,Clothing Store Co,"854 Main St, New York, TX 76093"
7766,Coffee Shop Group,"593 Main St, New York, CA 66336"
7767,Pharmacy Corp,"969 Main St, New York, TX 65358"
7768,Electronics Store LLC,"306 Main St, New York, CA 30495"
7769,Grocery Store LLC,"459 Main St, Phoenix, NY 83833"
7770,Coffee Shop Co,"675 Main St, New York, AZ 31466"
7771,Coffee Shop Corp,"248 Main St, Los Angeles, TX 39900"
7772,Hotel LLC,"154 Main St, Chicago, TX 81386"
7773,Clothing Store LLC,"783 Main St, Houston, TX 98060"
7774,Restaurant Corp,"638 Main St, Phoenix, NY 58296"
7775,Hotel Corp,"909 Main St, Phoenix, CA 32337"
7776,Clothing Store Inc,"794 Main St, Chicago, CA 37782"
7777,Hotel Corp,"535 Main St, Los Angeles, TX 17129"
7778,Clothing Store Group,"792 Main St, Chicago, TX 78171"
7779,Hotel Co,"754 Main St, Houston, TX 82693"
7780,Restaurant Corp,"723 Main St, Phoenix, TX 19413"
7781,Grocery Store Group,"253 Main St, Phoenix, NY 71631"
7782,Coffee Shop LLC,"156 Main St, Los Angeles, TX 41962"
7783,Grocery Store Co,"281 Main St, New York, TX 30119"
7784,Grocery Store Group,"502 Main St, Los Angeles, TX 81831"
7785,Pharmacy LLC,"689 Main St, Houston, IL 95862"
7786,Coffee Shop Corp,"829 Main St, New York, AZ 41935"
7787,Gas Station Inc,"783 Main St, Houston, IL 90625"
7788,Restaurant LLC,"599 Main St, New York, NY 33681"
7789,Hotel Inc,"107 Main St, New York, CA 94761"
7790,Coffee Shop LLC,"330 Main St, Houston, AZ 16287"
7791,Clothing Store Inc,"215 Main St, New York, CA 91520"
7792,Pharmacy Inc,"359 Main St, New York, NY 86311"
7793,Electronics Store Co,"312 Main St, Los Angeles, AZ 39238"
7794,Restaurant Group,"903 Main St, Houston, CA 91792"
7795,Restaurant Corp,"566 Main St, Houston, CA 20808"
7796,Coffee Shop Inc,"985 Main St, Los Angeles, TX 95250"
7797,Clothing Store Corp,"273 Main St, Phoenix, IL 52820"
7798,Hotel Group,"392 Main St, Houston, TX 75317"
7799,Grocery Store Co,"589 Main St, New York, NY 76170"
7800,Restaurant Inc,"182 Main St, Houston, NY 46302"
7801,Electronics Store Corp,"726 Main St, New York, TX 89072"
7802,Coffee Shop Group,"531 Main St, Phoenix, AZ 28656"
7803,Retail Store Corp,"638 Main St, Phoenix, NY 19547"
7804,Restaurant Inc,"307 Main St, Los Angeles, CA 20459"
7805,Coffee Shop Corp,"672 Main St, Houston, NY 31361"
7806,Retail Store Corp,"589 Main St, Phoenix, AZ 89303"
7807,Electronics Store Corp,"220 Main St, Chicago, NY 45339"
7808,Coffee Shop LLC,"573 Main St, Phoenix, IL 85653"
7809,Hotel LLC,"800 Main St, Houston, CA 85445"
7810,Hotel Corp,"678 Main St, New York, IL 31029"
7811,Grocery Store Inc,"158 Main St, New York, AZ 58461"
7812,Restaurant Group,"611 Main St, New York, NY 30344"
7813,Clothing Store Inc,"107 Main St, New York, AZ 63647"
7814,Clothing Store Group,"612 Main St, Houston, NY 62135"
7815,Electronics Store LLC,"606 Main St, Houston, NY 55484"
7816,Clothing Store LLC,"248 Main St, Houston, NY 14291"
7817,Coffee Shop LLC,"533 Main St, Phoenix, AZ 28278"
7818,Restaurant Group,"892 Main St, New York, NY 18065"
7819,Gas Station LLC,"778 Main St, Houston, TX 14181"
7820,Clothing Store Group,"393 Main St, New York, NY 57699"
7821,Restaurant Corp,"271 Main St, Los Angeles, CA 39707"
7822,Electronics Store Corp,"991 Main St, Los Angeles, IL 15247"
7823,Electronics Store Group,"209 Main St, Phoenix, NY 74362"
7824,Coffee Shop Inc,"218 Main St, New York, TX 98829"
7825,Electronics Store Group,"433 Main St, Houston, AZ 81466"
7826,Electronics Store Corp,"599 Main St, Chicago, CA 33927"
7827,Clothing Store Corp,"106 Main St, Chicago, AZ 49835"
7828,Retail Store LLC,"659 Main St, Phoenix, NY 70608"
7829,Gas Station Inc,"632 Main St, Los Angeles, IL 23842"
7830,Retail Store Inc,"260 Main St, Houston, TX 83540"
7831,Clothing Store Group,"373 Main St, Chicago, AZ 27112"
7832,Retail Store Group,"411 Main St, Chicago, AZ 23962"
7833,Clothing Store Corp,"555 Main St, Phoenix, AZ 82235"
7834,Retail Store Group,"160 Main St, Phoenix, IL 91216"
7835,Restaurant Corp,"747 Main St, Phoenix, AZ 39663"
7836,Coffee Shop LLC,"946 Main St, Houston, TX 64241"
7837,Grocery Store LLC,"177 Main St, Los Angeles, AZ 12753"
7838,Electronics Store LLC,"246 Main St, Chicago, NY 15557"
7839,Restaurant Group,"667 Main St, Chicago, NY 34850"
7840,Restaurant Group,"219 Main St, Chicago, CA 59145"
7841,Coffee Shop Inc,"406 Main St, Los Angeles, TX 57858"
7842,Clothing Store Inc,"807 Main St, Los Angeles, CA 70696"
7843,Coffee Shop LLC,"422 Main St, Los Angeles, TX 47648"
7844,Pharmacy Corp,"384 Main St, Houston, CA 17116"
7845,Pharmacy Corp,"878 Main St, Phoenix, NY 70469"
7846,Grocery Store Group,"486 Main St, Chicago, CA 16572"
7847,Pharmacy LLC,"678 Main St, Houston, CA 13083"
7848,Coffee Shop Inc,"552 Main St, Phoenix, TX 29522"
7849,Coffee Shop Inc,"488 Main St, Los Angeles, CA 54060"
7850,Pharmacy Corp,"775 Main St, Houston, TX 70909"
7851,Hotel Group,"765 Main St, New York, IL 24877"
7852,Restaurant Inc,"900 Main St, Phoenix, CA 26818"
7853,Grocery Store Corp,"175 Main St, Houston, IL 17394"
7854,Electronics Store Corp,"805 Main St, Chicago, IL 76194"
7855,Grocery Store Corp,"759 Main St, Los Angeles, NY 61640"
7856,Pharmacy Co,"389 Main St, New York, AZ 53441"
7857,Gas Station Corp,"789 Main St, Phoenix, NY 98408"
7858,Clothing Store Co,"812 Main St, Chicago, IL 94880"
7859,Restaurant LLC,"781 Main St, Houston, TX 93588"
7860,Grocery Store Co,"435 Main St, Los Angeles, CA 95363"
7861,Retail Store Group,"603 Main St, Phoenix, IL 22832"
7862,Electronics Store Corp,"905 Main St, Los Angeles, AZ 17692"
7863,Electronics Store LLC,"436 Main St, New York, CA 84371"
7864,Coffee Shop LLC,"254 Main St, Phoenix, IL 76184"
7865,Electronics Store Group,"760 Main St, Los Angeles, CA 15157"
7866,Electronics Store Co,"768 Main St, Los Angeles, AZ 75154"
7867,Clothing Store Corp,"663 Main St, Chicago, TX 87311"
7868,Grocery Store Group,"580 Main St, Chicago, AZ 49660"
7869,Retail Store Co,"649 Main St, Chicago, CA 85175"
7870,Coffee Shop Inc,"876 Main St, Phoenix, AZ 60791"
7871,Gas Station LLC,"571 Main St, Houston, AZ 44814"
7872,Electronics Store LLC,"868 Main St, Houston, IL 96998"
7873,Coffee Shop Inc,"205 Main St, Phoenix, TX 19856"
7874,Retail Store Group,"679 Main St, Los Angeles, TX 93414"
7875,Hotel LLC,"133 Main St, Los Angeles, AZ 89082"
7876,Grocery Store Corp,"199 Main St, New York, NY 21632"
7877,Clothing Store LLC,"986 Main St, New York, TX 56030"
7878,Retail Store Inc,"313 Main St, Chicago, IL 58073"
7879,Retail Store LLC,"387 Main St, Los Angeles, AZ 20555"
7880,Grocery Store Inc,"595 Main St, Houston, TX 42730"
7881,Retail Store Co,"422 Main St, New York, CA 42505"
7882,Grocery Store LLC,"252 Main St, Chicago, TX 88829"
7883,Hotel Corp,"145 Main St, Phoenix, CA 89394"
7884,Restaurant LLC,"376 Main St, Chicago, TX 71831"
7885,Restaurant Corp,"135 Main St, Phoenix, AZ 31995"
7886,Restaurant Co,"460 Main St, Chicago, AZ 42479"
7887,Hotel Group,"812 Main St, Phoenix, CA 13119"
7888,Retail Store Corp,"693 Main St, Los Angeles, TX 53316"
7889,Hotel Group,"655 Main St, Chicago, CA 73873"
7890,Gas Station LLC,"504 Main St, Phoenix, NY 89704"
7891,Electronics Store LLC,"766 Main St, Phoenix, NY 96384"
7892,Hotel Inc,"671 Main St, Los Angeles, NY 89870"
7893,Coffee Shop LLC,"969 Main St, Chicago, NY 46638"
7894,Gas Station Group,"678 Main St, New York, CA 37994"
7895,Restaurant Inc,"657 Main St, Phoenix, TX 79589"
7896,Clothing Store Corp,"717 Main St, Los Angeles, CA 75117"
7897,Retail Store Co,"576 Main St, Houston, NY 94959"
7898,Clothing Store Corp,"894 Main St, Houston, AZ 68859"
7899,Clothing Store Co,"319 Main St, Houston, NY 84046"
7900,Retail Store Co,"570 Main St, Los Angeles, NY 46445"
7901,Hotel LLC,"663 Main St, Houston, TX 22919"
7902,Grocery Store Corp,"103 Main St, Los Angeles, CA 64488"
7903,Gas Station Co,"602 Main St, Chicago, IL 88882"
7904,Gas Station Co,"334 Main St, Los Angeles, IL 21572"
7905,Gas Station LLC,"482 Main St, Los Angeles, CA 49094"
7906,Coffee Shop Corp,"660 Main St, Chicago, IL 95641"
7907,Clothing Store Co,"727 Main St, Phoenix, NY 46011"
7908,Coffee Shop Group,"390 Main St, Phoenix, CA 42205"
7909,Pharmacy LLC,"675 Main St, Los Angeles, AZ 82200"
7910,Restaurant Inc,"828 Main St, Los Angeles, NY 94656"
7911,Electronics Store Corp,"652 Main St, Houston, TX 86203"
7912,Grocery Store Group,"475 Main St, Phoenix, IL 76242"
7913,Coffee Shop Corp,"547 Main St, Chicago, NY 69290"
7914,Pharmacy Corp,"767 Main St, New York, NY 39464"
7915,Coffee Shop Corp,"577 Main St, Phoenix, AZ 27293"
7916,Restaurant LLC,"704 Main St, Houston, IL 88819"
7917,Coffee Shop Corp,"601 Main St, Chicago, IL 90578"
7918,Restaurant Co,"539 Main St, Los Angeles, TX 16261"
7919,Pharmacy Co,"370 Main St, Houston, NY 33412"
7920,Coffee Shop Corp,"165 Main St, New York, AZ 83596"
7921,Grocery Store Inc,"542 Main St, Chicago, NY 18292"
7922,Clothing Store Group,"235 Main St, Phoenix, IL 72661"
7923,Hotel LLC,"740 Main St, Houston, IL 87869"
7924,Gas Station LLC,"730 Main St, Houston, TX 22898"
7925,Pharmacy LLC,"986 Main St, Houston, TX 38688"
7926,Retail Store Inc,"124 Main St, Houston, TX 39878"
7927,Retail Store Inc,"250 Main St, Houston, IL 17877"
7928,Coffee Shop Group,"364 Main St, Chicago, TX 58063"
7929,Retail Store Corp,"986 Main St, Houston, IL 39012"
7930,Clothing Store Inc,"798 Main St, Phoenix, TX 52875"
7931,Pharmacy Co,"686 Main St, Houston, CA 42268"
7932,Grocery Store Group,"709 Main St, Los Angeles, TX 53590"
7933,Clothing Store Inc,"317 Main St, Houston, AZ 48676"
7934,Pharmacy LLC,"559 Main St, Phoenix, TX 93529"
7935,Electronics Store LLC,"993 Main St, Phoenix, TX 96797"
7936,Retail Store LLC,"202 Main St, Houston, TX 92451"
7937,Pharmacy Group,"623 Main St, Houston, CA 79389"
7938,Electronics Store LLC,"145 Main St, Houston, CA 44523"
7939,Clothing Store Inc,"914 Main St, New York, CA 57711"
7940,Retail Store LLC,"202 Main St, Los Angeles, TX 87312"
7941,Pharmacy Inc,"176 Main St, Houston, CA 11558"
7942,Clothing Store Group,"207 Main St, Phoenix, TX 77020"
7943,Clothing Store Group,"993 Main St, Houston, AZ 48165"
7944,Grocery Store LLC,"151 Main St, Los Angeles, IL 17084"
7945,Pharmacy Inc,"858 Main St, Chicago, CA 73727"
7946,Pharmacy Group,"775 Main St, New York, IL 73420"
7947,Restaurant LLC,"641 Main St, New York, IL 39586"
7948,Retail Store LLC,"326 Main St, Chicago, IL 82069"
7949,Retail Store Co,"881 Main St, Los Angeles, TX 70324"
7950,Restaurant Group,"495 Main St, Los Angeles, NY 89846"
7951,Electronics Store Co,"808 Main St, Chicago, CA 75307"
7952,Electronics Store Inc,"821 Main St, Los Angeles, TX 27904"
7953,Hotel Group,"844 Main St, New York, IL 72864"
7954,Retail Store Inc,"782 Main St, Phoenix, TX 14588"
7955,Retail Store LLC,"913 Main St, Los Angeles, AZ 69335"
7956,Gas Station Corp,"898 Main St, Chicago, CA 58490"
7957,Clothing Store Inc,"675 Main St, Chicago, TX 30319"
7958,Pharmacy Inc,"349 Main St, Chicago, AZ 96378"
7959,Pharmacy Co,"773 Main St, Phoenix, IL 87284"
7960,Gas Station Inc,"398 Main St, Chicago, TX 54717"
7961,Grocery Store Co,"481 Main St, New York, CA 79062"
7962,Electronics Store Co,"119 Main St, Los Angeles, TX 24475"
7963,Coffee Shop Inc,"544 Main St, Los Angeles, CA 19719"
7964,Restaurant Inc,"443 Main St, Houston, IL 12156"
7965,Electronics Store LLC,"859 Main St, Houston, IL 42096"
7966,Retail Store Group,"603 Main St, Houston, TX 83878"
7967,Electronics Store Co,"739 Main St, New York, AZ 32459"
7968,Pharmacy Corp,"833 Main St, Houston, CA 12038"
7969,Retail Store Group,"784 Main St, Houston, NY 17569"
7970,Retail Store LLC,"875 Main St, Houston, IL 22749"
7971,Clothing Store Inc,"678 Main St, New York, AZ 19553"
7972,Pharmacy LLC,"510 Main St, Houston, TX 30455"
7973,Coffee Shop Corp,"743 Main St, Phoenix, IL 91211"
7974,Gas Station Co,"657 Main St, Chicago, CA 23585"
7975,Grocery Store LLC,"846 Main St, Los Angeles, AZ 90843"
7976,Hotel Co,"639 Main St, Houston, NY 52401"
7977,Retail Store Group,"604 Main St, Chicago, AZ 89400"
7978,Grocery Store Co,"895 Main St, Phoenix, CA 14265"
7979,Electronics Store Corp,"587 Main St, Chicago, NY 87837"
7980,Pharmacy Corp,"589 Main St, New York, IL 23021"
7981,Clothing Store Inc,"286 Main St, Phoenix, TX 21487"
7982,Coffee Shop Inc,"730 Main St, New York, AZ 73669"
7983,Pharmacy Group,"668 Main St, Los Angeles, IL 70075"
7984,Grocery Store Co,"836 Main St, Phoenix, AZ 73692"
7985,Coffee Shop LLC,"610 Main St, Los Angeles, IL 59387"
7986,Electronics Store Inc,"876 Main St, Chicago, NY 79178"
7987,Hotel Corp,"471 Main St, New York, IL 75809"
7988,Gas Station LLC,"685 Main St, Los Angeles, TX 49819"
7989,Clothing Store Co,"984 Main St, Houston, IL 60898"
7990,Electronics Store Inc,"876 Main St, Houston, CA 73632"
7991,Grocery Store Co,"579 Main St, New York, IL 61044"
7992,Electronics Store LLC,"307 Main St, Phoenix, NY 63384"
7993,Grocery Store Group,"589 Main St, Houston, NY 44148"
7994,Hotel Group,"855 Main St, Phoenix, AZ 46895"
7995,Hotel Group,"229 Main St, Phoenix, NY 73360"
7996,Electronics Store LLC,"407 Main St, Phoenix, TX 83967"
7997,Coffee Shop Co,"263 Main St, Phoenix, CA 80310"
7998,Electronics Store Co,"863 Main St, Houston, NY 99962"
7999,Gas Station LLC,"721 Main St, Phoenix, NY 39793"
8000,Clothing Store LLC,"472 Main St, Los Angeles, AZ 76975"
8001,Retail Store Corp,"248 Main St, Houston, NY 23846"
8002,Restaurant Corp,"551 Main St, Phoenix, CA 90045"
8003,Grocery Store Group,"655 Main St, Chicago, AZ 54628"
8004,Coffee Shop Group,"382 Main St, Houston, NY 27156"
8005,Restaurant Inc,"837 Main St, Houston, IL 78685"
8006,Gas Station LLC,"778 Main St, Los Angeles, NY 78411"
8007,Coffee Shop LLC,"507 Main St, Houston, CA 48881"
8008,Pharmacy Co,"757 Main St, Chicago, NY 32243"
8009,Hotel LLC,"167 Main St, Chicago, NY 45502"
8010,Retail Store Inc,"424 Main St, Los Angeles, IL 50699"
8011,Hotel Inc,"414 Main St, Chicago, CA 88300"
8012,Coffee Shop Corp,"513 Main St, Chicago, TX 35207"
8013,Gas Station Corp,"834 Main St, Houston, AZ 71427"
8014,Coffee Shop Co,"680 Main St, Los Angeles, AZ 13326"
8015,Clothing Store Group,"558 Main St, New York, NY 70908"
8016,Retail Store LLC,"115 Main St, New York, CA 70492"
8017,Clothing Store Group,"378 Main St, Houston, TX 82700"
8018,Electronics Store Group,"278 Main St, Los Angeles, CA 32211"
8019,Electronics Store Inc,"733 Main St, Chicago, IL 70091"
8020,Restaurant Group,"917 Main St, Chicago, AZ 37224"
8021,Clothing Store Group,"748 Main St, Phoenix, NY 49493"
8022,Clothing Store Corp,"347 Main St, Chicago, IL 50069"
8023,Pharmacy Corp,"574 Main St, Chicago, IL 90003"
8024,Grocery Store LLC,"296 Main St, New York, AZ 96118"
8025,Gas Station Co,"699 Main St, Chicago, CA 85490"
8026,Retail Store Inc,"493 Main St, Los Angeles, TX 22707"
8027,Clothing Store Inc,"898 Main St, Los Angeles, AZ 14251"
8028,Coffee Shop Inc,"360 Main St, Chicago, TX 26323"
8029,Coffee Shop Inc,"929 Main St, Phoenix, NY 74192"
8030,Retail Store Inc,"855 Main St, New York, AZ 67988"
8031,Hotel LLC,"759 Main St, Phoenix, CA 24246"
8032,Grocery Store Group,"299 Main St, Los Angeles, TX 48393"
8033,Gas Station Co,"759 Main St, New York, TX 14631"
8034,Coffee Shop Inc,"925 Main St, Phoenix, IL 80706"
8035,Electronics Store Corp,"967 Main St, Los Angeles, CA 77431"
8036,Gas Station Inc,"741 Main St, Houston, TX 43339"
8037,Pharmacy Inc,"543 Main St, Los Angeles, NY 31534"
8038,Coffee Shop Co,"627 Main St, Los Angeles, CA 88551"
8039,Gas Station Group,"950 Main St, Los Angeles, NY 83889"
8040,Clothing Store Corp,"570 Main St, Phoenix, TX 47817"
8041,Pharmacy Inc,"104 Main St, Chicago, AZ 54092"
8042,Restaurant Co,"967 Main St, Los Angeles, NY 83394"
8043,Grocery Store LLC,"111 Main St, Phoenix, IL 46236"
8044,Pharmacy Group,"994 Main St, Phoenix, TX 24783"
8045,Pharmacy Group,"671 Main St, New York, NY 91081"
8046,Grocery Store Group,"419 Main St, New York, IL 86576"
8047,Gas Station Corp,"144 Main St, Chicago, NY 21702"
8048,Pharmacy Corp,"390 Main St, Houston, TX 13287"
8049,Pharmacy Corp,"290 Main St, New York, IL 86151"
8050,Electronics Store Group,"207 Main St, Chicago, CA 90313"
8051,Clothing Store Co,"501 Main St, Phoenix, CA 96712"
8052,Restaurant Group,"943 Main St, Houston, TX 29808"
8053,Gas Station Group,"154 Main St, Chicago, AZ 51199"
8054,Retail Store Inc,"645 Main St, Chicago, NY 13003"
8055,Retail Store LLC,"429 Main St, Chicago, NY 63390"
8056,Hotel LLC,"317 Main St, Los Angeles, NY 47957"
8057,Clothing Store Inc,"200 Main St, Phoenix, IL 66805"
8058,Restaurant Inc,"443 Main St, Chicago, IL 25642"
8059,Clothing Store Inc,"960 Main St, Houston, NY 31928"
8060,Pharmacy Inc,"520 Main St, Phoenix, AZ 50525"
8061,Electronics Store Corp,"778 Main St, Chicago, TX 27511"
8062,Electronics Store Corp,"127 Main St, Chicago, NY 77744"
8063,Hotel LLC,"805 Main St, Los Angeles, NY 25431"
8064,Pharmacy LLC,"494 Main St, Houston, TX 24487"
8065,Coffee Shop Corp,"372 Main St, Phoenix, TX 55253"
8066,Clothing Store Inc,"567 Main St, Phoenix, AZ 71001"
8067,Clothing Store LLC,"349 Main St, Phoenix, NY 80481"
8068,Pharmacy Group,"436 Main St, Houston, IL 42395"
8069,Clothing Store Inc,"577 Main St, Los Angeles, IL 19682"
8070,Restaurant Inc,"897 Main St, Houston, IL 45126"
8071,Hotel Co,"832 Main St, Phoenix, IL 87977"
8072,Restaurant Inc,"701 Main St, Chicago, IL 21602"
8073,Clothing Store Co,"616 Main St, Phoenix, NY 59189"
8074,Gas Station Corp,"119 Main St, Houston, IL 11242"
8075,Retail Store Corp,"388 Main St, Phoenix, AZ 51469"
8076,Gas Station Group,"713 Main St, Houston, NY 22474"
8077,Pharmacy Co,"412 Main St, Phoenix, NY 79888"
8078,Clothing Store Corp,"758 Main St, Chicago, CA 57519"
8079,Gas Station Group,"229 Main St, Chicago, NY 22639"
8080,Pharmacy LLC,"712 Main St, Phoenix, IL 70967"
8081,Coffee Shop Co,"758 Main St, Phoenix, TX 77519"
8082,Grocery Store Inc,"857 Main St, Phoenix, AZ 12328"
8083,Retail Store LLC,"838 Main St, Phoenix, CA 64876"
8084,Clothing Store LLC,"164 Main St, Los Angeles, NY 70778"
8085,Clothing Store LLC,"233 Main St, Chicago, NY 52868"
8086,Hotel Inc,"283 Main St, Chicago, CA 90311"
8087,Hotel LLC,"238 Main St, Houston, AZ 53680"
8088,Restaurant Co,"356 Main St, Houston, NY 34016"
8089,Gas Station Corp,"764 Main St, Chicago, IL 32571"
8090,Grocery Store Inc,"775 Main St, Houston, IL 61959"
8091,Clothing Store Group,"281 Main St, Phoenix, CA 45372"
8092,Retail Store Group,"298 Main St, Los Angeles, TX 52525"
8093,Restaurant Corp,"780 Main St, New York, NY 44135"
8094,Gas Station Inc,"803 Main St, New York, TX 40287"
8095,Retail Store LLC,"151 Main St, Phoenix, CA 70747"
8096,Retail Store LLC,"812 Main St, Chicago, TX 57415"
8097,Grocery Store Corp,"832 Main St, Phoenix, IL 97891"
8098,Gas Station LLC,"863 Main St, Houston, IL 76019"
8099,Clothing Store Corp,"274 Main St, Los Angeles, TX 80698"
8100,Coffee Shop Co,"873 Main St, New York, TX 96906"
8101,Pharmacy Inc,"320 Main St, New York, IL 88664"
8102,Coffee Shop Corp,"364 Main St, New York, IL 74121"
8103,Retail Store Co,"670 Main St, Houston, NY 72316"
8104,Hotel Group,"893 Main St, Houston, CA 92993"
8105,Gas Station Co,"280 Main St, Chicago, NY 82688"
8106,Electronics Store LLC,"645 Main St, Chicago, AZ 72176"
8107,Grocery Store Corp,"407 Main St, Houston, IL 77351"
8108,Grocery Store Co,"737 Main St, Houston, NY 86559"
8109,Clothing Store Group,"868 Main St, Phoenix, IL 71470"
8110,Grocery Store LLC,"261 Main St, New York, NY 86813"
8111,Coffee Shop Inc,"692 Main St, New York, IL 56947"
8112,Grocery Store Co,"441 Main St, Los Angeles, IL 61372"
8113,Pharmacy Co,"110 Main St, Chicago, CA 70420"
8114,Hotel Corp,"548 Main St, Chicago, IL 96375"
8115,Restaurant Inc,"303 Main St, Chicago, AZ 42324"
8116,Coffee Shop Co,"258 Main St, New York, NY 79756"
8117,Coffee Shop Inc,"740 Main St, Chicago, CA 98789"
8118,Hotel Inc,"721 Main St, Los Angeles, IL 98383"
8119,Coffee Shop Corp,"296 Main St, Chicago, CA 50514"
8120,Hotel Inc,"989 Main St, Houston, TX 60425"
8121,Coffee Shop Group,"699 Main St, Los Angeles, TX 34743"
8122,Restaurant Corp,"398 Main St, Phoenix, CA 53334"
8123,Restaurant Inc,"615 Main St, New York, AZ 44734"
8124,Pharmacy Inc,"640 Main St, Chicago, AZ 99854"
8125,Coffee Shop Inc,"633 Main St, Houston, TX 78435"
8126,Gas Station Co,"769 Main St, Houston, AZ 88843"
8127,Coffee Shop Inc,"470 Main St, Houston, TX 73657"
8128,Retail Store Corp,"913 Main St, Phoenix, NY 10447"
8129,Electronics Store LLC,"783 Main St, Phoenix, IL 47625"
8130,Restaurant Group,"369 Main St, Phoenix, CA 43246"
8131,Retail Store Co,"555 Main St, Phoenix, CA 11315"
8132,Hotel Corp,"519 Main St, Phoenix, IL 77023"
8133,Gas Station Co,"248 Main St, New York, IL 24844"
8134,Electronics Store Inc,"301 Main St, Chicago, IL 71746"
8135,Restaurant Corp,"892 Main St, Chicago, IL 73225"
8136,Gas Station Inc,"649 Main St, Los Angeles, IL 79036"
8137,Coffee Shop Group,"577 Main St, Los Angeles, NY 62723"
8138,Gas Station LLC,"136 Main St, Los Angeles, NY 15851"
8139,Grocery Store Group,"637 Main St, New York, AZ 97783"
8140,Retail Store Corp,"555 Main St, New York, CA 91662"
8141,Retail Store Group,"276 Main St, Houston, NY 26952"
8142,Coffee Shop Corp,"630 Main St, Los Angeles, NY 57636"
8143,Hotel LLC,"317 Main St, New York, CA 23827"
8144,Coffee Shop Group,"675 Main St, Houston, TX 25799"
8145,Clothing Store Co,"921 Main St, Houston, TX 77133"
8146,Coffee Shop Co,"978 Main St, Houston, CA 95086"
8147,Electronics Store Group,"758 Main St, Houston, TX 50791"
8148,Gas Station Corp,"553 Main St, Houston, IL 96873"
8149,Gas Station Group,"410 Main St, Los Angeles, IL 35047"
8150,Hotel Inc,"574 Main St, Chicago, TX 97854"
8151,Clothing Store Group,"228 Main St, Phoenix, AZ 70867"
8152,Pharmacy Co,"938 Main St, New York, CA 11250"
8153,Gas Station Co,"571 Main St, Phoenix, CA 37259"
8154,Pharmacy LLC,"813 Main St, Phoenix, TX 92677"
8155,Pharmacy LLC,"124 Main St, Chicago, CA 29199"
8156,Coffee Shop Corp,"498 Main St, Phoenix, IL 17329"
8157,Coffee Shop Inc,"593 Main St, New York, AZ 84348"
8158,Pharmacy Group,"981 Main St, Los Angeles, CA 68250"
8159,Hotel Co,"222 Main St, Chicago, TX 42049"
8160,Electronics Store Inc,"433 Main St, Los Angeles, TX 78361"
8161,Retail Store Group,"637 Main St, Houston, TX 52017"
8162,Restaurant Corp,"473 Main St, Chicago, TX 21421"
8163,Coffee Shop Group,"954 Main St, Los Angeles, NY 80535"
8164,Clothing Store Co,"791 Main St, Phoenix, TX 36528"
8165,Pharmacy Corp,"373 Main St, Phoenix, IL 22071"
8166,Grocery Store Co,"931 Main St, Phoenix, TX 92238"
8167,Hotel LLC,"706 Main St, Houston, AZ 13012"
8168,Retail Store Corp,"667 Main St, New York, CA 81246"
8169,Clothing Store Co,"774 Main St, Phoenix, NY 47007"
8170,Grocery Store Inc,"159 Main St, Chicago, IL 48509"
8171,Hotel LLC,"608 Main St, Houston, NY 19603"
8172,Coffee Shop Corp,"751 Main St, Phoenix, IL 39459"
8173,Electronics Store LLC,"625 Main St, Los Angeles, AZ 41761"
8174,Grocery Store Co,"181 Main St, Phoenix, NY 40565"
8175,Electronics Store Co,"199 Main St, New York, TX 56871"
8176,Gas Station Corp,"804 Main St, Phoenix, TX 14472"
8177,Coffee Shop Co,"647 Main St, Houston, AZ 81199"
8178,Pharmacy Corp,"178 Main St, Houston, IL 92645"
8179,Grocery Store Corp,"510 Main St, New York, IL 78198"
8180,Electronics Store Inc,"252 Main St, Houston, IL 77844"
8181,Electronics Store Inc,"399 Main St, Phoenix, NY 79757"
8182,Electronics Store Group,"879 Main St, Los Angeles, IL 95610"
8183,Retail Store Corp,"656 Main St, Chicago, NY 49789"
8184,Coffee Shop LLC,"421 Main St, Phoenix, NY 66466"
8185,Grocery Store Inc,"197 Main St, Phoenix, CA 46352"
8186,Gas Station LLC,"353 Main St, New York, NY 46783"
8187,Clothing Store Co,"417 Main St, Chicago, NY 33750"
8188,Coffee Shop Co,"729 Main St, Los Angeles, TX 45658"
8189,Hotel Co,"746 Main St, Phoenix, IL 22376"
8190,Clothing Store Corp,"908 Main St, Phoenix, CA 90794"
8191,Clothing Store Group,"939 Main St, Los Angeles, NY 92369"
8192,Hotel Co,"776 Main St, Phoenix, IL 71385"
8193,Coffee Shop LLC,"602 Main St, Houston, AZ 39717"
8194,Coffee Shop Group,"199 Main St, Phoenix, IL 74927"
8195,Hotel Corp,"241 Main St, Phoenix, CA 87455"
8196,Clothing Store LLC,"209 Main St, New York, NY 79931"
8197,Electronics Store LLC,"741 Main St, Houston, AZ 65984"
8198,Coffee Shop Co,"242 Main St, Houston, TX 70847"
8199,Retail Store Group,"889 Main St, Chicago, TX 40571"
8200,Pharmacy LLC,"677 Main St, Los Angeles, AZ 98280"
8201,Retail Store LLC,"894 Main St, New York, CA 98116"
8202,Clothing Store LLC,"724 Main St, Phoenix, IL 49741"
8203,Electronics Store Corp,"495 Main St, New York, CA 49771"
8204,Coffee Shop Co,"367 Main St, New York, IL 71250"
8205,Clothing Store Corp,"621 Main St, Phoenix, NY 87542"
8206,Coffee Shop Group,"393 Main St, Phoenix, CA 21901"
8207,Retail Store Co,"939 Main St, Phoenix, IL 58117"
8208,Retail Store Inc,"636 Main St, New York, NY 48851"
8209,Pharmacy Inc,"900 Main St, Houston, TX 49542"
8210,Pharmacy Group,"244 Main St, Houston, NY 41489"
8211,Electronics Store Group,"872 Main St, Phoenix, IL 13287"
8212,Pharmacy Co,"706 Main St, Phoenix, TX 20105"
8213,Pharmacy LLC,"201 Main St, Houston, TX 60734"
8214,Clothing Store LLC,"757 Main St, Los Angeles, NY 10517"
8215,Grocery Store LLC,"703 Main St, Los Angeles, IL 87166"
8216,Clothing Store Inc,"635 Main St, Los Angeles, IL 47219"
8217,Restaurant Co,"413 Main St, Chicago, TX 27976"
8218,Gas Station Co,"269 Main St, New York, AZ 93969"
8219,Retail Store Corp,"979 Main St, Houston, IL 70482"
8220,Retail Store Group,"571 Main St, Phoenix, IL 66627"
8221,Pharmacy Co,"749 Main St, New York, CA 44564"
8222,Hotel Inc,"919 Main St, Los Angeles, TX 25243"
8223,Hotel LLC,"923 Main St, Phoenix, AZ 62499"
8224,Pharmacy Corp,"382 Main St, Los Angeles, NY 45048"
8225,Electronics Store LLC,"732 Main St, Los Angeles, CA 50368"
8226,Gas Station LLC,"462 Main St, Chicago, CA 39018"
8227,Retail Store Corp,"202 Main St, New York, IL 66155"
8228,Hotel LLC,"173 Main St, Houston, TX 20302"
8229,Retail Store Inc,"191 Main St, Houston, TX 60880"
8230,Gas Station Corp,"336 Main St, New York, NY 80142"
8231,Gas Station Inc,"526 Main St, Phoenix, TX 81162"
8232,Coffee Shop Group,"310 Main St, Chicago, NY 64806"
8233,Coffee Shop LLC,"989 Main St, Chicago, NY 44425"
8234,Clothing Store Co,"155 Main St, New York, CA 12446"
8235,Gas Station Group,"283 Main St, Houston, NY 39212"
8236,Electronics Store Corp,"446 Main St, New York, NY 99264"
8237,Grocery Store Group,"698 Main St, Los Angeles, TX 82027"
8238,Restaurant Inc,"981 Main St, Phoenix, NY 30317"
8239,Grocery Store Corp,"324 Main St, New York, NY 99369"
8240,Gas Station Inc,"735 Main St, Los Angeles, TX 10139"
8241,Retail Store Group,"747 Main St, Los Angeles, AZ 97889"
8242,Clothing Store Co,"844 Main St, Houston, TX 44213"
8243,Pharmacy Co,"815 Main St, Chicago, TX 50965"
8244,Coffee Shop Group,"953 Main St, Los Angeles, AZ 95908"
8245,Pharmacy LLC,"577 Main St, Houston, AZ 79545"
8246,Coffee Shop Group,"754 Main St, Houston, NY 23411"
8247,Coffee Shop Group,"212 Main St, Chicago, NY 46183"
8248,Coffee Shop Group,"520 Main St, Houston, TX 84161"
8249,Pharmacy Corp,"729 Main St, Chicago, TX 24675"
8250,Restaurant Group,"338 Main St, Phoenix, AZ 47728"
8251,Pharmacy Corp,"333 Main St, Phoenix, CA 83262"
8252,Retail Store Corp,"743 Main St, Los Angeles, IL 32524"
8253,Coffee Shop Co,"495 Main St, Chicago, CA 60027"
8254,Clothing Store Inc,"470 Main St, Phoenix, IL 73513"
8255,Hotel Inc,"884 Main St, Phoenix, IL 86566"
8256,Electronics Store LLC,"702 Main St, New York, CA 42644"
8257,Electronics Store Corp,"197 Main St, Phoenix, AZ 41421"
8258,Coffee Shop Group,"129 Main St, New York, NY 51804"
8259,Gas Station Co,"585 Main St, Los Angeles, CA 25049"
8260,Clothing Store Corp,"873 Main St, New York, NY 31921"
8261,Electronics Store Group,"422 Main St, Phoenix, CA 46054"
8262,Hotel Inc,"247 Main St, Houston, IL 97274"
8263,Coffee Shop LLC,"245 Main St, Houston, TX 52196"
8264,Hotel Inc,"258 Main St, New York, TX 27402"
8265,Clothing Store Inc,"678 Main St, Phoenix, AZ 16296"
8266,Grocery Store Group,"256 Main St, Phoenix, TX 75339"
8267,Clothing Store Inc,"411 Main St, Los Angeles, CA 64308"
8268,Gas Station Co,"232 Main St, Houston, NY 58254"
8269,Restaurant Group,"327 Main St, Phoenix, CA 72918"
8270,Grocery Store Inc,"489 Main St, Chicago, NY 44484"
8271,Pharmacy LLC,"172 Main St, Chicago, CA 46221"
8272,Coffee Shop LLC,"185 Main St, Houston, AZ 39093"
8273,Restaurant Co,"125 Main St, Los Angeles, NY 60353"
8274,Clothing Store Co,"149 Main St, Phoenix, CA 76574"
8275,Gas Station Co,"885 Main St, Chicago, CA 94347"
8276,Gas Station Inc,"563 Main St, Phoenix, CA 39649"
8277,Pharmacy LLC,"470 Main St, Houston, NY 87833"
8278,Restaurant Co,"425 Main St, Phoenix, AZ 99392"
8279,Retail Store Corp,"981 Main St, Phoenix, NY 82992"
8280,Pharmacy Group,"436 Main St, Phoenix, AZ 22001"
8281,Clothing Store Co,"170 Main St, New York, AZ 48969"
8282,Clothing Store Corp,"336 Main St, Los Angeles, IL 80642"
8283,Clothing Store Corp,"112 Main St, New York, CA 18772"
8284,Gas Station LLC,"638 Main St, Phoenix, NY 29606"
8285,Gas Station Co,"195 Main St, Phoenix, TX 96953"
8286,Gas Station Co,"198 Main St, Chicago, CA 92439"
8287,Pharmacy Group,"857 Main St, Los Angeles, IL 64732"
8288,Restaurant Inc,"905 Main St, Los Angeles, AZ 92025"
8289,Restaurant LLC,"964 Main St, Phoenix, IL 46675"
8290,Hotel Corp,"725 Main St, New York, AZ 20040"
8291,Restaurant Corp,"824 Main St, Los Angeles, TX 67311"
8292,Clothing Store Inc,"790 Main St, Chicago, TX 56468"
8293,Pharmacy LLC,"277 Main St, Chicago, NY 63400"
8294,Hotel Group,"564 Main St, Houston, TX 28066"
8295,Restaurant Corp,"339 Main St, Phoenix, AZ 47944"
8296,Gas Station Group,"935 Main St, Chicago, CA 15288"
8297,Gas Station LLC,"872 Main St, Chicago, AZ 45460"
8298,Retail Store Group,"543 Main St, Chicago, CA 17582"
8299,Pharmacy Co,"904 Main St, Houston, CA 53911"
8300,Hotel Corp,"921 Main St, New York, CA 10981"
8301,Coffee Shop Group,"757 Main St, New York, IL 68476"
8302,Coffee Shop LLC,"955 Main St, Phoenix, NY 82670"
8303,Grocery Store Group,"247 Main St, Los Angeles, AZ 88150"
8304,Restaurant Group,"217 Main St, Phoenix, IL 48177"
8305,Gas Station LLC,"606 Main St, Houston, IL 87037"
8306,Hotel Group,"159 Main St, Houston, AZ 74612"
8307,Gas Station Co,"544 Main St, Phoenix, AZ 41769"
8308,Grocery Store Co,"610 Main St, Houston, IL 13746"
8309,Restaurant Corp,"150 Main St, Phoenix, AZ 14493"
8310,Grocery Store Corp,"420 Main St, Los Angeles, NY 55125"
8311,Retail Store Corp,"224 Main St, Phoenix, TX 81229"
8312,Coffee Shop LLC,"204 Main St, New York, TX 68757"
8313,Clothing Store Co,"208 Main St, Phoenix, IL 47624"
8314,Restaurant Corp,"526 Main St, New York, CA 54037"
8315,Hotel Group,"679 Main St, Houston, AZ 48146"
8316,Retail Store Inc,"208 Main St, Los Angeles, IL 85463"
8317,Electronics Store Corp,"208 Main St, Chicago, NY 80781"
8318,Hotel Group,"462 Main St, New York, NY 35802"
8319,Grocery Store Corp,"749 Main St, New York, CA 54413"
8320,Electronics Store Group,"693 Main St, Los Angeles, CA 46082"
8321,Grocery Store Co,"447 Main St, Los Angeles, CA 82980"
8322,Restaurant LLC,"363 Main St, Phoenix, NY 82112"
8323,Clothing Store Inc,"773 Main St, New York, NY 97532"
8324,Coffee Shop Inc,"726 Main St, New York, NY 61269"
8325,Hotel LLC,"993 Main St, Los Angeles, NY 70849"
8326,Retail Store Corp,"960 Main St, Houston, CA 29097"
8327,Retail Store Co,"456 Main St, Houston, IL 52556"
8328,Hotel Inc,"178 Main St, Los Angeles, CA 60781"
8329,Hotel Corp,"359 Main St, New York, NY 23805"
8330,Electronics Store Corp,"508 Main St, Houston, NY 66593"
8331,Electronics Store Co,"819 Main St, Los Angeles, CA 86049"
8332,Coffee Shop Group,"836 Main St, Los Angeles, TX 28826"
8333,Grocery Store Co,"676 Main St, Chicago, AZ 23372"
8334,Gas Station Inc,"681 Main St, New York, NY 67463"
8335,Gas Station Corp,"736 Main St, Chicago, AZ 44132"
8336,Clothing Store Inc,"464 Main St, Houston, AZ 75113"
8337,Clothing Store LLC,"440 Main St, New York, CA 46414"
8338,Pharmacy Co,"770 Main St, Chicago, AZ 17561"
8339,Pharmacy Group,"901 Main St, Los Angeles, TX 35409"
8340,Gas Station Inc,"147 Main St, New York, CA 14799"
8341,Coffee Shop Co,"217 Main St, Houston, NY 74930"
8342,Electronics Store Inc,"545 Main St, Phoenix, NY 56148"
8343,Hotel Corp,"488 Main St, Houston, NY 63710"
8344,Electronics Store Group,"319 Main St, New York, NY 19713"
8345,Electronics Store LLC,"806 Main St, Phoenix, IL 44465"
8346,Grocery Store Co,"543 Main St, Los Angeles, NY 41116"
8347,Coffee Shop Inc,"343 Main St, Houston, AZ 67791"
8348,Restaurant Corp,"526 Main St, Houston, TX 52146"
8349,Clothing Store LLC,"801 Main St, Houston, TX 13265"
8350,Coffee Shop Group,"484 Main St, Houston, CA 36337"
8351,Electronics Store Corp,"194 Main St, Los Angeles, CA 12460"
8352,Retail Store Group,"476 Main St, New York, CA 67305"
8353,Grocery Store LLC,"918 Main St, New York, TX 44132"
8354,Clothing Store Co,"656 Main St, Phoenix, CA 66916"
8355,Gas Station Corp,"535 Main St, New York, CA 69972"
8356,Gas Station Group,"732 Main St, Los Angeles, IL 44939"
8357,Coffee Shop Co,"760 Main St, New York, NY 16844"
8358,Restaurant LLC,"460 Main St, New York, IL 93158"
8359,Restaurant Inc,"488 Main St, Los Angeles, IL 25569"
8360,Electronics Store Corp,"720 Main St, Los Angeles, IL 71677"
8361,Restaurant Corp,"134 Main St, Los Angeles, AZ 45137"
8362,Grocery Store Co,"392 Main St, Houston, AZ 68127"
8363,Gas Station Inc,"569 Main St, Houston, TX 74830"
8364,Retail Store Inc,"601 Main St, New York, AZ 33966"
8365,Hotel Co,"820 Main St, Phoenix, AZ 10630"
8366,Coffee Shop Co,"737 Main St, Houston, NY 96107"
8367,Electronics Store Co,"194 Main St, Houston, TX 14589"
8368,Retail Store Inc,"384 Main St, New York, IL 91375"
8369,Gas Station LLC,"854 Main St, New York, CA 40618"
8370,Coffee Shop Group,"283 Main St, Chicago, IL 56006"
8371,Grocery Store Corp,"318 Main St, Los Angeles, AZ 45647"
8372,Retail Store Inc,"552 Main St, Phoenix, TX 10739"
8373,Coffee Shop Corp,"441 Main St, Houston, CA 35950"
8374,Gas Station Corp,"152 Main St, Chicago, TX 61910"
8375,Clothing Store Inc,"450 Main St, Houston, NY 28179"
8376,Pharmacy Co,"636 Main St, Houston, TX 84194"
8377,Pharmacy LLC,"105 Main St, Phoenix, CA 83311"
8378,Electronics Store Corp,"601 Main St, Los Angeles, CA 51683"
8379,Coffee Shop Corp,"924 Main St, Los Angeles, NY 99001"
8380,Gas Station LLC,"364 Main St, Houston, IL 51937"
8381,Electronics Store LLC,"479 Main St, Chicago, AZ 58103"
8382,Clothing Store Group,"306 Main St, Phoenix, NY 95172"
8383,Retail Store Group,"133 Main St, New York, NY 15390"
8384,Retail Store Co,"689 Main St, Chicago, NY 51660"
8385,Gas Station Group,"903 Main St, New York, NY 83014"
8386,Restaurant Corp,"739 Main St, Chicago, CA 70145"
8387,Gas Station Co,"266 Main St, Los Angeles, TX 62020"
8388,Electronics Store LLC,"564 Main St, New York, CA 15881"
8389,Electronics Store Group,"106 Main St, Houston, NY 16035"
8390,Gas Station Inc,"207 Main St, Chicago, IL 79613"
8391,Coffee Shop Co,"175 Main St, Houston, IL 83785"
8392,Clothing Store Corp,"287 Main St, New York, IL 62118"
8393,Grocery Store LLC,"741 Main St, Chicago, IL 52881"
8394,Gas Station Inc,"550 Main St, New York, CA 88881"
8395,Clothing Store Co,"513 Main St, Chicago, NY 48527"
8396,Grocery Store LLC,"303 Main St, Houston, NY 90524"
8397,Hotel Group,"721 Main St, Chicago, AZ 13332"
8398,Hotel Inc,"121 Main St, Los Angeles, CA 82632"
8399,Hotel Co,"176 Main St, Phoenix, NY 95680"
8400,Electronics Store Corp,"830 Main St, Chicago, AZ 12309"
8401,Coffee Shop Corp,"327 Main St, Houston, IL 84048"
8402,Grocery Store Group,"463 Main St, Phoenix, TX 18293"
8403,Clothing Store LLC,"904 Main St, Chicago, NY 85220"
8404,Hotel Corp,"280 Main St, Houston, CA 81869"
8405,Grocery Store Corp,"631 Main St, New York, TX 90909"
8406,Retail Store LLC,"951 Main St, Los Angeles, TX 14597"
8407,Coffee Shop LLC,"959 Main St, Phoenix, IL 51435"
8408,Pharmacy Co,"685 Main St, Chicago, TX 86015"
8409,Electronics Store Inc,"259 Main St, Los Angeles, IL 74280"
8410,Grocery Store Group,"306 Main St, New York, NY 39868"
8411,Grocery Store Co,"689 Main St, Los Angeles, NY 68927"
8412,Gas Station LLC,"761 Main St, Phoenix, CA 58727"
8413,Clothing Store Co,"919 Main St, Chicago, TX 76307"
8414,Pharmacy LLC,"559 Main St, Chicago, AZ 30385"
8415,Hotel Inc,"808 Main St, Houston, AZ 98164"
8416,Gas Station Group,"190 Main St, Phoenix, NY 72599"
8417,Clothing Store Inc,"962 Main St, Chicago, NY 47093"
8418,Gas Station Inc,"648 Main St, Los Angeles, TX 84398"
8419,Coffee Shop Co,"800 Main St, New York, TX 76914"
8420,Gas Station Group,"286 Main St, Los Angeles, CA 34920"
8421,Hotel Corp,"736 Main St, Phoenix, NY 74794"
8422,Gas Station Inc,"624 Main St, Los Angeles, TX 91443"
8423,Clothing Store LLC,"585 Main St, Chicago, IL 44751"
8424,Restaurant Group,"614 Main St, Phoenix, NY 61326"
8425,Grocery Store LLC,"376 Main St, Phoenix, TX 76845"
8426,Grocery Store Group,"250 Main St, Houston, CA 38751"
8427,Hotel Inc,"566 Main St, Phoenix, NY 53560"
8428,Coffee Shop Co,"786 Main St, New York, IL 96756"
8429,Hotel Corp,"476 Main St, Phoenix, AZ 51403"
8430,Grocery Store Corp,"604 Main St, Chicago, NY 80196"
8431,Gas Station Group,"169 Main St, Los Angeles, CA 24681"
8432,Pharmacy Corp,"294 Main St, Chicago, CA 86103"
8433,Gas Station Corp,"914 Main St, Houston, NY 79758"
8434,Electronics Store LLC,"373 Main St, Chicago, TX 62468"
8435,Electronics Store Co,"853 Main St, Houston, NY 38608"
8436,Coffee Shop Corp,"529 Main St, Chicago, IL 29143"
8437,Pharmacy Corp,"688 Main St, Houston, IL 88331"
8438,Coffee Shop Inc,"703 Main St, Phoenix, NY 31781"
8439,Grocery Store Inc,"242 Main St, New York, NY 25974"
8440,Grocery Store Inc,"700 Main St, New York, NY 85167"
8441,Clothing Store Group,"466 Main St, Los Angeles, CA 80091"
8442,Retail Store Inc,"199 Main St, Chicago, TX 86552"
8443,Gas Station Group,"911 Main St, Phoenix, TX 15748"
8444,Retail Store LLC,"162 Main St, Chicago, NY 64795"
8445,Clothing Store LLC,"221 Main St, Phoenix, TX 68164"
8446,Pharmacy Inc,"902 Main St, Houston, NY 32653"
8447,Gas Station Corp,"867 Main St, Chicago, IL 82236"
8448,Grocery Store Corp,"237 Main St, Phoenix, TX 70108"
8449,Grocery Store Corp,"833 Main St, New York, AZ 83137"
8450,Pharmacy Group,"453 Main St, Chicago, AZ 72844"
8451,Hotel Co,"280 Main St, Los Angeles, TX 13181"
8452,Gas Station Inc,"336 Main St, Houston, TX 85606"
8453,Electronics Store LLC,"667 Main St, Los Angeles, IL 61472"
8454,Clothing Store LLC,"802 Main St, Chicago, NY 24632"
8455,Pharmacy Inc,"940 Main St, Los Angeles, TX 45554"
8456,Grocery Store Co,"874 Main St, Houston, TX 87048"
8457,Coffee Shop LLC,"161 Main St, Phoenix, AZ 30450"
8458,Gas Station Co,"374 Main St, Chicago, IL 27186"
8459,Gas Station Group,"884 Main St, Los Angeles, CA 26497"
8460,Hotel LLC,"426 Main St, Los Angeles, CA 17207"
8461,Restaurant Co,"839 Main St, Chicago, NY 64914"
8462,Grocery Store Co,"331 Main St, Phoenix, AZ 77278"
8463,Pharmacy Corp,"917 Main St, Houston, IL 98491"
8464,Clothing Store Inc,"572 Main St, Phoenix, AZ 16985"
8465,Restaurant Group,"890 Main St, Chicago, NY 28072"
8466,Restaurant Group,"242 Main St, Phoenix, AZ 81533"
8467,Gas Station LLC,"207 Main St, Los Angeles, NY 67633"
8468,Hotel Group,"534 Main St, Houston, NY 60977"
8469,Electronics Store Corp,"436 Main St, Houston, TX 45672"
8470,Electronics Store Co,"705 Main St, Los Angeles, AZ 52746"
8471,Restaurant Co,"929 Main St, Chicago, AZ 19884"
8472,Hotel Co,"839 Main St, Houston, CA 95514"
8473,Pharmacy Inc,"645 Main St, Houston, AZ 98205"
8474,Retail Store Corp,"906 Main St, Phoenix, NY 84405"
8475,Restaurant LLC,"995 Main St, New York, CA 27469"
8476,Clothing Store Corp,"567 Main St, Los Angeles, CA 97168"
8477,Clothing Store Inc,"327 Main St, Houston, AZ 59082"
8478,Gas Station Corp,"542 Main St, Houston, AZ 33786"
8479,Pharmacy Group,"757 Main St, New York, TX 77389"
8480,Pharmacy Corp,"614 Main St, New York, CA 40161"
8481,Electronics Store Co,"543 Main St, Houston, TX 25482"
8482,Retail Store Group,"832 Main St, Los Angeles, NY 65975"
8483,Retail Store Corp,"153 Main St, New York, NY 15682"
8484,Clothing Store Group,"695 Main St, Phoenix, NY 27814"
8485,Restaurant Co,"348 Main St, Los Angeles, AZ 59381"
8486,Coffee Shop Group,"507 Main St, Los Angeles, IL 37794"
8487,Coffee Shop LLC,"816 Main St, Houston, NY 31225"
8488,Electronics Store Co,"693 Main St, Los Angeles, IL 53471"
8489,Gas Station Inc,"189 Main St, Houston, NY 90015"
8490,Pharmacy LLC,"658 Main St, Phoenix, IL 59541"
8491,Retail Store Group,"803 Main St, New York, IL 70621"
8492,Restaurant Inc,"796 Main St, New York, AZ 12159"
8493,Restaurant LLC,"947 Main St, Phoenix, CA 95581"
8494,Hotel LLC,"809 Main St, Chicago, AZ 80053"
8495,Hotel Group,"215 Main St, New York, NY 95446"
8496,Retail Store Corp,"978 Main St, Phoenix, NY 50602"
8497,Retail Store Co,"986 Main St, Phoenix, NY 26073"
8498,Grocery Store Inc,"670 Main St, Chicago, IL 38056"
8499,Clothing Store Corp,"252 Main St, New York, AZ 64981"
8500,Grocery Store Inc,"791 Main St, Phoenix, TX 50700"
8501,Clothing Store Inc,"141 Main St, New York, TX 58919"
8502,Pharmacy Group,"324 Main St, Chicago, CA 20369"
8503,Electronics Store Co,"205 Main St, Los Angeles, AZ 60255"
8504,Electronics Store Corp,"819 Main St, Phoenix, AZ 73763"
8505,Retail Store Co,"981 Main St, New York, TX 52356"
8506,Electronics Store Inc,"951 Main St, New York, IL 64847"
8507,Retail Store LLC,"849 Main St, Phoenix, NY 10532"
8508,Pharmacy Inc,"575 Main St, Chicago, TX 81741"
8509,Coffee Shop Corp,"411 Main St, Chicago, CA 23535"
8510,Hotel LLC,"581 Main St, Chicago, AZ 73870"
8511,Electronics Store LLC,"685 Main St, Phoenix, IL 41501"
8512,Electronics Store LLC,"163 Main St, Los Angeles, AZ 64347"
8513,Gas Station Co,"396 Main St, Houston, NY 52954"
8514,Pharmacy LLC,"168 Main St, Los Angeles, TX 38213"
8515,Restaurant Inc,"723 Main St, Houston, AZ 78443"
8516,Electronics Store Group,"788 Main St, Houston, CA 11437"
8517,Clothing Store Group,"576 Main St, Houston, TX 15457"
8518,Clothing Store Co,"969 Main St, Chicago, NY 44217"
8519,Hotel Co,"509 Main St, New York, IL 99523"
8520,Restaurant Group,"442 Main St, Los Angeles, CA 22012"
8521,Hotel Inc,"489 Main St, Houston, AZ 65473"
8522,Coffee Shop Co,"700 Main St, Houston, NY 76570"
8523,Hotel Corp,"954 Main St, Chicago, TX 79679"
8524,Electronics Store Inc,"634 Main St, Phoenix, IL 79171"
8525,Gas Station Corp,"919 Main St, Phoenix, NY 39627"
8526,Electronics Store LLC,"950 Main St, Chicago, AZ 74156"
8527,Clothing Store LLC,"873 Main St, New York, CA 65490"
8528,Clothing Store Inc,"599 Main St, Phoenix, CA 55090"
8529,Electronics Store Inc,"905 Main St, Phoenix, CA 98484"
8530,Pharmacy Group,"532 Main St, Phoenix, CA 85573"
8531,Restaurant Corp,"786 Main St, Phoenix, NY 68852"
8532,Grocery Store Group,"744 Main St, Los Angeles, IL 65267"
8533,Retail Store Corp,"663 Main St, New York, NY 20063"
8534,Clothing Store LLC,"876 Main St, New York, NY 66577"
8535,Retail Store Inc,"821 Main St, Los Angeles, AZ 90711"
8536,Coffee Shop Inc,"520 Main St, Los Angeles, TX 61564"
8537,Grocery Store Co,"470 Main St, Houston, AZ 33741"
8538,Pharmacy Inc,"194 Main St, Chicago, CA 46709"
8539,Hotel Corp,"963 Main St, Los Angeles, AZ 73171"
8540,Clothing Store Inc,"619 Main St, Houston, TX 31212"
8541,Grocery Store LLC,"274 Main St, Houston, NY 48981"
8542,Retail Store LLC,"185 Main St, Los Angeles, TX 39076"
8543,Restaurant Co,"108 Main St, Phoenix, AZ 52585"
8544,Coffee Shop Corp,"303 Main St, Chicago, CA 85440"
8545,Electronics Store Group,"970 Main St, Houston, TX 35257"
8546,Electronics Store Co,"744 Main St, Chicago, AZ 93739"
8547,Retail Store Corp,"849 Main St, Houston, AZ 26223"
8548,Grocery Store Inc,"617 Main St, Phoenix, CA 13565"
8549,Coffee Shop Co,"713 Main St, Chicago, TX 88643"
8550,Electronics Store Group,"356 Main St, New York, TX 12352"
8551,Pharmacy LLC,"633 Main St, Los Angeles, AZ 57091"
8552,Restaurant Corp,"851 Main St, Phoenix, TX 81795"
8553,Gas Station Co,"265 Main St, New York, NY 92347"
8554,Hotel Co,"509 Main St, New York, TX 48141"
8555,Electronics Store Co,"821 Main St, Phoenix, TX 37151"
8556,Clothing Store Group,"734 Main St, Houston, IL 23215"
8557,Coffee Shop Co,"292 Main St, Houston, CA 51566"
8558,Retail Store LLC,"424 Main St, Los Angeles, CA 56467"
8559,Electronics Store Corp,"155 Main St, New York, AZ 19929"
8560,Retail Store Inc,"101 Main St, Los Angeles, NY 97359"
8561,Grocery Store Inc,"605 Main St, Phoenix, CA 76594"
8562,Electronics Store Inc,"594 Main St, Los Angeles, CA 66237"
8563,Hotel Corp,"594 Main St, Phoenix, NY 19389"
8564,Grocery Store Co,"272 Main St, Chicago, CA 15509"
8565,Restaurant Co,"254 Main St, Chicago, NY 93826"
8566,Pharmacy Corp,"174 Main St, New York, IL 27911"
8567,Electronics Store Inc,"823 Main St, Chicago, AZ 63660"
8568,Gas Station LLC,"788 Main St, New York, AZ 11452"
8569,Electronics Store LLC,"427 Main St, Chicago, AZ 93973"
8570,Clothing Store Group,"350 Main St, Los Angeles, CA 37698"
8571,Grocery Store LLC,"241 Main St, Phoenix, AZ 93422"
8572,Grocery Store Corp,"878 Main St, New York, AZ 58455"
8573,Grocery Store LLC,"417 Main St, Phoenix, NY 32590"
8574,Gas Station LLC,"728 Main St, New York, TX 39427"
8575,Pharmacy Inc,"313 Main St, Los Angeles, TX 37171"
8576,Pharmacy Corp,"437 Main St, Phoenix, CA 30472"
8577,Clothing Store Co,"727 Main St, New York, AZ 26012"
8578,Grocery Store Corp,"377 Main St, Phoenix, IL 78083"
8579,Electronics Store LLC,"747 Main St, Phoenix, AZ 38512"
8580,Restaurant LLC,"299 Main St, Los Angeles, AZ 18714"
8581,Retail Store Group,"544 Main St, Chicago, AZ 16367"
8582,Pharmacy Group,"370 Main St, Los Angeles, AZ 85324"
8583,Coffee Shop Inc,"483 Main St, Chicago, IL 82430"
8584,Restaurant Group,"294 Main St, Chicago, TX 16773"
8585,Retail Store Corp,"101 Main St, Los Angeles, IL 75376"
8586,Retail Store LLC,"942 Main St, New York, CA 94475"
8587,Restaurant Inc,"426 Main St, Phoenix, IL 47562"
8588,Restaurant Co,"888 Main St, Chicago, CA 77989"
8589,Hotel Co,"647 Main St, Chicago, IL 52587"
8590,Retail Store Corp,"382 Main St, Los Angeles, CA 79915"
8591,Retail Store LLC,"845 Main St, Los Angeles, NY 61096"
8592,Coffee Shop LLC,"217 Main St, New York, IL 13668"
8593,Grocery Store Co,"528 Main St, Los Angeles, IL 73629"
8594,Coffee Shop Co,"181 Main St, New York, IL 17648"
8595,Coffee Shop LLC,"355 Main St, Los Angeles, TX 29471"
8596,Pharmacy Inc,"350 Main St, Los Angeles, AZ 74483"
8597,Restaurant Group,"930 Main St, Houston, NY 27882"
8598,Grocery Store Co,"956 Main St, Houston, TX 95782"
8599,Electronics Store Group,"240 Main St, Chicago, CA 16301"
8600,Electronics Store Co,"140 Main St, Houston, IL 84903"
8601,Retail Store Group,"376 Main St, Houston, TX 29911"
8602,Retail Store Group,"132 Main St, New York, TX 55106"
8603,Restaurant Group,"460 Main St, Chicago, TX 37195"
8604,Electronics Store Group,"727 Main St, Houston, TX 10623"
8605,Hotel Inc,"520 Main St, Houston, AZ 68063"
8606,Electronics Store Corp,"957 Main St, Chicago, AZ 58464"
8607,Clothing Store Co,"214 Main St, Los Angeles, NY 56931"
8608,Pharmacy LLC,"720 Main St, Chicago, CA 30700"
8609,Restaurant Inc,"751 Main St, Phoenix, CA 84496"
8610,Clothing Store Inc,"870 Main St, Los Angeles, CA 40903"
8611,Gas Station Inc,"905 Main St, New York, TX 61160"
8612,Hotel Corp,"878 Main St, New York, CA 21483"
8613,Pharmacy Co,"484 Main St, Phoenix, TX 67789"
8614,Gas Station LLC,"111 Main St, Phoenix, NY 89653"
8615,Restaurant Co,"999 Main St, Chicago, NY 79349"
8616,Grocery Store Inc,"754 Main St, Chicago, AZ 60589"
8617,Retail Store Group,"888 Main St, Phoenix, AZ 44072"
8618,Retail Store Co,"738 Main St, Los Angeles, TX 88217"
8619,Grocery Store Inc,"665 Main St, Phoenix, CA 40441"
8620,Pharmacy Group,"350 Main St, Houston, TX 77253"
8621,Gas Station LLC,"715 Main St, Houston, IL 14926"
8622,Grocery Store Co,"863 Main St, New York, TX 48767"
8623,Grocery Store Inc,"716 Main St, New York, IL 60276"
8624,Grocery Store Inc,"113 Main St, New York, IL 73450"
8625,Pharmacy Inc,"241 Main St, Phoenix, TX 94693"
8626,Electronics Store Co,"678 Main St, New York, NY 25702"
8627,Hotel Co,"887 Main St, Los Angeles, NY 17043"
8628,Restaurant Corp,"536 Main St, Los Angeles, AZ 31753"
8629,Pharmacy Inc,"431 Main St, Phoenix, TX 80940"
8630,Grocery Store Group,"916 Main St, Houston, CA 15433"
8631,Electronics Store LLC,"611 Main St, Houston, CA 10002"
8632,Retail Store Inc,"469 Main St, New York, NY 20605"
8633,Hotel Inc,"706 Main St, Phoenix, TX 27197"
8634,Gas Station LLC,"618 Main St, Phoenix, CA 58926"
8635,Grocery Store Group,"178 Main St, New York, AZ 96039"
8636,Restaurant Group,"956 Main St, Chicago, AZ 42478"
8637,Gas Station Inc,"899 Main St, Houston, NY 48677"
8638,Retail Store Group,"230 Main St, Chicago, IL 27304"
8639,Clothing Store Co,"858 Main St, Phoenix, CA 66323"
8640,Gas Station Inc,"432 Main St, Houston, AZ 35949"
8641,Retail Store Co,"242 Main St, Phoenix, NY 11747"
8642,Clothing Store Group,"915 Main St, Chicago, TX 54061"
8643,Coffee Shop LLC,"282 Main St, Phoenix, IL 14394"
8644,Retail Store Co,"638 Main St, Los Angeles, NY 22521"
8645,Electronics Store Corp,"556 Main St, Chicago, IL 59772"
8646,Coffee Shop LLC,"222 Main St, Chicago, TX 86272"
8647,Retail Store Co,"895 Main St, Chicago, NY 69621"
8648,Hotel Group,"607 Main St, Chicago, TX 79112"
8649,Clothing Store Co,"104 Main St, Los Angeles, TX 18358"
8650,Restaurant Group,"601 Main St, Chicago, CA 77243"
8651,Grocery Store LLC,"343 Main St, New York, TX 47635"
8652,Restaurant Inc,"264 Main St, Phoenix, IL 34655"
8653,Retail Store LLC,"391 Main St, Chicago, IL 69790"
8654,Restaurant Inc,"252 Main St, Houston, CA 73640"
8655,Electronics Store Co,"622 Main St, Phoenix, TX 60021"
8656,Coffee Shop LLC,"972 Main St, Houston, CA 40984"
8657,Coffee Shop Corp,"587 Main St, Houston, TX 30968"
8658,Retail Store Inc,"335 Main St, Houston, IL 63960"
8659,Restaurant Corp,"781 Main St, Houston, NY 65036"
8660,Clothing Store Inc,"837 Main St, Phoenix, IL 69372"
8661,Grocery Store LLC,"565 Main St, Los Angeles, IL 98686"
8662,Coffee Shop Co,"352 Main St, Chicago, CA 68518"
8663,Restaurant Co,"459 Main St, Houston, CA 25773"
8664,Gas Station Group,"660 Main St, Chicago, NY 69623"
8665,Clothing Store Corp,"762 Main St, Phoenix, IL 67383"
8666,Retail Store Group,"639 Main St, Phoenix, TX 18192"
8667,Gas Station Corp,"153 Main St, Phoenix, TX 39058"
8668,Restaurant Group,"395 Main St, Phoenix, NY 33309"
8669,Clothing Store Group,"201 Main St, Chicago, IL 95124"
8670,Electronics Store Inc,"712 Main St, Chicago, IL 54572"
8671,Grocery Store Group,"239 Main St, Los Angeles, TX 39952"
8672,Pharmacy Corp,"594 Main St, Chicago, IL 48805"
8673,Electronics Store LLC,"176 Main St, New York, IL 54801"
8674,Retail Store Co,"382 Main St, Los Angeles, NY 97123"
8675,Gas Station Group,"246 Main St, New York, IL 51306"
8676,Coffee Shop LLC,"177 Main St, New York, CA 21695"
8677,Gas Station Co,"691 Main St, Chicago, CA 86062"
8678,Coffee Shop Co,"684 Main St, Los Angeles, AZ 30996"
8679,Restaurant LLC,"272 Main St, Phoenix, AZ 58911"
8680,Electronics Store Group,"628 Main St, New York, NY 92592"
8681,Pharmacy Group,"417 Main St, Los Angeles, CA 38670"
8682,Electronics Store LLC,"603 Main St, New York, IL 33485"
8683,Hotel LLC,"254 Main St, Chicago, TX 74181"
8684,Retail Store Group,"839 Main St, Chicago, AZ 81344"
8685,Pharmacy LLC,"532 Main St, New York, TX 85562"
8686,Coffee Shop Inc,"455 Main St, Houston, TX 41867"
8687,Retail Store Co,"735 Main St, Phoenix, TX 88829"
8688,Retail Store Co,"514 Main St, Phoenix, CA 20518"
8689,Coffee Shop Corp,"257 Main St, Phoenix, IL 53487"
8690,Retail Store Group,"374 Main St, Phoenix, NY 47403"
8691,Restaurant Corp,"154 Main St, Phoenix, NY 70261"
8692,Electronics Store Corp,"237 Main St, Houston, CA 16265"
8693,Restaurant Co,"990 Main St, Chicago, AZ 18191"
8694,Electronics Store Inc,"155 Main St, Los Angeles, CA 94395"
8695,Restaurant Group,"951 Main St, Los Angeles, AZ 80148"
8696,Pharmacy LLC,"392 Main St, Los Angeles, IL 73331"
8697,Coffee Shop Group,"328 Main St, Chicago, IL 68225"
8698,Clothing Store LLC,"626 Main St, Chicago, IL 63273"
8699,Pharmacy LLC,"874 Main St, Los Angeles, TX 12198"
8700,Clothing Store Corp,"887 Main St, Chicago, IL 89095"
8701,Electronics Store Corp,"956 Main St, Chicago, CA 50359"
8702,Coffee Shop LLC,"607 Main St, Houston, CA 16264"
8703,Gas Station Co,"274 Main St, Los Angeles, CA 51166"
8704,Restaurant Inc,"230 Main St, New York, CA 89932"
8705,Hotel Inc,"103 Main St, New York, AZ 41656"
8706,Grocery Store LLC,"560 Main St, Chicago, AZ 52041"
8707,Restaurant Inc,"954 Main St, New York, CA 93144"
8708,Hotel Co,"650 Main St, Phoenix, CA 23781"
8709,Pharmacy Corp,"436 Main St, Chicago, NY 68672"
8710,Retail Store LLC,"932 Main St, Phoenix, TX 81638"
8711,Retail Store Inc,"894 Main St, New York, NY 10323"
8712,Hotel LLC,"914 Main St, New York, TX 71651"
8713,Coffee Shop Group,"469 Main St, Houston, TX 27171"
8714,Retail Store LLC,"851 Main St, Houston, CA 83230"
8715,Clothing Store LLC,"260 Main St, Los Angeles, IL 68985"
8716,Coffee Shop Corp,"850 Main St, Chicago, CA 54685"
8717,Restaurant Corp,"241 Main St, New York, IL 12654"
8718,Grocery Store Corp,"152 Main St, New York, IL 65791"
8719,Coffee Shop Inc,"376 Main St, Phoenix, AZ 75419"
8720,Clothing Store Corp,"157 Main St, New York, IL 98917"
8721,Grocery Store Corp,"518 Main St, Phoenix, AZ 72398"
8722,Clothing Store Group,"723 Main St, Los Angeles, IL 44756"
8723,Coffee Shop Co,"537 Main St, Los Angeles, NY 74824"
8724,Retail Store Inc,"506 Main St, Houston, IL 45935"
8725,Coffee Shop Corp,"653 Main St, Chicago, TX 17036"
8726,Gas Station Inc,"601 Main St, Phoenix, IL 44843"
8727,Pharmacy Inc,"813 Main St, Phoenix, CA 57772"
8728,Clothing Store Co,"399 Main St, Houston, TX 44036"
8729,Coffee Shop LLC,"319 Main St, New York, TX 42281"
8730,Clothing Store Group,"350 Main St, Los Angeles, AZ 87418"
8731,Grocery Store Corp,"221 Main St, Houston, CA 62536"
8732,Electronics Store LLC,"974 Main St, Houston, IL 94431"
8733,Clothing Store Group,"163 Main St, Phoenix, NY 90914"
8734,Restaurant Inc,"669 Main St, Chicago, CA 22948"
8735,Electronics Store LLC,"506 Main St, New York, CA 59461"
8736,Restaurant Co,"727 Main St, Los Angeles, AZ 96772"
8737,Electronics Store Inc,"758 Main St, New York, AZ 65579"
8738,Grocery Store LLC,"935 Main St, Chicago, AZ 10802"
8739,Retail Store Corp,"400 Main St, New York, IL 63778"
8740,Pharmacy LLC,"245 Main St, Chicago, CA 53266"
8741,Hotel LLC,"488 Main St, Chicago, AZ 21484"
8742,Electronics Store Corp,"612 Main St, Chicago, NY 29412"
8743,Retail Store Inc,"363 Main St, New York, IL 19138"
8744,Gas Station Inc,"931 Main St, Houston, NY 63489"
8745,Pharmacy Co,"337 Main St, Chicago, TX 83906"
8746,Hotel Inc,"492 Main St, Los Angeles, AZ 97062"
8747,Hotel LLC,"402 Main St, Houston, CA 88351"
8748,Restaurant Group,"739 Main St, Phoenix, NY 33055"
8749,Grocery Store LLC,"984 Main St, New York, TX 61754"
8750,Pharmacy Corp,"595 Main St, Chicago, AZ 63782"
8751,Clothing Store Co,"521 Main St, Phoenix, IL 45459"
8752,Pharmacy Corp,"109 Main St, Phoenix, IL 96797"
8753,Electronics Store Inc,"692 Main St, Chicago, AZ 50979"
8754,Grocery Store Inc,"541 Main St, Los Angeles, AZ 18339"
8755,Clothing Store Inc,"812 Main St, Phoenix, TX 89576"
8756,Grocery Store Corp,"117 Main St, New York, TX 98300"
8757,Gas Station Inc,"410 Main St, Chicago, TX 27551"
8758,Clothing Store Corp,"214 Main St, Los Angeles, CA 77941"
8759,Gas Station Corp,"202 Main St, Chicago, TX 41595"
8760,Gas Station LLC,"233 Main St, New York, NY 99681"
8761,Coffee Shop LLC,"262 Main St, Houston, CA 56299"
8762,Clothing Store Group,"241 Main St, Phoenix, TX 33814"
8763,Retail Store LLC,"363 Main St, New York, NY 94014"
8764,Clothing Store LLC,"248 Main St, Houston, IL 33050"
8765,Hotel Corp,"394 Main St, New York, AZ 67236"
8766,Coffee Shop Co,"429 Main St, Los Angeles, NY 37782"
8767,Retail Store LLC,"673 Main St, New York, TX 20528"
8768,Retail Store Corp,"309 Main St, New York, TX 41828"
8769,Gas Station LLC,"475 Main St, Phoenix, CA 58685"
8770,Grocery Store LLC,"329 Main St, Phoenix, AZ 63252"
8771,Gas Station Corp,"974 Main St, New York, CA 92917"
8772,Retail Store LLC,"859 Main St, Houston, CA 24375"
8773,Pharmacy LLC,"322 Main St, New York, AZ 35004"
8774,Grocery Store Corp,"652 Main St, Houston, AZ 99452"
8775,Hotel Corp,"605 Main St, Phoenix, TX 67570"
8776,Coffee Shop Corp,"224 Main St, New York, CA 10397"
8777,Hotel Group,"884 Main St, Phoenix, IL 17517"
8778,Hotel Inc,"602 Main St, Los Angeles, IL 77309"
8779,Grocery Store Inc,"705 Main St, Los Angeles, CA 95081"
8780,Restaurant Corp,"539 Main St, Chicago, AZ 84966"
8781,Gas Station Corp,"345 Main St, Chicago, TX 17115"
8782,Electronics Store Co,"809 Main St, Chicago, NY 69775"
8783,Restaurant Corp,"979 Main St, New York, IL 29368"
8784,Clothing Store Corp,"345 Main St, Chicago, NY 13654"
8785,Pharmacy Co,"467 Main St, Chicago, IL 71549"
8786,Grocery Store Co,"868 Main St, Chicago, AZ 62715"
8787,Gas Station LLC,"241 Main St, Los Angeles, CA 54737"
8788,Hotel Corp,"810 Main St, Phoenix, CA 54673"
8789,Coffee Shop LLC,"667 Main St, New York, NY 89224"
8790,Electronics Store Co,"165 Main St, New York, NY 59859"
8791,Restaurant Inc,"503 Main St, Los Angeles, CA 16051"
8792,Electronics Store Co,"587 Main St, Los Angeles, CA 87779"
8793,Pharmacy Inc,"824 Main St, New York, CA 22444"
8794,Pharmacy LLC,"445 Main St, New York, NY 29059"
8795,Retail Store LLC,"529 Main St, Chicago, NY 59339"
8796,Grocery Store Co,"634 Main St, Phoenix, IL 24749"
8797,Clothing Store LLC,"166 Main St, Los Angeles, NY 72443"
8798,Restaurant Inc,"865 Main St, Houston, AZ 76993"
8799,Grocery Store LLC,"985 Main St, Phoenix, AZ 57946"
8800,Pharmacy Inc,"958 Main St, New York, NY 57975"
8801,Gas Station Group,"281 Main St, Chicago, CA 53312"
8802,Restaurant Inc,"591 Main St, Chicago, CA 48939"
8803,Restaurant Inc,"776 Main St, New York, AZ 96700"
8804,Electronics Store Group,"128 Main St, New York, NY 70197"
8805,Electronics Store Co,"497 Main St, New York, TX 31477"
8806,Pharmacy Corp,"171 Main St, Houston, CA 39814"
8807,Retail Store Co,"382 Main St, Chicago, NY 54234"
8808,Gas Station Group,"677 Main St, Phoenix, CA 25341"
8809,Coffee Shop Inc,"239 Main St, New York, TX 15772"
8810,Restaurant Corp,"990 Main St, Chicago, NY 42205"
8811,Electronics Store Co,"246 Main St, Houston, CA 81146"
8812,Clothing Store Inc,"323 Main St, Phoenix, IL 57468"
8813,Hotel Corp,"818 Main St, New York, NY 47365"
8814,Retail Store Corp,"101 Main St, New York, NY 90185"
8815,Restaurant Group,"265 Main St, Phoenix, IL 61587"
8816,Hotel Co,"392 Main St, Los Angeles, NY 41064"
8817,Coffee Shop Inc,"741 Main St, Phoenix, IL 18605"
8818,Retail Store LLC,"366 Main St, Los Angeles, AZ 62017"
8819,Gas Station Inc,"790 Main St, New York, NY 90049"
8820,Pharmacy Co,"628 Main St, Houston, TX 78521"
8821,Clothing Store LLC,"494 Main St, Chicago, CA 39384"
8822,Restaurant Group,"328 Main St, Phoenix, NY 70941"
8823,Retail Store Group,"731 Main St, Phoenix, TX 52591"
8824,Coffee Shop LLC,"690 Main St, Phoenix, NY 29929"
8825,Pharmacy Corp,"597 Main St, Los Angeles, CA 41761"
8826,Hotel Co,"173 Main St, Phoenix, AZ 77260"
8827,Pharmacy LLC,"258 Main St, Los Angeles, AZ 36118"
8828,Pharmacy Inc,"204 Main St, Chicago, NY 59464"
8829,Restaurant Co,"103 Main St, New York, AZ 60108"
8830,Pharmacy Corp,"917 Main St, Los Angeles, TX 45416"
8831,Hotel LLC,"192 Main St, New York, CA 73503"
8832,Hotel Group,"980 Main St, Houston, IL 26167"
8833,Pharmacy Inc,"312 Main St, Phoenix, IL 89202"
8834,Electronics Store Corp,"902 Main St, New York, TX 20899"
8835,Electronics Store LLC,"476 Main St, Phoenix, AZ 22487"
8836,Retail Store Group,"553 Main St, Los Angeles, NY 40066"
8837,Coffee Shop Group,"187 Main St, Houston, CA 46234"
8838,Clothing Store Co,"513 Main St, Houston, TX 92406"
8839,Pharmacy Co,"203 Main St, Los Angeles, AZ 15916"
8840,Pharmacy Co,"595 Main St, Houston, CA 59622"
8841,Grocery Store Inc,"261 Main St, Los Angeles, AZ 89630"
8842,Gas Station Corp,"800 Main St, Chicago, AZ 84513"
8843,Restaurant Group,"804 Main St, Los Angeles, IL 59138"
8844,Grocery Store Co,"532 Main St, Chicago, CA 77716"
8845,Gas Station Corp,"640 Main St, Phoenix, TX 78798"
8846,Pharmacy LLC,"607 Main St, Los Angeles, TX 54520"
8847,Clothing Store Co,"516 Main St, Houston, AZ 33902"
8848,Hotel Co,"195 Main St, Phoenix, AZ 62561"
8849,Pharmacy Inc,"970 Main St, Chicago, TX 36131"
8850,Hotel Corp,"520 Main St, Los Angeles, CA 88694"
8851,Gas Station Inc,"245 Main St, New York, IL 65713"
8852,Coffee Shop LLC,"305 Main St, Los Angeles, IL 99627"
8853,Clothing Store Group,"923 Main St, New York, TX 67927"
8854,Retail Store LLC,"307 Main St, New York, CA 67252"
8855,Clothing Store LLC,"804 Main St, Houston, IL 64517"
8856,Retail Store Corp,"558 Main St, Los Angeles, NY 88498"
8857,Pharmacy Corp,"703 Main St, Houston, TX 73676"
8858,Restaurant Corp,"710 Main St, Los Angeles, CA 22999"
8859,Coffee Shop Corp,"794 Main St, Houston, NY 77303"
8860,Hotel Corp,"206 Main St, New York, IL 98497"
8861,Clothing Store Corp,"358 Main St, Houston, IL 82202"
8862,Clothing Store Inc,"949 Main St, Houston, AZ 66000"
8863,Clothing Store LLC,"496 Main St, Los Angeles, TX 67584"
8864,Grocery Store Co,"451 Main St, Houston, NY 22504"
8865,Hotel Corp,"102 Main St, Phoenix, IL 87228"
8866,Grocery Store Group,"516 Main St, Chicago, CA 79146"
8867,Gas Station Co,"476 Main St, Houston, TX 46330"
8868,Clothing Store LLC,"758 Main St, Phoenix, IL 23780"
8869,Clothing Store Inc,"149 Main St, Houston, TX 39133"
8870,Gas Station Co,"469 Main St, Los Angeles, IL 44629"
8871,Grocery Store Co,"290 Main St, Houston, TX 50694"
8872,Clothing Store LLC,"223 Main St, Houston, TX 11638"
8873,Gas Station Inc,"924 Main St, Houston, NY 55527"
8874,Pharmacy Group,"447 Main St, Houston, NY 54377"
8875,Gas Station LLC,"304 Main St, Phoenix, CA 76184"
8876,Restaurant Corp,"564 Main St, Phoenix, TX 60864"
8877,Clothing Store Corp,"548 Main St, Phoenix, CA 65684"
8878,Electronics Store Corp,"174 Main St, New York, AZ 67748"
8879,Gas Station Corp,"180 Main St, Phoenix, AZ 36726"
8880,Hotel Co,"401 Main St, Los Angeles, AZ 91918"
8881,Retail Store LLC,"324 Main St, Phoenix, NY 89480"
8882,Hotel Inc,"987 Main St, Houston, TX 75710"
8883,Clothing Store Corp,"412 Main St, Houston, CA 12425"
8884,Hotel Corp,"770 Main St, Los Angeles, AZ 43737"
8885,Coffee Shop Corp,"363 Main St, Houston, AZ 91870"
8886,Pharmacy Co,"127 Main St, New York, IL 25235"
8887,Coffee Shop Corp,"921 Main St, Chicago, NY 28423"
8888,Gas Station Group,"507 Main St, New York, NY 30488"
8889,Hotel LLC,"487 Main St, Los Angeles, NY 96413"
8890,Coffee Shop Corp,"331 Main St, New York, NY 35350"
8891,Electronics Store Inc,"621 Main St, New York, AZ 82167"
8892,Gas Station Corp,"197 Main St, Houston, CA 46012"
8893,Pharmacy Group,"268 Main St, Chicago, IL 32348"
8894,Clothing Store Inc,"254 Main St, Chicago, AZ 10982"
8895,Clothing Store Corp,"485 Main St, Chicago, TX 41015"
8896,Gas Station LLC,"266 Main St, Los Angeles, AZ 34530"
8897,Pharmacy Group,"931 Main St, Houston, NY 67828"
8898,Electronics Store LLC,"437 Main St, Chicago, AZ 14594"
8899,Coffee Shop Group,"558 Main St, New York, CA 64112"
8900,Pharmacy Corp,"171 Main St, Chicago, TX 12110"
8901,Hotel LLC,"957 Main St, Houston, TX 83830"
8902,Electronics Store Corp,"839 Main St, Los Angeles, TX 26940"
8903,Clothing Store LLC,"302 Main St, Houston, AZ 42641"
8904,Pharmacy Group,"363 Main St, Phoenix, IL 67189"
8905,Coffee Shop Inc,"930 Main St, Los Angeles, TX 47046"
8906,Gas Station LLC,"417 Main St, New York, CA 17520"
8907,Pharmacy Group,"270 Main St, Houston, CA 72745"
8908,Restaurant Co,"930 Main St, Los Angeles, NY 69103"
8909,Electronics Store Corp,"855 Main St, Houston, CA 45587"
8910,Grocery Store Corp,"530 Main St, Houston, IL 22621"
8911,Retail Store LLC,"607 Main St, Chicago, IL 46910"
8912,Restaurant Group,"739 Main St, New York, TX 77738"
8913,Electronics Store LLC,"420 Main St, Phoenix, CA 46209"
8914,Restaurant Inc,"967 Main St, New York, AZ 51690"
8915,Grocery Store Group,"715 Main St, Phoenix, AZ 10559"
8916,Pharmacy Corp,"307 Main St, Phoenix, TX 40110"
8917,Pharmacy Co,"283 Main St, Chicago, IL 16276"
8918,Coffee Shop Corp,"861 Main St, New York, IL 77611"
8919,Gas Station LLC,"186 Main St, Houston, IL 51434"
8920,Electronics Store Inc,"696 Main St, New York, CA 80667"
8921,Hotel Group,"312 Main St, Houston, CA 69211"
8922,Grocery Store Group,"221 Main St, Los Angeles, IL 60240"
8923,Clothing Store Inc,"185 Main St, Los Angeles, NY 19495"
8924,Clothing Store Inc,"381 Main St, Phoenix, TX 16369"
8925,Pharmacy Group,"859 Main St, New York, CA 86773"
8926,Grocery Store Co,"402 Main St, New York, CA 83175"
8927,Hotel Co,"172 Main St, Phoenix, TX 65905"
8928,Coffee Shop Co,"390 Main St, Chicago, TX 84465"
8929,Retail Store Group,"548 Main St, Los Angeles, IL 44586"
8930,Retail Store Inc,"523 Main St, Phoenix, AZ 66214"
8931,Grocery Store Co,"646 Main St, Chicago, IL 69112"
8932,Pharmacy Inc,"625 Main St, Los Angeles, TX 11638"
8933,Gas Station Group,"782 Main St, Phoenix, AZ 53554"
8934,Restaurant LLC,"227 Main St, Houston, TX 48807"
8935,Electronics Store Inc,"707 Main St, New York, TX 33795"
8936,Coffee Shop Corp,"339 Main St, Chicago, TX 62735"
8937,Coffee Shop LLC,"873 Main St, Phoenix, TX 50466"
8938,Restaurant Co,"287 Main St, Houston, AZ 26791"
8939,Hotel LLC,"240 Main St, Los Angeles, AZ 74507"
8940,Clothing Store Group,"651 Main St, Los Angeles, TX 65000"
8941,Electronics Store Inc,"735 Main St, New York, CA 17453"
8942,Coffee Shop Co,"407 Main St, Chicago, CA 71467"
8943,Retail Store Inc,"259 Main St, Houston, AZ 21925"
8944,Clothing Store Group,"431 Main St, Phoenix, IL 38179"
8945,Restaurant Group,"676 Main St, Phoenix, NY 81671"
8946,Grocery Store Group,"574 Main St, Houston, IL 32953"
8947,Hotel Group,"164 Main St, Chicago, IL 25164"
8948,Electronics Store Corp,"717 Main St, New York, TX 15232"
8949,Clothing Store Group,"344 Main St, Phoenix, TX 94701"
8950,Hotel Co,"655 Main St, Houston, IL 62400"
8951,Electronics Store Corp,"403 Main St, Phoenix, IL 34258"
8952,Coffee Shop Inc,"596 Main St, Chicago, AZ 69363"
8953,Grocery Store Inc,"433 Main St, Los Angeles, AZ 28736"
8954,Retail Store Group,"932 Main St, Houston, IL 72879"
8955,Electronics Store Co,"511 Main St, Los Angeles, IL 44806"
8956,Gas Station Group,"987 Main St, New York, TX 95068"
8957,Electronics Store LLC,"108 Main St, New York, CA 19163"
8958,Pharmacy Inc,"141 Main St, New York, CA 55857"
8959,Clothing Store LLC,"881 Main St, New York, IL 33882"
8960,Restaurant Group,"938 Main St, New York, AZ 10872"
8961,Hotel Co,"275 Main St, Chicago, IL 21314"
8962,Retail Store Inc,"603 Main St, Los Angeles, IL 32841"
8963,Hotel LLC,"491 Main St, Los Angeles, TX 86674"
8964,Electronics Store Corp,"271 Main St, Houston, TX 33202"
8965,Retail Store Group,"327 Main St, Phoenix, AZ 48613"
8966,Grocery Store LLC,"926 Main St, Chicago, NY 45309"
8967,Hotel Inc,"237 Main St, Chicago, NY 14114"
8968,Hotel LLC,"812 Main St, Phoenix, CA 87512"
8969,Restaurant LLC,"986 Main St, New York, CA 40988"
8970,Retail Store LLC,"495 Main St, New York, NY 48460"
8971,Pharmacy Corp,"177 Main St, Chicago, TX 59322"
8972,Gas Station LLC,"919 Main St, Phoenix, IL 70801"
8973,Coffee Shop LLC,"830 Main St, Los Angeles, IL 82202"
8974,Retail Store Inc,"501 Main St, Phoenix, NY 16469"
8975,Hotel Group,"352 Main St, Los Angeles, CA 59840"
8976,Hotel Co,"217 Main St, New York, NY 91866"
8977,Electronics Store LLC,"606 Main St, Los Angeles, AZ 19966"
8978,Electronics Store Co,"798 Main St, Houston, IL 18105"
8979,Pharmacy LLC,"453 Main St, Los Angeles, CA 74465"
8980,Hotel Co,"580 Main St, New York, TX 69831"
8981,Gas Station Group,"273 Main St, Houston, CA 90246"
8982,Clothing Store Corp,"522 Main St, New York, TX 28475"
8983,Hotel Group,"403 Main St, Houston, IL 55949"
8984,Coffee Shop LLC,"568 Main St, Chicago, NY 19572"
8985,Grocery Store Corp,"648 Main St, Phoenix, IL 19660"
8986,Hotel Inc,"899 Main St, New York, NY 47016"
8987,Clothing Store Inc,"201 Main St, Chicago, AZ 79124"
8988,Hotel Inc,"519 Main St, New York, AZ 74633"
8989,Gas Station LLC,"903 Main St, Los Angeles, CA 95388"
8990,Hotel Group,"509 Main St, New York, CA 77320"
8991,Pharmacy Group,"417 Main St, New York, IL 90742"
8992,Grocery Store LLC,"630 Main St, Houston, AZ 15618"
8993,Restaurant Co,"898 Main St, Los Angeles, IL 33519"
8994,Restaurant Inc,"472 Main St, Los Angeles, CA 20410"
8995,Hotel Inc,"936 Main St, Houston, IL 81108"
8996,Hotel Inc,"344 Main St, New York, IL 71931"
8997,Grocery Store Inc,"572 Main St, Phoenix, NY 66357"
8998,Pharmacy Inc,"392 Main St, New York, CA 56207"
8999,Retail Store LLC,"503 Main St, Houston, NY 23652"
9000,Coffee Shop Co,"450 Main St, Chicago, CA 91871"
9001,Clothing Store LLC,"250 Main St, New York, AZ 44511"
9002,Grocery Store Inc,"128 Main St, Phoenix, TX 94738"
9003,Clothing Store LLC,"188 Main St, New York, AZ 49413"
9004,Retail Store Group,"498 Main St, Chicago, AZ 26339"
9005,Retail Store Group,"665 Main St, Phoenix, TX 91860"
9006,Retail Store Group,"308 Main St, Los Angeles, IL 51191"
9007,Retail Store LLC,"542 Main St, Los Angeles, IL 69828"
9008,Restaurant LLC,"698 Main St, Houston, TX 64389"
9009,Coffee Shop LLC,"916 Main St, Los Angeles, AZ 40062"
9010,Grocery Store Co,"235 Main St, Phoenix, CA 74820"
9011,Restaurant Co,"822 Main St, Los Angeles, AZ 18349"
9012,Clothing Store Co,"530 Main St, Chicago, CA 19845"
9013,Gas Station Corp,"408 Main St, Houston, CA 13065"
9014,Retail Store Group,"293 Main St, New York, IL 35046"
9015,Restaurant LLC,"659 Main St, New York, CA 54277"
9016,Electronics Store Corp,"864 Main St, New York, NY 39571"
9017,Grocery Store LLC,"861 Main St, Chicago, AZ 19668"
9018,Coffee Shop LLC,"426 Main St, Chicago, NY 62138"
9019,Electronics Store LLC,"975 Main St, Chicago, AZ 92812"
9020,Gas Station Group,"703 Main St, Los Angeles, NY 38437"
9021,Pharmacy Inc,"455 Main St, New York, TX 40250"
9022,Clothing Store Inc,"528 Main St, Houston, TX 65051"
9023,Hotel Inc,"847 Main St, Phoenix, IL 30626"
9024,Gas Station Corp,"461 Main St, Los Angeles, TX 85752"
9025,Clothing Store Group,"222 Main St, Phoenix, CA 85409"
9026,Grocery Store Corp,"810 Main St, Chicago, AZ 33406"
9027,Gas Station Co,"274 Main St, Houston, AZ 74361"
9028,Hotel Co,"701 Main St, Los Angeles, IL 37624"
9029,Restaurant Inc,"818 Main St, Phoenix, NY 14696"
9030,Gas Station LLC,"872 Main St, Los Angeles, CA 83499"
9031,Hotel Corp,"993 Main St, Los Angeles, IL 62435"
9032,Electronics Store Inc,"220 Main St, Phoenix, CA 47514"
9033,Restaurant Inc,"618 Main St, Phoenix, AZ 16052"
9034,Hotel Corp,"360 Main St, Chicago, AZ 56957"
9035,Pharmacy LLC,"413 Main St, Houston, TX 92066"
9036,Gas Station Inc,"174 Main St, New York, CA 48203"
9037,Clothing Store Inc,"737 Main St, Houston, TX 56317"
9038,Coffee Shop Corp,"887 Main St, Phoenix, CA 44852"
9039,Grocery Store Inc,"555 Main St, Los Angeles, IL 77041"
9040,Electronics Store Co,"119 Main St, Chicago, CA 98359"
9041,Hotel Corp,"643 Main St, Houston, AZ 56434"
9042,Grocery Store Corp,"375 Main St, Phoenix, IL 62806"
9043,Coffee Shop Inc,"679 Main St, Los Angeles, IL 65012"
9044,Electronics Store Inc,"914 Main St, New York, AZ 45039"
9045,Grocery Store Co,"276 Main St, Houston, CA 32743"
9046,Clothing Store Co,"921 Main St, Houston, TX 33508"
9047,Electronics Store LLC,"213 Main St, New York, AZ 94283"
9048,Clothing Store Corp,"720 Main St, Chicago, AZ 76907"
9049,Electronics Store Group,"808 Main St, Phoenix, IL 80899"
9050,Restaurant Inc,"264 Main St, New York, IL 49009"
9051,Gas Station Group,"448 Main St, Houston, CA 96129"
9052,Hotel Group,"722 Main St, Phoenix, CA 13106"
9053,Pharmacy Inc,"720 Main St, Phoenix, CA 51311"
9054,Hotel Corp,"453 Main St, Houston, AZ 54976"
9055,Restaurant Co,"145 Main St, Houston, CA 35368"
9056,Clothing Store Co,"957 Main St, Chicago, TX 78254"
9057,Electronics Store Co,"791 Main St, Los Angeles, IL 10215"
9058,Coffee Shop Group,"764 Main St, Houston, NY 34274"
9059,Restaurant Corp,"660 Main St, New York, CA 63149"
9060,Electronics Store LLC,"923 Main St, Phoenix, IL 60805"
9061,Retail Store Inc,"271 Main St, Houston, TX 58793"
9062,Pharmacy Corp,"240 Main St, Los Angeles, NY 57211"
9063,Grocery Store LLC,"133 Main St, Phoenix, CA 96050"
9064,Electronics Store Co,"888 Main St, New York, AZ 40619"
9065,Retail Store Corp,"481 Main St, Phoenix, IL 42313"
9066,Coffee Shop Inc,"279 Main St, Chicago, NY 89355"
9067,Grocery Store Co,"785 Main St, Houston, NY 40467"
9068,Coffee Shop Corp,"801 Main St, Chicago, NY 50648"
9069,Clothing Store Co,"586 Main St, Chicago, AZ 24297"
9070,Hotel Co,"119 Main St, Los Angeles, IL 19779"
9071,Restaurant Group,"427 Main St, Chicago, TX 18874"
9072,Coffee Shop Co,"538 Main St, Chicago, TX 66681"
9073,Grocery Store Corp,"667 Main St, Phoenix, CA 74994"
9074,Grocery Store LLC,"522 Main St, Los Angeles, IL 51048"
9075,Gas Station Group,"208 Main St, Los Angeles, NY 43586"
9076,Restaurant Corp,"715 Main St, Houston, NY 56476"
9077,Coffee Shop Inc,"692 Main St, Phoenix, NY 90961"
9078,Gas Station Corp,"417 Main St, Phoenix, IL 42802"
9079,Grocery Store LLC,"428 Main St, Los Angeles, TX 37700"
9080,Hotel Corp,"183 Main St, Los Angeles, TX 52377"
9081,Retail Store Group,"674 Main St, Houston, IL 29628"
9082,Pharmacy LLC,"347 Main St, Phoenix, AZ 15683"
9083,Electronics Store Inc,"458 Main St, Los Angeles, IL 93068"
9084,Clothing Store Co,"348 Main St, Phoenix, CA 31797"
9085,Restaurant Co,"535 Main St, Phoenix, IL 96267"
9086,Pharmacy Co,"357 Main St, Chicago, AZ 47476"
9087,Retail Store Inc,"360 Main St, Houston, IL 58028"
9088,Hotel Group,"440 Main St, Houston, CA 28926"
9089,Gas Station LLC,"931 Main St, Chicago, TX 56238"
9090,Gas Station Inc,"728 Main St, Houston, NY 48980"
9091,Restaurant Corp,"508 Main St, Phoenix, IL 53807"
9092,Electronics Store Co,"662 Main St, Phoenix, IL 96629"
9093,Hotel Corp,"171 Main St, Los Angeles, TX 94843"
9094,Clothing Store Group,"164 Main St, Chicago, IL 95617"
9095,Gas Station Corp,"414 Main St, Chicago, TX 51484"
9096,Retail Store Corp,"312 Main St, Houston, IL 33378"
9097,Coffee Shop Group,"536 Main St, Chicago, AZ 70720"
9098,Restaurant Inc,"154 Main St, Phoenix, AZ 32673"
9099,Clothing Store Corp,"493 Main St, Houston, NY 17203"
9100,Retail Store Inc,"664 Main St, Chicago, CA 56047"
9101,Retail Store Corp,"301 Main St, Chicago, TX 50573"
9102,Electronics Store Corp,"415 Main St, New York, CA 96834"
9103,Clothing Store Co,"134 Main St, Phoenix, AZ 57135"
9104,Gas Station Group,"761 Main St, Los Angeles, IL 89118"
9105,Gas Station LLC,"285 Main St, Chicago, NY 65237"
9106,Clothing Store Corp,"285 Main St, Chicago, TX 43564"
9107,Hotel Inc,"308 Main St, New York, AZ 14192"
9108,Hotel Corp,"727 Main St, Houston, IL 90871"
9109,Pharmacy Co,"795 Main St, New York, CA 18645"
9110,Grocery Store Inc,"926 Main St, Houston, CA 63141"
9111,Clothing Store Inc,"563 Main St, Los Angeles, AZ 79350"
9112,Gas Station Corp,"351 Main St, New York, NY 64554"
9113,Coffee Shop Group,"289 Main St, New York, CA 25907"
9114,Restaurant Co,"421 Main St, Phoenix, TX 79288"
9115,Coffee Shop Inc,"679 Main St, Phoenix, TX 64462"
9116,Coffee Shop Group,"262 Main St, New York, TX 53157"
9117,Gas Station LLC,"282 Main St, New York, AZ 25063"
9118,Clothing Store Corp,"953 Main St, New York, NY 97179"
9119,Hotel LLC,"242 Main St, Houston, TX 91976"
9120,Clothing Store Group,"170 Main St, Los Angeles, NY 57861"
9121,Gas Station Corp,"543 Main St, Phoenix, CA 59900"
9122,Hotel Co,"535 Main St, Chicago, NY 24071"
9123,Electronics Store Corp,"546 Main St, New York, AZ 21295"
9124,Pharmacy Co,"724 Main St, New York, NY 66321"
9125,Grocery Store LLC,"439 Main St, Chicago, AZ 20638"
9126,Grocery Store Corp,"948 Main St, New York, TX 96552"
9127,Gas Station Co,"984 Main St, Houston, IL 17419"
9128,Clothing Store Group,"647 Main St, Chicago, CA 49516"
9129,Hotel Corp,"402 Main St, Phoenix, TX 95656"
9130,Electronics Store LLC,"987 Main St, Phoenix, IL 44024"
9131,Gas Station Inc,"429 Main St, Chicago, CA 42052"
9132,Gas Station Corp,"943 Main St, New York, CA 36278"
9133,Hotel Group,"409 Main St, Chicago, IL 27043"
9134,Grocery Store Inc,"597 Main St, Houston, TX 35079"
9135,Gas Station Co,"933 Main St, Phoenix, CA 26343"
9136,Coffee Shop Group,"967 Main St, Los Angeles, CA 84529"
9137,Gas Station Co,"950 Main St, Chicago, AZ 34182"
9138,Coffee Shop Corp,"953 Main St, Houston, IL 59520"
9139,Retail Store Group,"750 Main St, New York, NY 69452"
9140,Clothing Store Group,"798 Main St, New York, AZ 71256"
9141,Retail Store LLC,"188 Main St, Phoenix, IL 41013"
9142,Restaurant Corp,"652 Main St, Phoenix, TX 97493"
9143,Pharmacy Co,"480 Main St, Los Angeles, IL 34025"
9144,Restaurant Inc,"909 Main St, Phoenix, CA 94644"
9145,Electronics Store Corp,"466 Main St, New York, IL 60599"
9146,Electronics Store Inc,"481 Main St, Phoenix, TX 98986"
9147,Restaurant Group,"903 Main St, Houston, AZ 49953"
9148,Gas Station Co,"581 Main St, Los Angeles, TX 30304"
9149,Coffee Shop Co,"532 Main St, Houston, TX 93503"
9150,Electronics Store Co,"943 Main St, Phoenix, NY 59565"
9151,Electronics Store Corp,"149 Main St, New York, IL 47981"
9152,Pharmacy Co,"755 Main St, New York, CA 50009"
9153,Coffee Shop Inc,"171 Main St, New York, NY 42003"
9154,Hotel Co,"956 Main St, Los Angeles, AZ 66245"
9155,Clothing Store Corp,"721 Main St, New York, CA 83391"
9156,Retail Store Group,"569 Main St, Chicago, TX 21846"
9157,Hotel Co,"250 Main St, Los Angeles, IL 69026"
9158,Retail Store LLC,"387 Main St, Phoenix, NY 98409"
9159,Coffee Shop LLC,"507 Main St, Houston, AZ 67152"
9160,Grocery Store Corp,"762 Main St, Chicago, CA 42759"
9161,Clothing Store Corp,"176 Main St, Houston, TX 62692"
9162,Pharmacy Co,"192 Main St, New York, TX 93266"
9163,Gas Station Inc,"778 Main St, Houston, NY 91197"
9164,Clothing Store LLC,"247 Main St, Phoenix, TX 97913"
9165,Electronics Store LLC,"360 Main St, Los Angeles, NY 76741"
9166,Retail Store Co,"804 Main St, Chicago, TX 59420"
9167,Gas Station Inc,"711 Main St, Phoenix, TX 66268"
9168,Coffee Shop LLC,"624 Main St, New York, NY 64752"
9169,Coffee Shop Co,"595 Main St, New York, NY 96970"
9170,Pharmacy Co,"507 Main St, Houston, TX 55484"
9171,Pharmacy LLC,"300 Main St, Chicago, AZ 71121"
9172,Retail Store Corp,"375 Main St, Phoenix, AZ 69524"
9173,Restaurant LLC,"594 Main St, Chicago, CA 61551"
9174,Coffee Shop Co,"378 Main St, New York, AZ 78407"
9175,Retail Store LLC,"817 Main St, Phoenix, AZ 67768"
9176,Clothing Store Group,"697 Main St, Los Angeles, AZ 35349"
9177,Electronics Store Inc,"285 Main St, Phoenix, IL 38284"
9178,Coffee Shop Corp,"894 Main St, Los Angeles, CA 14508"
9179,Clothing Store Corp,"726 Main St, Phoenix, NY 67394"
9180,Retail Store Group,"682 Main St, Chicago, NY 19889"
9181,Gas Station Co,"266 Main St, Chicago, NY 91745"
9182,Electronics Store LLC,"562 Main St, Los Angeles, CA 52164"
9183,Hotel Inc,"831 Main St, Phoenix, AZ 77537"
9184,Retail Store LLC,"504 Main St, Los Angeles, NY 61835"
9185,Electronics Store LLC,"784 Main St, Houston, CA 97087"
9186,Grocery Store LLC,"912 Main St, Los Angeles, NY 25869"
9187,Grocery Store LLC,"882 Main St, New York, TX 90895"
9188,Electronics Store Group,"871 Main St, Chicago, CA 70254"
9189,Retail Store Group,"430 Main St, New York, AZ 64620"
9190,Hotel LLC,"967 Main St, Houston, NY 43109"
9191,Electronics Store Corp,"515 Main St, Chicago, NY 45261"
9192,Retail Store Corp,"769 Main St, Los Angeles, AZ 96346"
9193,Clothing Store Inc,"814 Main St, Phoenix, AZ 60247"
9194,Clothing Store LLC,"816 Main St, Chicago, CA 73030"
9195,Gas Station Group,"115 Main St, Los Angeles, NY 47717"
9196,Gas Station Group,"299 Main St, Phoenix, NY 92579"
9197,Restaurant Co,"190 Main St, Los Angeles, AZ 81548"
9198,Electronics Store Group,"180 Main St, Chicago, AZ 75362"
9199,Electronics Store Co,"321 Main St, Houston, TX 34001"
9200,Electronics Store Corp,"349 Main St, Phoenix, AZ 57661"
9201,Clothing Store LLC,"332 Main St, Phoenix, IL 16088"
9202,Coffee Shop Co,"715 Main St, Houston, CA 72311"
9203,Gas Station Co,"626 Main St, Chicago, AZ 11138"
9204,Grocery Store Corp,"621 Main St, New York, CA 72282"
9205,Electronics Store Inc,"146 Main St, Chicago, IL 19611"
9206,Clothing Store Co,"757 Main St, Chicago, NY 22628"
9207,Grocery Store LLC,"663 Main St, Los Angeles, CA 21044"
9208,Gas Station LLC,"817 Main St, Houston, IL 53227"
9209,Gas Station Co,"691 Main St, Houston, AZ 76298"
9210,Retail Store Corp,"124 Main St, New York, NY 55851"
9211,Electronics Store Co,"295 Main St, Chicago, AZ 71648"
9212,Coffee Shop Corp,"903 Main St, Los Angeles, CA 78075"
9213,Coffee Shop Inc,"441 Main St, Los Angeles, IL 18506"
9214,Gas Station LLC,"874 Main St, Los Angeles, IL 15245"
9215,Pharmacy LLC,"887 Main St, Phoenix, AZ 65122"
9216,Electronics Store Group,"893 Main St, Phoenix, NY 32787"
9217,Electronics Store Co,"613 Main St, Los Angeles, NY 98308"
9218,Restaurant Group,"184 Main St, Houston, CA 74503"
9219,Hotel LLC,"821 Main St, New York, AZ 22411"
9220,Pharmacy LLC,"167 Main St, Houston, CA 95032"
9221,Coffee Shop Corp,"322 Main St, Houston, TX 27935"
9222,Gas Station Corp,"826 Main St, Houston, NY 51023"
9223,Pharmacy Corp,"628 Main St, Chicago, IL 81377"
9224,Retail Store Group,"209 Main St, New York, CA 57603"
9225,Hotel Co,"795 Main St, New York, NY 59247"
9226,Pharmacy LLC,"582 Main St, Chicago, IL 15162"
9227,Coffee Shop Group,"492 Main St, Houston, IL 47210"
9228,Clothing Store LLC,"364 Main St, Los Angeles, AZ 45621"
9229,Clothing Store Corp,"906 Main St, Los Angeles, IL 36906"
9230,Coffee Shop Group,"653 Main St, Phoenix, TX 53942"
9231,Clothing Store LLC,"450 Main St, Houston, AZ 18991"
9232,Pharmacy Inc,"133 Main St, Houston, TX 19083"
9233,Retail Store Corp,"661 Main St, Los Angeles, AZ 71423"
9234,Clothing Store LLC,"860 Main St, Houston, NY 95893"
9235,Gas Station Co,"767 Main St, Houston, NY 63822"
9236,Hotel Group,"268 Main St, Houston, IL 75036"
9237,Coffee Shop Group,"913 Main St, Chicago, NY 43521"
9238,Hotel LLC,"291 Main St, New York, AZ 31802"
9239,Hotel Co,"298 Main St, Los Angeles, CA 78427"
9240,Hotel Group,"103 Main St, Phoenix, NY 77512"
9241,Restaurant Inc,"644 Main St, Houston, NY 93575"
9242,Gas Station Corp,"414 Main St, Chicago, IL 10454"
9243,Grocery Store Co,"625 Main St, Los Angeles, IL 51337"
9244,Grocery Store LLC,"644 Main St, Houston, AZ 16650"
9245,Retail Store Corp,"578 Main St, Phoenix, IL 49543"
9246,Gas Station Corp,"936 Main St, Phoenix, NY 35608"
9247,Coffee Shop Group,"768 Main St, New York, AZ 41761"
9248,Grocery Store Co,"917 Main St, Chicago, AZ 43513"
9249,Electronics Store Inc,"570 Main St, New York, CA 16843"
9250,Electronics Store Corp,"501 Main St, Chicago, TX 99774"
9251,Gas Station LLC,"134 Main St, Phoenix, AZ 49792"
9252,Hotel Corp,"293 Main St, Chicago, IL 87163"
9253,Pharmacy Inc,"968 Main St, New York, CA 33814"
9254,Coffee Shop Co,"636 Main St, Houston, NY 30518"
9255,Coffee Shop Corp,"599 Main St, Houston, NY 36246"
9256,Gas Station LLC,"364 Main St, Phoenix, NY 28747"
9257,Hotel Corp,"382 Main St, Houston, NY 19412"
9258,Retail Store Inc,"844 Main St, Los Angeles, CA 46403"
9259,Pharmacy Corp,"178 Main St, New York, TX 42593"
9260,Grocery Store Co,"883 Main St, Chicago, AZ 16610"
9261,Pharmacy Corp,"749 Main St, New York, AZ 67234"
9262,Gas Station Group,"309 Main St, New York, IL 23303"
9263,Grocery Store Corp,"971 Main St, Los Angeles, CA 75931"
9264,Clothing Store Co,"423 Main St, New York, CA 15072"
9265,Clothing Store Corp,"959 Main St, Los Angeles, NY 16327"
9266,Retail Store LLC,"436 Main St, Chicago, IL 92975"
9267,Restaurant Group,"396 Main St, New York, CA 57172"
9268,Restaurant Group,"824 Main St, Chicago, TX 89830"
9269,Coffee Shop LLC,"195 Main St, New York, CA 66073"
9270,Hotel LLC,"693 Main St, Los Angeles, AZ 50973"
9271,Coffee Shop Group,"915 Main St, Houston, IL 24745"
9272,Gas Station LLC,"805 Main St, New York, IL 51328"
9273,Grocery Store LLC,"254 Main St, Los Angeles, IL 83112"
9274,Restaurant Co,"371 Main St, Los Angeles, CA 99812"
9275,Hotel LLC,"517 Main St, New York, IL 62845"
9276,Gas Station Corp,"986 Main St, Houston, NY 56971"
9277,Clothing Store Corp,"186 Main St, Houston, IL 70189"
9278,Coffee Shop Group,"117 Main St, New York, AZ 32243"
9279,Restaurant Group,"419 Main St, Houston, AZ 80882"
9280,Hotel Co,"786 Main St, Phoenix, CA 58196"
9281,Restaurant Group,"426 Main St, Chicago, IL 51586"
9282,Hotel Corp,"920 Main St, Houston, TX 97629"
9283,Retail Store Group,"582 Main St, New York, NY 26576"
9284,Clothing Store Inc,"208 Main St, New York, TX 48517"
9285,Hotel Co,"941 Main St, Phoenix, TX 16266"
9286,Hotel Inc,"956 Main St, Houston, NY 19965"
9287,Pharmacy Inc,"308 Main St, Los Angeles, AZ 11162"
9288,Retail Store Co,"654 Main St, Chicago, CA 11497"
9289,Electronics Store Inc,"302 Main St, Los Angeles, IL 93372"
9290,Retail Store Inc,"699 Main St, New York, TX 62593"
9291,Hotel Group,"329 Main St, Phoenix, NY 30137"
9292,Electronics Store LLC,"100 Main St, Chicago, IL 65105"
9293,Pharmacy Group,"132 Main St, Los Angeles, AZ 53436"
9294,Clothing Store Corp,"635 Main St, Houston, NY 31758"
9295,Coffee Shop Co,"460 Main St, Houston, TX 18166"
9296,Clothing Store LLC,"968 Main St, Phoenix, AZ 25053"
9297,Gas Station Group,"811 Main St, Houston, NY 55031"
9298,Pharmacy Corp,"970 Main St, New York, TX 93630"
9299,Retail Store Group,"900 Main St, Phoenix, CA 51071"
9300,Coffee Shop Group,"162 Main St, Chicago, NY 78376"
9301,Coffee Shop Co,"778 Main St, Houston, CA 38935"
9302,Grocery Store Inc,"497 Main St, Phoenix, NY 25521"
9303,Coffee Shop Co,"520 Main St, Los Angeles, TX 28859"
9304,Grocery Store Inc,"380 Main St, Houston, CA 51386"
9305,Pharmacy Co,"592 Main St, Phoenix, TX 33760"
9306,Restaurant Co,"533 Main St, Chicago, CA 59746"
9307,Retail Store Co,"200 Main St, Chicago, AZ 16158"
9308,Clothing Store LLC,"295 Main St, Chicago, NY 19142"
9309,Pharmacy Group,"555 Main St, Chicago, NY 91946"
9310,Restaurant Corp,"571 Main St, New York, TX 95467"
9311,Gas Station LLC,"400 Main St, Phoenix, IL 37123"
9312,Retail Store Group,"673 Main St, Houston, AZ 80715"
9313,Coffee Shop Corp,"892 Main St, Los Angeles, AZ 49337"
9314,Clothing Store LLC,"536 Main St, Phoenix, IL 24326"
9315,Pharmacy LLC,"116 Main St, Los Angeles, TX 90654"
9316,Hotel Corp,"822 Main St, Los Angeles, IL 54852"
9317,Coffee Shop Corp,"116 Main St, Chicago, TX 51818"
9318,Clothing Store Group,"888 Main St, Phoenix, TX 99658"
9319,Gas Station Inc,"536 Main St, Phoenix, CA 95962"
9320,Coffee Shop Co,"178 Main St, Houston, AZ 87708"
9321,Hotel Co,"978 Main St, Phoenix, IL 74911"
9322,Electronics Store Corp,"822 Main St, New York, IL 33293"
9323,Coffee Shop Corp,"473 Main St, New York, IL 92310"
9324,Clothing Store Inc,"859 Main St, Houston, CA 72817"
9325,Hotel Group,"273 Main St, Houston, NY 37676"
9326,Clothing Store Corp,"135 Main St, New York, NY 34862"
9327,Hotel LLC,"316 Main St, Phoenix, CA 58090"
9328,Clothing Store LLC,"678 Main St, New York, TX 99728"
9329,Retail Store Group,"939 Main St, Chicago, NY 15538"
9330,Clothing Store Corp,"102 Main St, Chicago, TX 70523"
9331,Pharmacy Co,"454 Main St, Chicago, CA 82278"
9332,Electronics Store Co,"804 Main St, Chicago, NY 78557"
9333,Electronics Store Group,"825 Main St, Houston, TX 12269"
9334,Coffee Shop Corp,"873 Main St, Los Angeles, IL 99539"
9335,Gas Station Inc,"138 Main St, Los Angeles, CA 17476"
9336,Restaurant Group,"271 Main St, Chicago, IL 75616"
9337,Pharmacy Group,"733 Main St, Los Angeles, AZ 52191"
9338,Pharmacy Inc,"871 Main St, Houston, TX 78509"
9339,Hotel Co,"453 Main St, Los Angeles, AZ 46501"
9340,Grocery Store LLC,"826 Main St, Chicago, NY 53682"
9341,Grocery Store LLC,"355 Main St, New York, AZ 37476"
9342,Clothing Store Inc,"829 Main St, Los Angeles, TX 64487"
9343,Clothing Store LLC,"575 Main St, Chicago, AZ 18390"
9344,Grocery Store LLC,"311 Main St, Phoenix, NY 57341"
9345,Hotel Group,"711 Main St, Los Angeles, AZ 48334"
9346,Clothing Store LLC,"171 Main St, Los Angeles, AZ 93045"
9347,Clothing Store Group,"212 Main St, Houston, CA 83234"
9348,Restaurant Corp,"827 Main St, New York, IL 12985"
9349,Restaurant Inc,"210 Main St, Phoenix, TX 72249"
9350,Restaurant LLC,"586 Main St, New York, NY 45003"
9351,Coffee Shop Inc,"633 Main St, Chicago, IL 79773"
9352,Hotel Group,"743 Main St, Chicago, CA 97646"
9353,Pharmacy Group,"768 Main St, New York, CA 96165"
9354,Pharmacy Group,"215 Main St, Phoenix, IL 67677"
9355,Coffee Shop Corp,"899 Main St, Phoenix, NY 27710"
9356,Gas Station Co,"792 Main St, Houston, TX 46710"
9357,Coffee Shop Co,"753 Main St, New York, TX 71891"
9358,Coffee Shop Co,"722 Main St, Houston, TX 76086"
9359,Retail Store Co,"867 Main St, Chicago, NY 37490"
9360,Electronics Store Co,"891 Main St, Phoenix, TX 18327"
9361,Gas Station Group,"675 Main St, Phoenix, TX 25086"
9362,Clothing Store Corp,"481 Main St, Houston, IL 94238"
9363,Clothing Store Group,"454 Main St, Phoenix, TX 29793"
9364,Retail Store Inc,"627 Main St, New York, IL 62053"
9365,Coffee Shop Inc,"944 Main St, Los Angeles, AZ 55207"
9366,Electronics Store Inc,"572 Main St, New York, NY 10203"
9367,Clothing Store Co,"240 Main St, Los Angeles, IL 89065"
9368,Gas Station LLC,"109 Main St, Houston, AZ 55139"
9369,Pharmacy Co,"903 Main St, Chicago, AZ 25374"
9370,Restaurant Co,"181 Main St, Phoenix, AZ 32468"
9371,Grocery Store Co,"536 Main St, Los Angeles, CA 50772"
9372,Hotel Corp,"120 Main St, Chicago, NY 28874"
9373,Pharmacy Corp,"947 Main St, New York, TX 77736"
9374,Restaurant Inc,"340 Main St, Chicago, NY 39427"
9375,Hotel Co,"680 Main St, New York, TX 32593"
9376,Retail Store LLC,"795 Main St, Phoenix, AZ 28704"
9377,Grocery Store LLC,"759 Main St, Phoenix, NY 23774"
9378,Clothing Store Corp,"346 Main St, Chicago, TX 40017"
9379,Restaurant Corp,"486 Main St, New York, IL 78907"
9380,Hotel Inc,"404 Main St, Phoenix, AZ 17521"
9381,Gas Station Co,"294 Main St, Houston, NY 31015"
9382,Hotel Corp,"987 Main St, Los Angeles, TX 28802"
9383,Grocery Store Corp,"778 Main St, Houston, NY 59948"
9384,Restaurant Inc,"975 Main St, New York, IL 72816"
9385,Grocery Store Corp,"483 Main St, Houston, CA 84131"
9386,Electronics Store Group,"139 Main St, New York, TX 55673"
9387,Retail Store Co,"482 Main St, New York, NY 12891"
9388,Restaurant LLC,"869 Main St, Phoenix, NY 75717"
9389,Restaurant Corp,"175 Main St, Houston, AZ 61765"
9390,Retail Store Group,"829 Main St, Phoenix, NY 87587"
9391,Pharmacy Inc,"311 Main St, Houston, IL 47781"
9392,Gas Station LLC,"857 Main St, New York, NY 18646"
9393,Retail Store LLC,"155 Main St, New York, NY 53638"
9394,Coffee Shop Inc,"742 Main St, New York, AZ 47556"
9395,Retail Store Group,"613 Main St, Chicago, CA 34996"
9396,Pharmacy LLC,"609 Main St, Houston, CA 74823"
9397,Hotel Co,"825 Main St, Houston, IL 11698"
9398,Grocery Store Inc,"643 Main St, Phoenix, TX 26055"
9399,Pharmacy Group,"357 Main St, Phoenix, IL 35743"
9400,Pharmacy Corp,"168 Main St, Houston, IL 81903"
9401,Hotel Co,"547 Main St, Phoenix, AZ 79290"
9402,Electronics Store Co,"284 Main St, Phoenix, TX 42272"
9403,Retail Store Group,"971 Main St, New York, IL 54483"
9404,Pharmacy Co,"308 Main St, Los Angeles, CA 31613"
9405,Grocery Store LLC,"536 Main St, Chicago, NY 56034"
9406,Coffee Shop Co,"552 Main St, Los Angeles, CA 20027"
9407,Restaurant Co,"149 Main St, Los Angeles, IL 65013"
9408,Restaurant LLC,"378 Main St, Los Angeles, TX 33168"
9409,Hotel LLC,"457 Main St, New York, NY 41217"
9410,Coffee Shop Inc,"352 Main St, Phoenix, TX 59603"
9411,Electronics Store LLC,"612 Main St, Phoenix, IL 64689"
9412,Grocery Store LLC,"575 Main St, Phoenix, NY 51451"
9413,Clothing Store LLC,"766 Main St, Phoenix, AZ 21085"
9414,Coffee Shop Group,"528 Main St, Chicago, NY 45238"
9415,Hotel Corp,"842 Main St, New York, CA 75902"
9416,Electronics Store Corp,"600 Main St, Los Angeles, TX 52849"
9417,Restaurant Corp,"352 Main St, Chicago, IL 18000"
9418,Coffee Shop Corp,"317 Main St, New York, IL 35416"
9419,Restaurant Inc,"688 Main St, Phoenix, AZ 40860"
9420,Retail Store LLC,"443 Main St, Phoenix, AZ 90839"
9421,Restaurant Co,"468 Main St, New York, CA 17670"
9422,Pharmacy Inc,"559 Main St, Chicago, CA 92667"
9423,Pharmacy LLC,"756 Main St, Los Angeles, CA 79826"
9424,Electronics Store Corp,"617 Main St, Los Angeles, AZ 89302"
9425,Coffee Shop Co,"630 Main St, Chicago, NY 29499"
9426,Restaurant LLC,"776 Main St, New York, TX 15990"
9427,Restaurant Inc,"575 Main St, Houston, TX 96285"
9428,Electronics Store Co,"514 Main St, Houston, CA 98252"
9429,Coffee Shop Inc,"638 Main St, Los Angeles, NY 73398"
9430,Electronics Store LLC,"234 Main St, Chicago, TX 55599"
9431,Retail Store Inc,"244 Main St, Chicago, TX 78956"
9432,Pharmacy Inc,"740 Main St, New York, AZ 77079"
9433,Grocery Store Corp,"350 Main St, Houston, NY 78303"
9434,Electronics Store LLC,"475 Main St, Houston, NY 42492"
9435,Clothing Store Inc,"229 Main St, Los Angeles, TX 21622"
9436,Pharmacy Co,"291 Main St, Los Angeles, IL 16909"
9437,Hotel LLC,"998 Main St, Phoenix, TX 73417"
9438,Retail Store Co,"679 Main St, Phoenix, CA 30978"
9439,Pharmacy LLC,"371 Main St, Houston, TX 83178"
9440,Retail Store Corp,"657 Main St, Chicago, IL 23933"
9441,Pharmacy LLC,"579 Main St, Chicago, NY 50753"
9442,Coffee Shop Inc,"238 Main St, Chicago, CA 45641"
9443,Grocery Store LLC,"277 Main St, New York, NY 47455"
9444,Coffee Shop LLC,"402 Main St, Phoenix, IL 86392"
9445,Clothing Store Co,"103 Main St, Houston, AZ 74248"
9446,Clothing Store Inc,"811 Main St, Los Angeles, AZ 37573"
9447,Pharmacy Corp,"919 Main St, Houston, CA 54421"
9448,Retail Store Corp,"127 Main St, Los Angeles, TX 29129"
9449,Gas Station LLC,"330 Main St, Chicago, CA 16751"
9450,Retail Store Group,"904 Main St, Chicago, IL 52881"
9451,Hotel LLC,"492 Main St, Phoenix, CA 76523"
9452,Electronics Store Inc,"390 Main St, New York, NY 32701"
9453,Retail Store Corp,"342 Main St, Phoenix, CA 43143"
9454,Coffee Shop Corp,"568 Main St, Los Angeles, IL 82655"
9455,Gas Station Inc,"150 Main St, New York, TX 44598"
9456,Retail Store Inc,"756 Main St, Los Angeles, TX 84953"
9457,Clothing Store Inc,"903 Main St, Phoenix, NY 39648"
9458,Pharmacy Inc,"288 Main St, Chicago, NY 12214"
9459,Restaurant Group,"361 Main St, New York, TX 21718"
9460,Coffee Shop Co,"957 Main St, Los Angeles, IL 58861"
9461,Clothing Store Corp,"778 Main St, Houston, TX 55800"
9462,Coffee Shop Corp,"340 Main St, Houston, CA 28408"
9463,Grocery Store Group,"612 Main St, New York, IL 70400"
9464,Grocery Store Co,"568 Main St, Phoenix, CA 71370"
9465,Retail Store Co,"713 Main St, Houston, TX 89629"
9466,Coffee Shop Inc,"349 Main St, New York, NY 39499"
9467,Electronics Store LLC,"943 Main St, Chicago, TX 86387"
9468,Retail Store Co,"249 Main St, Los Angeles, TX 81810"
9469,Retail Store Group,"233 Main St, Houston, IL 71097"
9470,Clothing Store Group,"143 Main St, New York, AZ 26020"
9471,Retail Store Group,"628 Main St, Phoenix, NY 31289"
9472,Hotel Group,"457 Main St, Phoenix, CA 88204"
9473,Coffee Shop Inc,"554 Main St, Los Angeles, TX 54933"
9474,Coffee Shop LLC,"375 Main St, New York, NY 82105"
9475,Grocery Store Co,"140 Main St, Phoenix, CA 69724"
9476,Grocery Store Corp,"257 Main St, New York, IL 85837"
9477,Pharmacy Inc,"660 Main St, Los Angeles, TX 53631"
9478,Hotel LLC,"875 Main St, Chicago, CA 62951"
9479,Gas Station Inc,"582 Main St, Chicago, TX 81498"
9480,Hotel LLC,"641 Main St, Phoenix, AZ 33175"
9481,Hotel Corp,"521 Main St, New York, TX 49828"
9482,Hotel LLC,"523 Main St, Phoenix, TX 42129"
9483,Restaurant Group,"439 Main St, Houston, CA 76967"
9484,Grocery Store Co,"301 Main St, Phoenix, AZ 42955"
9485,Grocery Store Group,"854 Main St, New York, AZ 42840"
9486,Hotel Inc,"997 Main St, Phoenix, IL 66111"
9487,Electronics Store Group,"783 Main St, Phoenix, CA 67831"
9488,Coffee Shop LLC,"116 Main St, Phoenix, AZ 34665"
9489,Grocery Store Group,"102 Main St, Los Angeles, AZ 72607"
9490,Pharmacy LLC,"565 Main St, Phoenix, NY 62820"
9491,Hotel LLC,"257 Main St, Houston, TX 27286"
9492,Clothing Store Co,"696 Main St, Houston, AZ 53317"
9493,Restaurant Group,"610 Main St, Houston, IL 86575"
9494,Pharmacy Inc,"883 Main St, Houston, CA 19769"
9495,Coffee Shop Co,"914 Main St, Los Angeles, IL 84502"
9496,Gas Station Inc,"907 Main St, Chicago, IL 50481"
9497,Restaurant Group,"434 Main St, Houston, IL 74782"
9498,Hotel Group,"107 Main St, Los Angeles, CA 73246"
9499,Gas Station LLC,"371 Main St, Phoenix, CA 34931"
9500,Pharmacy Group,"732 Main St, Houston, IL 75033"
9501,Pharmacy Corp,"394 Main St, Phoenix, NY 28830"
9502,Retail Store Group,"894 Main St, New York, CA 34428"
9503,Grocery Store Inc,"816 Main St, Los Angeles, IL 57232"
9504,Retail Store LLC,"253 Main St, Chicago, NY 89149"
9505,Gas Station Corp,"364 Main St, Los Angeles, IL 34893"
9506,Clothing Store Corp,"167 Main St, Los Angeles, IL 22279"
9507,Hotel Inc,"636 Main St, New York, AZ 23902"
9508,Clothing Store Group,"130 Main St, Houston, NY 46708"
9509,Clothing Store Corp,"322 Main St, Phoenix, CA 39657"
9510,Hotel Co,"797 Main St, Houston, TX 28027"
9511,Grocery Store Group,"831 Main St, Los Angeles, AZ 33446"
9512,Coffee Shop Corp,"752 Main St, Chicago, AZ 44989"
9513,Gas Station Inc,"267 Main St, Houston, NY 68859"
9514,Pharmacy LLC,"352 Main St, Chicago, CA 40797"
9515,Coffee Shop Co,"713 Main St, Los Angeles, IL 66065"
9516,Grocery Store Group,"745 Main St, Los Angeles, AZ 30915"
9517,Pharmacy Corp,"857 Main St, New York, TX 81311"
9518,Grocery Store Group,"351 Main St, Phoenix, CA 65576"
9519,Electronics Store Co,"621 Main St, Chicago, AZ 42797"
9520,Coffee Shop Co,"227 Main St, Chicago, CA 53790"
9521,Retail Store Inc,"674 Main St, Chicago, CA 22956"
9522,Gas Station Group,"821 Main St, Los Angeles, NY 14612"
9523,Hotel Corp,"366 Main St, Houston, TX 54429"
9524,Retail Store Corp,"419 Main St, Chicago, IL 86060"
9525,Pharmacy Group,"269 Main St, Phoenix, NY 89689"
9526,Retail Store LLC,"318 Main St, Houston, CA 33796"
9527,Hotel LLC,"162 Main St, Chicago, NY 70717"
9528,Clothing Store Corp,"448 Main St, New York, CA 17905"
9529,Gas Station LLC,"182 Main St, Houston, IL 32940"
9530,Pharmacy Co,"546 Main St, Houston, AZ 46006"
9531,Grocery Store Inc,"222 Main St, Houston, NY 49774"
9532,Pharmacy Corp,"658 Main St, Houston, TX 56959"
9533,Grocery Store Group,"500 Main St, Los Angeles, TX 77922"
9534,Electronics Store Corp,"639 Main St, New York, IL 72514"
9535,Grocery Store Group,"970 Main St, Houston, TX 98216"
9536,Pharmacy Corp,"223 Main St, Chicago, TX 32599"
9537,Coffee Shop LLC,"650 Main St, New York, TX 16749"
9538,Restaurant Inc,"880 Main St, Phoenix, NY 46599"
9539,Electronics Store Inc,"503 Main St, Houston, AZ 82379"
9540,Coffee Shop LLC,"550 Main St, New York, TX 31233"
9541,Electronics Store Co,"637 Main St, New York, NY 64208"
9542,Restaurant Group,"924 Main St, Chicago, NY 69302"
9543,Electronics Store Inc,"178 Main St, Phoenix, IL 16031"
9544,Pharmacy Corp,"999 Main St, Houston, TX 37827"
9545,Clothing Store Inc,"744 Main St, New York, TX 65889"
9546,Restaurant Group,"203 Main St, Phoenix, AZ 55639"
9547,Hotel LLC,"414 Main St, Houston, TX 20121"
9548,Pharmacy Group,"776 Main St, Phoenix, NY 28917"
9549,Restaurant Inc,"807 Main St, Houston, NY 14350"
9550,Grocery Store LLC,"400 Main St, Chicago, AZ 88165"
9551,Gas Station Group,"998 Main St, Phoenix, IL 62908"
9552,Hotel Corp,"614 Main St, Phoenix, TX 78332"
9553,Grocery Store LLC,"519 Main St, New York, IL 75379"
9554,Gas Station Corp,"148 Main St, Los Angeles, IL 21728"
9555,Restaurant LLC,"395 Main St, Los Angeles, AZ 91261"
9556,Pharmacy Inc,"782 Main St, Houston, AZ 45132"
9557,Clothing Store Co,"813 Main St, Chicago, TX 77630"
9558,Hotel Inc,"475 Main St, Houston, CA 76862"
9559,Pharmacy Group,"249 Main St, Houston, TX 11307"
9560,Retail Store Corp,"689 Main St, Phoenix, IL 76323"
9561,Grocery Store Corp,"303 Main St, Los Angeles, NY 93179"
9562,Pharmacy Group,"977 Main St, New York, NY 70749"
9563,Gas Station Co,"577 Main St, Houston, TX 85853"
9564,Retail Store LLC,"826 Main St, New York, AZ 15189"
9565,Pharmacy Inc,"394 Main St, Chicago, AZ 84284"
9566,Clothing Store Inc,"168 Main St, Los Angeles, CA 88736"
9567,Hotel Inc,"133 Main St, Chicago, NY 74181"
9568,Hotel LLC,"774 Main St, New York, TX 20985"
9569,Restaurant Co,"345 Main St, Chicago, IL 59871"
9570,Grocery Store Group,"819 Main St, Chicago, AZ 83999"
9571,Clothing Store Group,"866 Main St, Los Angeles, IL 95855"
9572,Electronics Store Corp,"996 Main St, Chicago, TX 67119"
9573,Pharmacy Corp,"156 Main St, New York, TX 78555"
9574,Gas Station Co,"263 Main St, Houston, TX 60226"
9575,Grocery Store Co,"889 Main St, Houston, AZ 91375"
9576,Clothing Store Inc,"395 Main St, Phoenix, IL 83843"
9577,Electronics Store Corp,"130 Main St, Phoenix, NY 57713"
9578,Gas Station Co,"830 Main St, New York, IL 92087"
9579,Gas Station Co,"215 Main St, Los Angeles, AZ 20143"
9580,Restaurant Co,"844 Main St, Los Angeles, TX 19812"
9581,Coffee Shop Corp,"396 Main St, New York, NY 52003"
9582,Hotel Group,"302 Main St, Chicago, TX 86728"
9583,Electronics Store Corp,"838 Main St, Chicago, IL 93316"
9584,Coffee Shop Inc,"707 Main St, Los Angeles, NY 42936"
9585,Gas Station Corp,"845 Main St, Houston, NY 63440"
9586,Gas Station Inc,"324 Main St, Phoenix, CA 37137"
9587,Grocery Store LLC,"291 Main St, Los Angeles, AZ 60939"
9588,Pharmacy Inc,"122 Main St, Houston, AZ 75580"
9589,Retail Store LLC,"136 Main St, New York, NY 54313"
9590,Restaurant Corp,"822 Main St, Los Angeles, CA 98037"
9591,Restaurant LLC,"921 Main St, Phoenix, NY 52541"
9592,Gas Station Co,"280 Main St, Phoenix, NY 53536"
9593,Gas Station LLC,"702 Main St, Houston, AZ 47316"
9594,Clothing Store Inc,"942 Main St, Chicago, NY 41117"
9595,Hotel Co,"562 Main St, New York, CA 28310"
9596,Restaurant Corp,"232 Main St, New York, CA 56149"
9597,Gas Station Group,"741 Main St, Chicago, IL 18054"
9598,Electronics Store Inc,"266 Main St, Los Angeles, TX 59203"
9599,Grocery Store Inc,"402 Main St, Houston, NY 46544"
9600,Gas Station Co,"288 Main St, Chicago, NY 79713"
9601,Pharmacy Group,"686 Main St, Los Angeles, TX 38628"
9602,Coffee Shop Group,"206 Main St, New York, NY 92258"
9603,Retail Store LLC,"741 Main St, Los Angeles, NY 12288"
9604,Coffee Shop Group,"985 Main St, Chicago, IL 74396"
9605,Gas Station Inc,"648 Main St, Phoenix, TX 84917"
9606,Restaurant Co,"880 Main St, Los Angeles, NY 91367"
9607,Retail Store Group,"203 Main St, New York, AZ 14570"
9608,Coffee Shop LLC,"874 Main St, Los Angeles, TX 10794"
9609,Coffee Shop Co,"716 Main St, Los Angeles, IL 96502"
9610,Retail Store Co,"457 Main St, Chicago, CA 49106"
9611,Retail Store Inc,"664 Main St, Houston, AZ 74568"
9612,Pharmacy Co,"953 Main St, Los Angeles, AZ 87452"
9613,Gas Station Group,"934 Main St, Houston, IL 20612"
9614,Clothing Store Group,"834 Main St, Los Angeles, CA 14767"
9615,Restaurant LLC,"738 Main St, Los Angeles, AZ 22661"
9616,Hotel Co,"576 Main St, New York, IL 84419"
9617,Grocery Store LLC,"428 Main St, Houston, CA 22323"
9618,Pharmacy Co,"930 Main St, Houston, TX 25637"
9619,Coffee Shop Inc,"213 Main St, Phoenix, CA 34435"
9620,Gas Station LLC,"483 Main St, Chicago, NY 87909"
9621,Hotel Corp,"175 Main St, Chicago, NY 42392"
9622,Grocery Store Co,"660 Main St, Houston, NY 20094"
9623,Hotel Co,"438 Main St, Los Angeles, AZ 46097"
9624,Hotel Inc,"376 Main St, Houston, TX 46111"
9625,Electronics Store Corp,"466 Main St, Los Angeles, IL 28645"
9626,Hotel Corp,"862 Main St, New York, IL 14616"
9627,Pharmacy LLC,"294 Main St, Chicago, CA 85576"
9628,Electronics Store LLC,"571 Main St, Phoenix, AZ 15976"
9629,Retail Store Corp,"372 Main St, Houston, NY 77498"
9630,Pharmacy Inc,"651 Main St, New York, IL 79701"
9631,Grocery Store LLC,"243 Main St, Phoenix, TX 87611"
9632,Restaurant Corp,"541 Main St, Phoenix, CA 95450"
9633,Retail Store Corp,"332 Main St, Los Angeles, AZ 24006"
9634,Retail Store Co,"727 Main St, Phoenix, CA 67879"
9635,Gas Station Corp,"622 Main St, Los Angeles, TX 47191"
9636,Pharmacy Group,"148 Main St, New York, IL 90553"
9637,Clothing Store Co,"962 Main St, Phoenix, IL 81241"
9638,Pharmacy Inc,"552 Main St, Phoenix, NY 25294"
9639,Electronics Store Inc,"439 Main St, Houston, IL 49224"
9640,Restaurant Inc,"882 Main St, Phoenix, CA 54881"
9641,Clothing Store Co,"380 Main St, Los Angeles, IL 93812"
9642,Clothing Store Co,"960 Main St, New York, AZ 46754"
9643,Clothing Store LLC,"854 Main St, Los Angeles, AZ 68640"
9644,Restaurant Co,"741 Main St, Chicago, IL 15198"
9645,Electronics Store Corp,"640 Main St, Chicago, IL 65980"
9646,Coffee Shop Corp,"934 Main St, Phoenix, CA 41836"
9647,Gas Station Group,"780 Main St, Houston, NY 96658"
9648,Gas Station Corp,"381 Main St, Houston, AZ 99052"
9649,Restaurant Group,"421 Main St, Phoenix, TX 53007"
9650,Clothing Store LLC,"173 Main St, New York, CA 48909"
9651,Grocery Store Inc,"331 Main St, Houston, TX 71083"
9652,Grocery Store Co,"425 Main St, Los Angeles, CA 89684"
9653,Clothing Store LLC,"543 Main St, Phoenix, AZ 56509"
9654,Hotel Co,"164 Main St, Houston, CA 21318"
9655,Pharmacy Inc,"260 Main St, Houston, TX 17332"
9656,Restaurant Co,"998 Main St, New York, IL 24971"
9657,Retail Store Co,"447 Main St, Chicago, AZ 90635"
9658,Restaurant Corp,"570 Main St, Houston, NY 31533"
9659,Electronics Store Corp,"193 Main St, Chicago, TX 37864"
9660,Coffee Shop LLC,"280 Main St, Los Angeles, CA 85008"
9661,Grocery Store Inc,"583 Main St, Chicago, TX 47162"
9662,Retail Store Group,"297 Main St, Houston, TX 51374"
9663,Restaurant Inc,"976 Main St, Los Angeles, NY 74141"
9664,Coffee Shop Inc,"532 Main St, Phoenix, TX 76509"
9665,Electronics Store Inc,"128 Main St, Houston, AZ 90418"
9666,Clothing Store Co,"126 Main St, New York, NY 92506"
9667,Clothing Store LLC,"427 Main St, Phoenix, AZ 36268"
9668,Clothing Store Corp,"161 Main St, Los Angeles, NY 85550"
9669,Gas Station Inc,"341 Main St, Chicago, TX 73702"
9670,Coffee Shop Co,"678 Main St, New York, AZ 40555"
9671,Pharmacy LLC,"238 Main St, Los Angeles, AZ 71639"
9672,Electronics Store Group,"996 Main St, New York, CA 29879"
9673,Restaurant Corp,"424 Main St, New York, NY 67748"
9674,Gas Station Inc,"689 Main St, New York, NY 95188"
9675,Hotel LLC,"989 Main St, Los Angeles, TX 67123"
9676,Clothing Store Group,"695 Main St, New York, CA 69982"
9677,Retail Store LLC,"715 Main St, Houston, AZ 97399"
9678,Pharmacy Corp,"670 Main St, Houston, IL 47557"
9679,Hotel Corp,"891 Main St, Chicago, CA 17852"
9680,Coffee Shop Co,"323 Main St, Phoenix, TX 91635"
9681,Grocery Store Group,"529 Main St, Chicago, NY 17958"
9682,Gas Station Corp,"656 Main St, New York, IL 51818"
9683,Retail Store Inc,"129 Main St, Chicago, CA 11207"
9684,Retail Store Co,"218 Main St, Houston, TX 29304"
9685,Restaurant Corp,"841 Main St, Chicago, CA 36297"
9686,Gas Station Corp,"157 Main St, Phoenix, CA 46027"
9687,Electronics Store Corp,"920 Main St, Phoenix, AZ 18286"
9688,Gas Station Inc,"471 Main St, Chicago, TX 41322"
9689,Gas Station Group,"815 Main St, Houston, CA 77067"
9690,Pharmacy Group,"507 Main St, Los Angeles, TX 42203"
9691,Electronics Store Inc,"631 Main St, Los Angeles, TX 23625"
9692,Electronics Store LLC,"606 Main St, Houston, AZ 68759"
9693,Retail Store Co,"496 Main St, Los Angeles, AZ 71984"
9694,Grocery Store Co,"227 Main St, Phoenix, TX 67136"
9695,Hotel LLC,"724 Main St, Houston, NY 47981"
9696,Gas Station Corp,"925 Main St, Houston, TX 62557"
9697,Retail Store Co,"887 Main St, Los Angeles, NY 33579"
9698,Clothing Store Group,"851 Main St, Chicago, NY 30753"
9699,Clothing Store Inc,"791 Main St, Phoenix, NY 42656"
9700,Hotel LLC,"221 Main St, Houston, NY 65889"
9701,Gas Station Corp,"711 Main St, Houston, NY 51568"
9702,Hotel Group,"997 Main St, Chicago, NY 52216"
9703,Coffee Shop LLC,"143 Main St, Phoenix, AZ 15736"
9704,Grocery Store Co,"947 Main St, Los Angeles, TX 73767"
9705,Grocery Store Corp,"893 Main St, Houston, NY 55794"
9706,Pharmacy Inc,"251 Main St, Los Angeles, NY 28031"
9707,Gas Station Corp,"564 Main St, Houston, AZ 66309"
9708,Restaurant Co,"957 Main St, Los Angeles, TX 70778"
9709,Retail Store Group,"687 Main St, Houston, TX 58013"
9710,Clothing Store Inc,"641 Main St, New York, TX 20572"
9711,Restaurant LLC,"727 Main St, Los Angeles, CA 61069"
9712,Hotel Co,"166 Main St, Chicago, NY 54718"
9713,Gas Station Inc,"896 Main St, New York, AZ 14014"
9714,Gas Station LLC,"619 Main St, Phoenix, AZ 69954"
9715,Hotel LLC,"760 Main St, Los Angeles, NY 79965"
9716,Pharmacy Inc,"264 Main St, New York, CA 25904"
9717,Electronics Store LLC,"811 Main St, Chicago, TX 88707"
9718,Hotel Group,"279 Main St, Phoenix, IL 34132"
9719,Grocery Store Inc,"234 Main St, New York, NY 32919"
9720,Gas Station Inc,"648 Main St, Los Angeles, TX 10871"
9721,Clothing Store Inc,"812 Main St, Phoenix, NY 53677"
9722,Coffee Shop Inc,"983 Main St, Chicago, CA 11215"
9723,Gas Station Group,"894 Main St, New York, AZ 50239"
9724,Hotel Inc,"237 Main St, New York, CA 20218"
9725,Coffee Shop Group,"762 Main St, Los Angeles, NY 26658"
9726,Retail Store Group,"126 Main St, New York, TX 87013"
9727,Retail Store LLC,"291 Main St, Los Angeles, NY 70395"
9728,Clothing Store Inc,"984 Main St, New York, AZ 86976"
9729,Retail Store Co,"784 Main St, Phoenix, CA 80711"
9730,Clothing Store LLC,"199 Main St, Houston, AZ 59335"
9731,Coffee Shop Co,"871 Main St, Los Angeles, TX 48844"
9732,Retail Store Co,"447 Main St, Phoenix, CA 56630"
9733,Clothing Store Co,"336 Main St, Chicago, IL 98746"
9734,Pharmacy Co,"518 Main St, Chicago, CA 55125"
9735,Clothing Store LLC,"516 Main St, Chicago, IL 69285"
9736,Gas Station Group,"806 Main St, Chicago, AZ 92813"
9737,Grocery Store Group,"985 Main St, Chicago, TX 90341"
9738,Pharmacy Inc,"673 Main St, Chicago, AZ 65895"
9739,Gas Station Co,"683 Main St, Chicago, NY 83783"
9740,Electronics Store Group,"803 Main St, Chicago, TX 10296"
9741,Clothing Store Group,"433 Main St, Phoenix, AZ 99073"
9742,Grocery Store Inc,"137 Main St, Phoenix, IL 44510"
9743,Hotel Inc,"167 Main St, Los Angeles, IL 91713"
9744,Grocery Store Group,"530 Main St, New York, CA 24375"
9745,Grocery Store Corp,"376 Main St, New York, AZ 55323"
9746,Coffee Shop LLC,"115 Main St, Phoenix, NY 19889"
9747,Hotel Group,"119 Main St, Los Angeles, CA 34150"
9748,Hotel Group,"534 Main St, Phoenix, TX 76139"
9749,Hotel Group,"147 Main St, Chicago, TX 83338"
9750,Retail Store Inc,"589 Main St, Houston, CA 57527"
9751,Restaurant Group,"634 Main St, New York, NY 63643"
9752,Grocery Store Co,"327 Main St, Houston, IL 30698"
9753,Restaurant Co,"552 Main St, Los Angeles, AZ 76351"
9754,Retail Store Inc,"226 Main St, Phoenix, NY 87973"
9755,Pharmacy Group,"847 Main St, New York, TX 75557"
9756,Retail Store Co,"741 Main St, Phoenix, NY 10464"
9757,Hotel Co,"942 Main St, New York, AZ 49487"
9758,Restaurant Co,"666 Main St, Phoenix, IL 42266"
9759,Grocery Store Corp,"634 Main St, New York, NY 36351"
9760,Clothing Store Co,"220 Main St, Chicago, IL 62145"
9761,Hotel Inc,"860 Main St, New York, IL 34067"
9762,Gas Station Corp,"831 Main St, Houston, NY 69462"
9763,Coffee Shop Co,"113 Main St, Chicago, CA 66316"
9764,Hotel LLC,"766 Main St, Phoenix, TX 93693"
9765,Coffee Shop Inc,"738 Main St, Chicago, AZ 11580"
9766,Coffee Shop Co,"119 Main St, New York, TX 75791"
9767,Hotel LLC,"522 Main St, Phoenix, NY 93123"
9768,Coffee Shop Group,"639 Main St, Los Angeles, IL 51669"
9769,Hotel Inc,"571 Main St, Chicago, AZ 55762"
9770,Clothing Store LLC,"952 Main St, New York, AZ 43912"
9771,Coffee Shop LLC,"687 Main St, Houston, TX 58177"
9772,Grocery Store Inc,"214 Main St, Los Angeles, IL 12303"
9773,Clothing Store Group,"434 Main St, Chicago, CA 74427"
9774,Coffee Shop Co,"574 Main St, Phoenix, NY 12816"
9775,Hotel LLC,"602 Main St, Houston, TX 99349"
9776,Coffee Shop LLC,"171 Main St, Los Angeles, IL 48191"
9777,Hotel Co,"266 Main St, New York, TX 39238"
9778,Restaurant Co,"655 Main St, New York, IL 64317"
9779,Electronics Store Co,"819 Main St, Chicago, NY 92980"
9780,Grocery Store Group,"718 Main St, New York, CA 68999"
9781,Electronics Store LLC,"761 Main St, New York, TX 40951"
9782,Retail Store Group,"800 Main St, New York, TX 89069"
9783,Retail Store LLC,"494 Main St, Los Angeles, TX 71093"
9784,Coffee Shop Co,"480 Main St, New York, IL 34045"
9785,Gas Station Co,"125 Main St, Chicago, IL 39018"
9786,Retail Store Corp,"967 Main St, Houston, TX 72931"
9787,Hotel Inc,"209 Main St, New York, NY 68612"
9788,Retail Store Group,"889 Main St, New York, NY 14294"
9789,Electronics Store Group,"604 Main St, Los Angeles, NY 24606"
9790,Coffee Shop Co,"761 Main St, Phoenix, IL 54144"
9791,Pharmacy Group,"937 Main St, Chicago, IL 26542"
9792,Pharmacy Inc,"675 Main St, Los Angeles, AZ 60996"
9793,Gas Station Co,"447 Main St, Phoenix, NY 41318"
9794,Electronics Store Co,"240 Main St, Chicago, IL 10796"
9795,Gas Station Co,"126 Main St, Houston, AZ 70142"
9796,Hotel Corp,"169 Main St, Phoenix, IL 72269"
9797,Grocery Store Corp,"183 Main St, Los Angeles, CA 40078"
9798,Hotel Group,"939 Main St, Houston, NY 99145"
9799,Electronics Store Co,"108 Main St, Los Angeles, TX 32707"
9800,Hotel Corp,"540 Main St, New York, AZ 47096"
9801,Grocery Store Corp,"484 Main St, Houston, NY 99859"
9802,Grocery Store Corp,"149 Main St, Los Angeles, AZ 52730"
9803,Retail Store Group,"266 Main St, Phoenix, IL 33770"
9804,Hotel Inc,"723 Main St, Los Angeles, IL 66630"
9805,Restaurant LLC,"800 Main St, New York, TX 33553"
9806,Gas Station LLC,"988 Main St, Chicago, TX 16912"
9807,Clothing Store Co,"877 Main St, Houston, NY 90060"
9808,Gas Station Co,"320 Main St, Chicago, CA 66041"
9809,Restaurant Group,"949 Main St, Houston, AZ 84797"
9810,Electronics Store Corp,"660 Main St, Phoenix, NY 45959"
9811,Coffee Shop Corp,"467 Main St, Los Angeles, IL 83723"
9812,Restaurant Group,"134 Main St, Chicago, IL 82293"
9813,Clothing Store LLC,"948 Main St, Los Angeles, NY 33165"
9814,Clothing Store Co,"435 Main St, Phoenix, TX 52293"
9815,Grocery Store Inc,"407 Main St, Los Angeles, CA 65320"
9816,Pharmacy Co,"663 Main St, Los Angeles, IL 76641"
9817,Retail Store Co,"710 Main St, New York, AZ 84480"
9818,Grocery Store Inc,"110 Main St, Houston, CA 25307"
9819,Grocery Store Inc,"772 Main St, Chicago, CA 46941"
9820,Restaurant Inc,"278 Main St, Chicago, AZ 31479"
9821,Restaurant Corp,"196 Main St, Phoenix, AZ 18473"
9822,Grocery Store LLC,"447 Main St, New York, IL 23389"
9823,Pharmacy LLC,"736 Main St, Houston, CA 52553"
9824,Electronics Store Co,"883 Main St, Houston, IL 25226"
9825,Clothing Store LLC,"209 Main St, New York, IL 24065"
9826,Electronics Store Corp,"121 Main St, Los Angeles, TX 11673"
9827,Clothing Store Group,"573 Main St, Los Angeles, IL 53910"
9828,Hotel Group,"791 Main St, Phoenix, CA 31183"
9829,Clothing Store Inc,"793 Main St, New York, NY 91823"
9830,Clothing Store LLC,"165 Main St, New York, CA 29266"
9831,Pharmacy Inc,"298 Main St, Chicago, AZ 82590"
9832,Clothing Store Co,"546 Main St, Chicago, IL 22239"
9833,Electronics Store Co,"664 Main St, Chicago, NY 93387"
9834,Pharmacy Co,"374 Main St, New York, NY 83498"
9835,Pharmacy LLC,"557 Main St, Phoenix, IL 72033"
9836,Coffee Shop Group,"594 Main St, Houston, CA 77063"
9837,Gas Station Group,"431 Main St, Houston, TX 76542"
9838,Restaurant Group,"861 Main St, Phoenix, CA 27543"
9839,Electronics Store Group,"434 Main St, Phoenix, CA 20034"
9840,Restaurant Co,"787 Main St, Chicago, NY 43991"
9841,Gas Station Inc,"502 Main St, New York, TX 64303"
9842,Coffee Shop Co,"464 Main St, New York, NY 99789"
9843,Electronics Store Co,"406 Main St, Phoenix, NY 37441"
9844,Pharmacy Group,"188 Main St, Chicago, TX 99838"
9845,Grocery Store LLC,"730 Main St, Los Angeles, NY 98212"
9846,Electronics Store LLC,"189 Main St, Phoenix, IL 89690"
9847,Retail Store LLC,"382 Main St, Chicago, AZ 87671"
9848,Coffee Shop Co,"790 Main St, Phoenix, NY 70819"
9849,Restaurant LLC,"847 Main St, Phoenix, IL 21411"
9850,Retail Store Co,"416 Main St, Chicago, TX 14314"
9851,Electronics Store Co,"165 Main St, Houston, TX 85052"
9852,Grocery Store Corp,"890 Main St, Los Angeles, IL 47220"
9853,Pharmacy Corp,"954 Main St, Chicago, TX 24326"
9854,Restaurant Co,"721 Main St, Los Angeles, IL 16634"
9855,Retail Store Co,"431 Main St, Houston, TX 11415"
9856,Retail Store LLC,"643 Main St, Los Angeles, IL 10660"
9857,Clothing Store Inc,"903 Main St, Los Angeles, CA 74752"
9858,Grocery Store Co,"174 Main St, Chicago, CA 18189"
9859,Restaurant Corp,"877 Main St, Chicago, CA 12216"
9860,Gas Station Group,"962 Main St, Houston, AZ 99236"
9861,Gas Station Group,"164 Main St, Chicago, TX 33755"
9862,Restaurant LLC,"664 Main St, Phoenix, IL 54626"
9863,Coffee Shop LLC,"714 Main St, Phoenix, AZ 61970"
9864,Clothing Store Co,"104 Main St, Los Angeles, TX 78266"
9865,Hotel Corp,"896 Main St, Houston, IL 97068"
9866,Grocery Store Corp,"617 Main St, Phoenix, AZ 55044"
9867,Restaurant Co,"395 Main St, Phoenix, CA 78113"
9868,Coffee Shop LLC,"585 Main St, Phoenix, TX 98672"
9869,Electronics Store Group,"916 Main St, Phoenix, TX 40552"
9870,Grocery Store LLC,"399 Main St, Los Angeles, NY 89464"
9871,Coffee Shop LLC,"692 Main St, Phoenix, AZ 58956"
9872,Retail Store LLC,"955 Main St, Los Angeles, IL 47491"
9873,Clothing Store LLC,"759 Main St, Houston, AZ 71702"
9874,Hotel LLC,"502 Main St, Chicago, TX 55954"
9875,Coffee Shop Group,"719 Main St, Chicago, IL 68097"
9876,Retail Store LLC,"305 Main St, Chicago, IL 71127"
9877,Gas Station Inc,"252 Main St, Phoenix, CA 65111"
9878,Grocery Store Group,"137 Main St, New York, CA 70512"
9879,Clothing Store Group,"125 Main St, New York, TX 43279"
9880,Gas Station Group,"933 Main St, Los Angeles, TX 23530"
9881,Gas Station Inc,"114 Main St, Phoenix, AZ 12001"
9882,Restaurant LLC,"836 Main St, Phoenix, TX 28264"
9883,Grocery Store Co,"192 Main St, Chicago, AZ 82343"
9884,Gas Station Group,"270 Main St, Houston, NY 50639"
9885,Gas Station Group,"995 Main St, Los Angeles, AZ 32608"
9886,Gas Station Group,"687 Main St, Phoenix, AZ 39524"
9887,Gas Station Group,"759 Main St, Phoenix, NY 13888"
9888,Electronics Store Group,"957 Main St, Phoenix, CA 37472"
9889,Electronics Store Inc,"676 Main St, Chicago, CA 11019"
9890,Pharmacy Co,"940 Main St, New York, AZ 53945"
9891,Coffee Shop Group,"481 Main St, New York, CA 57259"
9892,Coffee Shop Corp,"170 Main St, Phoenix, AZ 82553"
9893,Grocery Store Group,"532 Main St, Chicago, NY 82771"
9894,Hotel Group,"791 Main St, New York, CA 91108"
9895,Pharmacy Co,"907 Main St, Chicago, NY 49880"
9896,Retail Store Inc,"619 Main St, Phoenix, TX 67721"
9897,Retail Store Group,"234 Main St, Houston, NY 28477"
9898,Pharmacy Corp,"905 Main St, Chicago, NY 33708"
9899,Retail Store Corp,"426 Main St, New York, IL 96076"
9900,Pharmacy Group,"101 Main St, New York, TX 43124"
9901,Electronics Store LLC,"135 Main St, Chicago, CA 71202"
9902,Coffee Shop Inc,"235 Main St, New York, CA 73791"
9903,Grocery Store LLC,"904 Main St, Houston, IL 90442"
9904,Electronics Store Corp,"240 Main St, Phoenix, CA 90754"
9905,Restaurant Inc,"912 Main St, Chicago, AZ 85670"
9906,Retail Store Corp,"424 Main St, Los Angeles, IL 74025"
9907,Hotel Inc,"672 Main St, Chicago, AZ 56334"
9908,Restaurant Corp,"198 Main St, Los Angeles, NY 86890"
9909,Gas Station Corp,"249 Main St, New York, NY 93351"
9910,Coffee Shop Group,"189 Main St, Phoenix, IL 88380"
9911,Grocery Store Corp,"101 Main St, New York, TX 21560"
9912,Restaurant Inc,"320 Main St, New York, IL 86441"
9913,Hotel Corp,"173 Main St, Phoenix, CA 60057"
9914,Coffee Shop Corp,"486 Main St, Houston, TX 69111"
9915,Retail Store Inc,"936 Main St, Los Angeles, AZ 28365"
9916,Hotel Co,"412 Main St, Houston, IL 86407"
9917,Clothing Store Corp,"664 Main St, New York, CA 70393"
9918,Coffee Shop LLC,"796 Main St, New York, CA 81572"
9919,Coffee Shop Group,"273 Main St, Houston, AZ 56913"
9920,Electronics Store LLC,"543 Main St, Houston, CA 57174"
9921,Gas Station Corp,"418 Main St, Phoenix, AZ 92531"
9922,Grocery Store Corp,"572 Main St, Phoenix, AZ 73188"
9923,Electronics Store LLC,"172 Main St, Houston, IL 53401"
9924,Hotel Inc,"362 Main St, Chicago, AZ 11118"
9925,Grocery Store Corp,"567 Main St, Phoenix, IL 52120"
9926,Clothing Store Corp,"380 Main St, Chicago, TX 69716"
9927,Clothing Store LLC,"825 Main St, Phoenix, IL 56837"
9928,Grocery Store Corp,"368 Main St, Houston, NY 59988"
9929,Retail Store Corp,"509 Main St, New York, IL 77001"
9930,Electronics Store Corp,"260 Main St, Chicago, IL 30385"
9931,Coffee Shop LLC,"416 Main St, Chicago, CA 15923"
9932,Hotel Corp,"781 Main St, Chicago, TX 86008"
9933,Pharmacy Corp,"884 Main St, New York, TX 47512"
9934,Retail Store Corp,"571 Main St, Los Angeles, CA 44106"
9935,Electronics Store Corp,"965 Main St, Los Angeles, TX 14483"
9936,Coffee Shop Inc,"699 Main St, Phoenix, IL 84828"
9937,Hotel LLC,"691 Main St, Chicago, NY 53393"
9938,Restaurant Group,"993 Main St, New York, NY 35746"
9939,Pharmacy Co,"168 Main St, New York, NY 79815"
9940,Gas Station Corp,"285 Main St, Houston, CA 44234"
9941,Retail Store Corp,"201 Main St, Houston, NY 53417"
9942,Hotel Co,"379 Main St, Los Angeles, CA 90163"
9943,Clothing Store Co,"116 Main St, Los Angeles, CA 44605"
9944,Pharmacy Corp,"122 Main St, Phoenix, CA 84075"
9945,Coffee Shop Co,"643 Main St, Phoenix, AZ 67566"
9946,Hotel LLC,"188 Main St, Los Angeles, NY 89206"
9947,Gas Station Co,"483 Main St, Houston, NY 32709"
9948,Clothing Store Inc,"602 Main St, Houston, AZ 34201"
9949,Coffee Shop LLC,"844 Main St, New York, NY 55831"
9950,Restaurant Group,"382 Main St, Phoenix, IL 48956"
9951,Retail Store Corp,"136 Main St, Chicago, CA 33879"
9952,Retail Store LLC,"580 Main St, Houston, TX 83806"
9953,Coffee Shop Inc,"209 Main St, Chicago, AZ 57884"
9954,Grocery Store Inc,"772 Main St, Los Angeles, TX 41776"
9955,Gas Station Co,"856 Main St, Los Angeles, IL 76575"
9956,Retail Store Co,"693 Main St, Houston, TX 66020"
9957,Gas Station Inc,"980 Main St, Houston, NY 34647"
9958,Clothing Store LLC,"382 Main St, Phoenix, NY 32175"
9959,Grocery Store Co,"179 Main St, Houston, NY 58246"
9960,Restaurant LLC,"915 Main St, Phoenix, CA 83852"
9961,Grocery Store Corp,"211 Main St, Phoenix, IL 26008"
9962,Grocery Store LLC,"718 Main St, Los Angeles, CA 67125"
9963,Gas Station Inc,"357 Main St, Phoenix, IL 94649"
9964,Restaurant Co,"970 Main St, New York, TX 22751"
9965,Grocery Store Corp,"621 Main St, New York, TX 96383"
9966,Pharmacy Group,"940 Main St, Phoenix, NY 60304"
9967,Coffee Shop Corp,"865 Main St, Phoenix, AZ 71268"
9968,Pharmacy Corp,"195 Main St, Phoenix, NY 46461"
9969,Electronics Store Co,"751 Main St, Chicago, NY 63449"
9970,Retail Store Co,"163 Main St, Houston, AZ 76296"
9971,Restaurant Group,"476 Main St, Houston, TX 74572"
9972,Retail Store Corp,"767 Main St, Phoenix, IL 66289"
9973,Hotel LLC,"965 Main St, New York, CA 22334"
9974,Electronics Store Group,"552 Main St, Los Angeles, CA 45468"
9975,Coffee Shop Inc,"995 Main St, Los Angeles, NY 24812"
9976,Gas Station Group,"593 Main St, New York, AZ 79488"
9977,Hotel Corp,"134 Main St, Los Angeles, AZ 97236"
9978,Clothing Store LLC,"413 Main St, New York, CA 42567"
9979,Pharmacy Co,"529 Main St, Los Angeles, TX 57267"
9980,Grocery Store Corp,"669 Main St, Chicago, TX 37140"
9981,Grocery Store Co,"357 Main St, Phoenix, AZ 47301"
9982,Clothing Store Co,"657 Main St, New York, AZ 94691"
9983,Electronics Store Corp,"369 Main St, Phoenix, NY 68810"
9984,Restaurant Corp,"889 Main St, New York, CA 78673"
9985,Coffee Shop Co,"608 Main St, Los Angeles, TX 38053"
9986,Coffee Shop Inc,"724 Main St, Chicago, NY 35037"
9987,Grocery Store LLC,"440 Main St, Houston, IL 39793"
9988,Restaurant LLC,"280 Main St, New York, TX 77141"
9989,Restaurant Inc,"839 Main St, New York, IL 84325"
9990,Gas Station Corp,"995 Main St, Los Angeles, NY 30892"
9991,Hotel LLC,"906 Main St, Houston, NY 65018"
9992,Retail Store Group,"630 Main St, Los Angeles, AZ 11049"
9993,Gas Station Corp,"486 Main St, Phoenix, IL 49331"
9994,Pharmacy Group,"814 Main St, Houston, AZ 90782"
9995,Gas Station Group,"682 Main St, Los Angeles, CA 85663"
9996,Restaurant LLC,"624 Main St, Los Angeles, TX 64701"
9997,Gas Station LLC,"632 Main St, Los Angeles, TX 18876"
9998,Electronics Store LLC,"837 Main St, New York, CA 59422"
9999,Coffee Shop Corp,"881 Main St, Los Angeles, TX 24180"
10000,Electronics Store Group,"652 Main St, Phoenix, IL 80792"
10001,Hotel Corp,"694 Main St, Los Angeles, TX 27109"
10002,Clothing Store Group,"838 Main St, Phoenix, AZ 37466"
10003,Grocery Store Corp,"299 Main St, New York, AZ 84577"
10004,Electronics Store LLC,"233 Main St, New York, IL 30141"
10005,Pharmacy Co,"539 Main St, Houston, TX 25041"
10006,Retail Store Co,"356 Main St, Los Angeles, IL 87778"
10007,Pharmacy Inc,"745 Main St, Los Angeles, CA 47790"
10008,Hotel LLC,"202 Main St, Phoenix, CA 77741"
10009,Gas Station Co,"889 Main St, Los Angeles, NY 99713"
10010,Pharmacy Inc,"771 Main St, New York, CA 57823"
10011,Hotel Corp,"185 Main St, New York, CA 34089"
10012,Grocery Store Co,"616 Main St, Chicago, IL 99316"
10013,Restaurant LLC,"537 Main St, Chicago, NY 69152"
10014,Gas Station Inc,"666 Main St, Phoenix, IL 48443"
10015,Pharmacy LLC,"387 Main St, Los Angeles, IL 79351"
10016,Retail Store Corp,"762 Main St, New York, CA 16091"
10017,Grocery Store LLC,"569 Main St, Chicago, IL 41808"
10018,Electronics Store Inc,"853 Main St, Los Angeles, NY 14937"
10019,Grocery Store Co,"944 Main St, New York, CA 63195"
10020,Electronics Store LLC,"487 Main St, Los Angeles, NY 62611"
10021,Coffee Shop LLC,"256 Main St, New York, IL 90285"
10022,Restaurant Inc,"168 Main St, New York, TX 78363"
10023,Hotel Corp,"674 Main St, Los Angeles, IL 47936"
10024,Pharmacy Inc,"157 Main St, Los Angeles, CA 59034"
10025,Grocery Store Co,"991 Main St, Los Angeles, NY 49432"
10026,Coffee Shop Inc,"187 Main St, Houston, CA 94657"
10027,Grocery Store LLC,"192 Main St, Phoenix, IL 69780"
10028,Pharmacy Group,"461 Main St, Chicago, IL 91442"
10029,Pharmacy Co,"925 Main St, New York, AZ 43502"
10030,Retail Store Corp,"227 Main St, Phoenix, TX 80715"
10031,Clothing Store Co,"901 Main St, Los Angeles, TX 43177"
10032,Clothing Store Group,"282 Main St, Phoenix, AZ 71551"
10033,Gas Station Corp,"953 Main St, Los Angeles, IL 99892"
10034,Clothing Store Group,"154 Main St, New York, CA 86100"
10035,Electronics Store Corp,"692 Main St, Chicago, CA 93979"
10036,Restaurant Inc,"470 Main St, New York, TX 92402"
10037,Clothing Store LLC,"456 Main St, Houston, AZ 82485"
10038,Coffee Shop Group,"479 Main St, New York, AZ 59838"
10039,Retail Store LLC,"581 Main St, New York, NY 24833"
10040,Clothing Store Corp,"923 Main St, Los Angeles, NY 59236"
10041,Grocery Store Corp,"248 Main St, Los Angeles, IL 96828"
10042,Coffee Shop Corp,"285 Main St, Los Angeles, IL 24309"
10043,Restaurant Inc,"196 Main St, Houston, TX 56607"
10044,Clothing Store Inc,"210 Main St, Phoenix, IL 81815"
10045,Clothing Store Inc,"366 Main St, Los Angeles, IL 25427"
10046,Clothing Store Corp,"545 Main St, Chicago, NY 51277"
10047,Restaurant Corp,"399 Main St, Chicago, TX 48136"
10048,Hotel Corp,"647 Main St, Chicago, NY 93988"
10049,Pharmacy Inc,"911 Main St, Chicago, IL 12697"
10050,Hotel Group,"215 Main St, Chicago, AZ 93055"
10051,Grocery Store Inc,"297 Main St, New York, IL 95845"
10052,Hotel LLC,"849 Main St, Phoenix, IL 49912"
10053,Retail Store Group,"956 Main St, Houston, AZ 31802"
10054,Coffee Shop LLC,"843 Main St, Houston, IL 94767"
10055,Coffee Shop Group,"160 Main St, Los Angeles, AZ 55226"
10056,Hotel LLC,"961 Main St, Houston, TX 76787"
10057,Pharmacy Co,"709 Main St, New York, CA 21252"
10058,Clothing Store Group,"855 Main St, Phoenix, CA 58845"
10059,Restaurant Group,"562 Main St, Chicago, IL 66311"
10060,Grocery Store Inc,"423 Main St, Houston, NY 28723"
10061,Clothing Store Group,"738 Main St, Phoenix, CA 29872"
10062,Gas Station Group,"751 Main St, Houston, TX 27319"
10063,Restaurant Co,"253 Main St, New York, CA 48124"
10064,Clothing Store Corp,"464 Main St, Phoenix, TX 15861"
10065,Restaurant Corp,"569 Main St, Chicago, NY 72057"
10066,Grocery Store Corp,"868 Main St, New York, CA 55070"
10067,Restaurant Inc,"728 Main St, Phoenix, IL 48833"
10068,Restaurant Co,"899 Main St, Chicago, TX 61635"
10069,Grocery Store Group,"577 Main St, New York, TX 64726"
10070,Coffee Shop LLC,"140 Main St, New York, TX 50631"
10071,Retail Store Co,"392 Main St, Houston, AZ 12235"
10072,Gas Station Group,"516 Main St, Los Angeles, NY 56906"
10073,Restaurant LLC,"781 Main St, Los Angeles, CA 95395"
10074,Hotel Inc,"243 Main St, Chicago, NY 15605"
10075,Clothing Store Group,"743 Main St, Houston, IL 25298"
10076,Pharmacy Inc,"773 Main St, New York, TX 52294"
10077,Retail Store Co,"137 Main St, New York, CA 60582"
10078,Pharmacy Co,"456 Main St, Houston, TX 25892"
10079,Grocery Store LLC,"130 Main St, Los Angeles, NY 24573"
10080,Pharmacy Group,"493 Main St, New York, AZ 21528"
10081,Pharmacy Inc,"714 Main St, Chicago, AZ 85136"
10082,Retail Store LLC,"280 Main St, Houston, IL 33871"
10083,Gas Station Group,"370 Main St, Houston, TX 90329"
10084,Grocery Store Group,"874 Main St, Phoenix, CA 75160"
10085,Restaurant LLC,"220 Main St, New York, IL 65359"
10086,Clothing Store LLC,"912 Main St, Chicago, AZ 45260"
10087,Retail Store Group,"483 Main St, Phoenix, TX 28895"
10088,Gas Station Inc,"241 Main St, New York, TX 53260"
10089,Gas Station Corp,"823 Main St, Houston, TX 65527"
10090,Hotel Co,"767 Main St, Chicago, AZ 73065"
10091,Pharmacy Group,"685 Main St, New York, TX 11935"
10092,Clothing Store LLC,"532 Main St, Phoenix, AZ 98663"
10093,Restaurant Inc,"635 Main St, Chicago, IL 21864"
10094,Hotel Corp,"432 Main St, Los Angeles, CA 57139"
10095,Clothing Store Inc,"798 Main St, Chicago, NY 23036"
10096,Electronics Store Inc,"126 Main St, Phoenix, AZ 35790"
10097,Grocery Store Inc,"372 Main St, Houston, TX 68576"
10098,Clothing Store Group,"855 Main St, Houston, CA 94507"
10099,Retail Store Co,"761 Main St, New York, AZ 59746"
10100,Electronics Store LLC,"362 Main St, Phoenix, IL 79636"
10101,Retail Store Co,"867 Main St, Chicago, CA 11114"
10102,Pharmacy LLC,"816 Main St, Los Angeles, AZ 95723"
10103,Pharmacy Group,"454 Main St, New York, NY 95361"
10104,Hotel Corp,"904 Main St, Phoenix, TX 16594"
10105,Hotel Inc,"766 Main St, Chicago, IL 12377"
10106,Gas Station LLC,"364 Main St, Los Angeles, IL 20983"
10107,Grocery Store LLC,"966 Main St, New York, TX 71234"
10108,Hotel Co,"576 Main St, Chicago, NY 44968"
10109,Restaurant LLC,"508 Main St, New York, TX 51913"
10110,Gas Station Inc,"596 Main St, Los Angeles, NY 24843"
10111,Electronics Store Co,"697 Main St, Phoenix, NY 75832"
10112,Coffee Shop Inc,"754 Main St, Los Angeles, NY 52403"
10113,Grocery Store Inc,"758 Main St, New York, IL 44051"
10114,Pharmacy LLC,"620 Main St, Phoenix, CA 93321"
10115,Electronics Store LLC,"562 Main St, New York, AZ 71383"
10116,Grocery Store Corp,"433 Main St, Los Angeles, CA 84881"
10117,Hotel LLC,"552 Main St, New York, NY 52254"
10118,Retail Store Corp,"185 Main St, Los Angeles, NY 39637"
10119,Pharmacy Co,"583 Main St, Phoenix, IL 32911"
10120,Hotel Group,"369 Main St, Phoenix, NY 73232"
10121,Grocery Store Corp,"832 Main St, Los Angeles, NY 64389"
10122,Grocery Store Co,"960 Main St, New York, NY 13974"
10123,Electronics Store Co,"299 Main St, New York, NY 11295"
10124,Coffee Shop Co,"465 Main St, Los Angeles, NY 86585"
10125,Hotel Group,"666 Main St, Chicago, TX 95366"
10126,Clothing Store Group,"588 Main St, Phoenix, NY 79868"
10127,Hotel Inc,"562 Main St, Los Angeles, IL 21393"
10128,Pharmacy Co,"735 Main St, Los Angeles, TX 44334"
10129,Gas Station Corp,"713 Main St, Houston, NY 95241"
10130,Restaurant Group,"642 Main St, Chicago, NY 44813"
10131,Coffee Shop Corp,"826 Main St, Houston, AZ 30020"
10132,Grocery Store Group,"174 Main St, Houston, CA 55293"
10133,Retail Store Inc,"717 Main St, Phoenix, TX 31818"
10134,Clothing Store Co,"634 Main St, Houston, NY 25928"
10135,Hotel Co,"472 Main St, Chicago, NY 78110"
10136,Gas Station Inc,"738 Main St, Chicago, NY 27069"
10137,Grocery Store LLC,"467 Main St, Houston, NY 63644"
10138,Electronics Store Corp,"638 Main St, Los Angeles, IL 10786"
10139,Retail Store LLC,"929 Main St, Houston, CA 40234"
10140,Clothing Store Group,"205 Main St, Houston, TX 45786"
10141,Clothing Store LLC,"792 Main St, Chicago, AZ 43678"
10142,Coffee Shop Inc,"142 Main St, Los Angeles, AZ 34746"
10143,Electronics Store Group,"685 Main St, Phoenix, AZ 14029"
10144,Retail Store Inc,"924 Main St, Houston, AZ 46925"
10145,Clothing Store Corp,"365 Main St, Los Angeles, IL 56681"
10146,Restaurant Group,"529 Main St, Chicago, AZ 17966"
10147,Gas Station Inc,"524 Main St, Chicago, AZ 54006"
10148,Grocery Store Co,"597 Main St, Houston, NY 67713"
10149,Coffee Shop Corp,"420 Main St, Los Angeles, CA 71939"
10150,Hotel Corp,"883 Main St, New York, TX 39023"
10151,Pharmacy Group,"352 Main St, Houston, CA 64859"
10152,Pharmacy Corp,"780 Main St, Chicago, AZ 12460"
10153,Coffee Shop LLC,"789 Main St, Los Angeles, AZ 11972"
10154,Hotel Inc,"407 Main St, Houston, NY 22105"
10155,Pharmacy LLC,"961 Main St, Chicago, CA 55728"
10156,Electronics Store Corp,"537 Main St, Chicago, TX 72764"
10157,Restaurant Inc,"969 Main St, Los Angeles, AZ 29530"
10158,Hotel Co,"871 Main St, Houston, AZ 16943"
10159,Coffee Shop LLC,"739 Main St, Houston, NY 68418"
10160,Hotel Co,"805 Main St, Chicago, TX 97437"
10161,Coffee Shop Corp,"917 Main St, New York, AZ 71570"
10162,Gas Station Corp,"967 Main St, Chicago, TX 29451"
10163,Electronics Store LLC,"519 Main St, Los Angeles, NY 85716"
10164,Pharmacy LLC,"258 Main St, Phoenix, AZ 87164"
10165,Grocery Store Group,"468 Main St, New York, TX 56833"
10166,Coffee Shop Corp,"998 Main St, Houston, CA 46120"
10167,Hotel Co,"828 Main St, New York, AZ 10369"
10168,Retail Store LLC,"276 Main St, New York, TX 77315"
10169,Clothing Store Corp,"592 Main St, New York, CA 28027"
10170,Gas Station Co,"779 Main St, New York, AZ 93299"
10171,Hotel Inc,"714 Main St, Houston, IL 91250"
10172,Coffee Shop Group,"926 Main St, Los Angeles, IL 47413"
10173,Coffee Shop Group,"850 Main St, Phoenix, AZ 99501"
10174,Gas Station Corp,"625 Main St, New York, AZ 51095"
10175,Pharmacy Group,"958 Main St, Los Angeles, AZ 17191"
10176,Restaurant Corp,"723 Main St, Phoenix, TX 21485"
10177,Gas Station Corp,"372 Main St, New York, AZ 41561"
10178,Electronics Store Corp,"540 Main St, New York, NY 81890"
10179,Coffee Shop Group,"746 Main St, Chicago, TX 66366"
10180,Electronics Store Corp,"805 Main St, New York, AZ 80579"
10181,Coffee Shop Inc,"565 Main St, New York, IL 76542"
10182,Coffee Shop Group,"695 Main St, Phoenix, CA 79983"
10183,Hotel LLC,"270 Main St, Houston, NY 21856"
10184,Grocery Store LLC,"562 Main St, Houston, CA 68983"
10185,Hotel Inc,"125 Main St, Los Angeles, TX 16804"
10186,Restaurant LLC,"706 Main St, Houston, AZ 90982"
10187,Pharmacy Co,"359 Main St, Los Angeles, IL 83996"
10188,Restaurant Co,"119 Main St, Los Angeles, TX 87505"
10189,Restaurant LLC,"752 Main St, Houston, IL 74605"
10190,Clothing Store Corp,"555 Main St, Chicago, CA 70995"
10191,Hotel Corp,"755 Main St, New York, AZ 46983"
10192,Pharmacy Group,"508 Main St, Los Angeles, IL 48745"
10193,Gas Station Inc,"327 Main St, New York, CA 29647"
10194,Electronics Store LLC,"227 Main St, Chicago, AZ 14864"
10195,Hotel LLC,"551 Main St, Los Angeles, CA 17304"
10196,Hotel Group,"987 Main St, Chicago, AZ 35843"
10197,Hotel Inc,"852 Main St, Los Angeles, CA 60220"
10198,Electronics Store Group,"113 Main St, Houston, AZ 60416"
10199,Electronics Store LLC,"550 Main St, Los Angeles, NY 10404"
10200,Retail Store Co,"865 Main St, New York, AZ 59374"
10201,Electronics Store LLC,"795 Main St, Houston, AZ 34611"
10202,Gas Station Inc,"447 Main St, Houston, NY 13707"
10203,Clothing Store LLC,"295 Main St, New York, AZ 29927"
10204,Hotel LLC,"246 Main St, Los Angeles, CA 97019"
10205,Gas Station LLC,"598 Main St, Phoenix, NY 99230"
10206,Retail Store Inc,"865 Main St, New York, AZ 25608"
10207,Hotel Corp,"121 Main St, Los Angeles, IL 12175"
10208,Restaurant Inc,"907 Main St, Phoenix, IL 82380"
10209,Electronics Store Inc,"716 Main St, Los Angeles, CA 81101"
10210,Electronics Store Group,"961 Main St, Chicago, TX 79889"
10211,Retail Store Corp,"185 Main St, Los Angeles, IL 29074"
10212,Restaurant Group,"759 Main St, Los Angeles, IL 85570"
10213,Retail Store Group,"797 Main St, Houston, AZ 88539"
10214,Restaurant LLC,"789 Main St, Chicago, NY 98639"
10215,Retail Store Group,"754 Main St, New York, NY 83786"
10216,Restaurant Corp,"448 Main St, Phoenix, IL 48537"
10217,Coffee Shop Group,"170 Main St, New York, AZ 97594"
10218,Grocery Store Corp,"884 Main St, Phoenix, TX 73006"
10219,Gas Station LLC,"788 Main St, Phoenix, TX 26125"
10220,Retail Store Inc,"838 Main St, Phoenix, NY 58698"
10221,Restaurant Inc,"991 Main St, Chicago, CA 24941"
10222,Hotel Group,"289 Main St, Chicago, AZ 44334"
10223,Hotel Group,"617 Main St, Chicago, TX 36930"
10224,Electronics Store Inc,"820 Main St, Houston, NY 89653"
10225,Grocery Store Inc,"506 Main St, Phoenix, AZ 22374"
10226,Restaurant Inc,"238 Main St, Los Angeles, NY 42454"
10227,Pharmacy Co,"460 Main St, Chicago, NY 43544"
10228,Gas Station Group,"532 Main St, Phoenix, TX 80220"
10229,Pharmacy Inc,"536 Main St, New York, CA 44546"
10230,Gas Station LLC,"795 Main St, Phoenix, NY 44054"
10231,Retail Store Group,"460 Main St, Los Angeles, AZ 86900"
10232,Retail Store Co,"521 Main St, Phoenix, NY 77308"
10233,Electronics Store Inc,"303 Main St, New York, AZ 66582"
10234,Electronics Store LLC,"167 Main St, Los Angeles, AZ 36105"
10235,Electronics Store LLC,"840 Main St, New York, IL 79609"
10236,Restaurant Group,"601 Main St, New York, CA 82962"
10237,Clothing Store LLC,"556 Main St, Chicago, CA 66741"
10238,Clothing Store Corp,"983 Main St, New York, AZ 15659"
10239,Retail Store Group,"907 Main St, New York, CA 20899"
10240,Gas Station Corp,"980 Main St, New York, NY 93544"
10241,Coffee Shop LLC,"270 Main St, Houston, CA 55263"
10242,Clothing Store LLC,"884 Main St, Los Angeles, CA 92058"
10243,Coffee Shop Corp,"253 Main St, Houston, TX 40079"
10244,Pharmacy LLC,"483 Main St, New York, CA 89134"
10245,Restaurant Inc,"984 Main St, Los Angeles, NY 95391"
10246,Retail Store Co,"304 Main St, Houston, TX 21744"
10247,Retail Store Inc,"931 Main St, Chicago, CA 13374"
10248,Coffee Shop Group,"717 Main St, Chicago, CA 62880"
10249,Coffee Shop Co,"607 Main St, New York, CA 16875"
10250,Coffee Shop LLC,"703 Main St, Los Angeles, TX 12143"
10251,Restaurant LLC,"209 Main St, Los Angeles, NY 80882"
10252,Coffee Shop Co,"620 Main St, Houston, CA 64952"
10253,Pharmacy LLC,"759 Main St, Los Angeles, IL 32702"
10254,Gas Station Inc,"983 Main St, Los Angeles, AZ 17567"
10255,Restaurant Group,"734 Main St, New York, TX 37232"
10256,Clothing Store Group,"959 Main St, Chicago, IL 67871"
10257,Clothing Store Group,"464 Main St, New York, AZ 42522"
10258,Grocery Store Inc,"443 Main St, Los Angeles, AZ 44620"
10259,Clothing Store Inc,"760 Main St, Chicago, NY 52072"
10260,Coffee Shop LLC,"409 Main St, New York, AZ 20400"
10261,Hotel Inc,"695 Main St, Los Angeles, IL 88749"
10262,Restaurant Corp,"830 Main St, Los Angeles, NY 51206"
10263,Clothing Store LLC,"455 Main St, Phoenix, CA 58387"
10264,Coffee Shop LLC,"428 Main St, Chicago, AZ 88631"
10265,Electronics Store Group,"195 Main St, Los Angeles, TX 39035"
10266,Electronics Store Group,"495 Main St, New York, TX 39233"
10267,Restaurant Corp,"916 Main St, Los Angeles, AZ 95058"
10268,Restaurant Group,"232 Main St, New York, NY 14641"
10269,Retail Store Inc,"979 Main St, Houston, NY 78598"
10270,Grocery Store Corp,"625 Main St, New York, CA 31253"
10271,Hotel Inc,"899 Main St, Phoenix, IL 12789"
10272,Grocery Store Corp,"159 Main St, Chicago, IL 39915"
10273,Coffee Shop LLC,"488 Main St, Chicago, CA 48760"
10274,Clothing Store Co,"652 Main St, Houston, NY 14234"
10275,Coffee Shop Inc,"329 Main St, Chicago, TX 70454"
10276,Electronics Store Inc,"255 Main St, New York, TX 42586"
10277,Retail Store Corp,"754 Main St, Phoenix, TX 33912"
10278,Electronics Store Inc,"496 Main St, Chicago, AZ 11185"
10279,Grocery Store Inc,"570 Main St, Chicago, AZ 26326"
10280,Restaurant Inc,"397 Main St, Houston, NY 55017"
10281,Restaurant Inc,"401 Main St, Los Angeles, AZ 18654"
10282,Pharmacy LLC,"129 Main St, New York, IL 17401"
10283,Retail Store Group,"806 Main St, Phoenix, NY 81952"
10284,Grocery Store Co,"846 Main St, Los Angeles, TX 62059"
10285,Coffee Shop LLC,"867 Main St, New York, AZ 21434"
10286,Grocery Store Co,"570 Main St, New York, NY 44546"
10287,Coffee Shop Group,"416 Main St, Houston, IL 93267"
10288,Pharmacy Group,"869 Main St, Houston, NY 23915"
10289,Retail Store LLC,"742 Main St, Phoenix, IL 63410"
10290,Electronics Store Corp,"511 Main St, Phoenix, AZ 34183"
10291,Coffee Shop LLC,"197 Main St, Los Angeles, IL 94944"
10292,Hotel Corp,"262 Main St, New York, NY 12630"
10293,Retail Store Inc,"121 Main St, Houston, NY 14168"
10294,Electronics Store LLC,"813 Main St, Los Angeles, NY 93443"
10295,Gas Station Group,"719 Main St, New York, TX 27797"
10296,Hotel Co,"667 Main St, Houston, NY 86048"
10297,Electronics Store LLC,"805 Main St, Chicago, NY 44660"
10298,Pharmacy LLC,"675 Main St, Chicago, CA 56066"
10299,Restaurant Corp,"676 Main St, New York, IL 51743"
10300,Retail Store LLC,"534 Main St, Chicago, IL 33102"
10301,Grocery Store Inc,"565 Main St, Phoenix, CA 56806"
10302,Hotel LLC,"219 Main St, Los Angeles, AZ 45254"
10303,Electronics Store Inc,"966 Main St, Los Angeles, AZ 53530"
10304,Electronics Store Co,"360 Main St, Los Angeles, AZ 14606"
10305,Electronics Store Co,"873 Main St, Chicago, AZ 34500"
10306,Electronics Store Co,"554 Main St, Houston, CA 92548"
10307,Coffee Shop Co,"319 Main St, Los Angeles, CA 45422"
10308,Restaurant Co,"144 Main St, Los Angeles, IL 32238"
10309,Retail Store LLC,"748 Main St, Los Angeles, AZ 13469"
10310,Clothing Store Co,"159 Main St, New York, IL 14193"
10311,Clothing Store Group,"797 Main St, Phoenix, AZ 64307"
10312,Grocery Store Corp,"851 Main St, Chicago, NY 55827"
10313,Coffee Shop Corp,"148 Main St, Phoenix, AZ 17474"
10314,Retail Store Co,"190 Main St, Houston, AZ 70471"
10315,Grocery Store Inc,"768 Main St, Houston, IL 42500"
10316,Restaurant Corp,"195 Main St, Houston, NY 10149"
10317,Retail Store Co,"263 Main St, Phoenix, IL 23933"
10318,Restaurant LLC,"885 Main St, New York, NY 14363"
10319,Gas Station Corp,"827 Main St, Houston, CA 76880"
10320,Gas Station Corp,"460 Main St, New York, TX 45135"
10321,Clothing Store Co,"891 Main St, Los Angeles, AZ 41728"
10322,Pharmacy LLC,"745 Main St, Houston, NY 16734"
10323,Grocery Store Group,"217 Main St, Chicago, IL 41101"
10324,Restaurant Co,"129 Main St, Houston, CA 34291"
10325,Gas Station Co,"163 Main St, New York, IL 69593"
10326,Clothing Store Inc,"276 Main St, Phoenix, TX 27652"
10327,Retail Store Corp,"293 Main St, Phoenix, CA 99159"
10328,Hotel LLC,"306 Main St, New York, AZ 96466"
10329,Clothing Store Co,"245 Main St, New York, AZ 22605"
10330,Hotel Group,"940 Main St, Phoenix, AZ 56574"
10331,Coffee Shop Inc,"647 Main St, New York, TX 97577"
10332,Gas Station Inc,"514 Main St, New York, IL 88125"
10333,Grocery Store Corp,"236 Main St, Los Angeles, TX 16176"
10334,Hotel Corp,"144 Main St, Los Angeles, TX 15419"
10335,Restaurant Inc,"435 Main St, Chicago, CA 56041"
10336,Gas Station Inc,"867 Main St, Chicago, TX 43530"
10337,Retail Store LLC,"810 Main St, Chicago, IL 88764"
10338,Gas Station Inc,"344 Main St, Houston, AZ 86467"
10339,Pharmacy Corp,"575 Main St, Phoenix, NY 37172"
10340,Grocery Store Co,"479 Main St, Los Angeles, IL 34587"
10341,Hotel Corp,"120 Main St, Phoenix, CA 63453"
10342,Coffee Shop Inc,"624 Main St, Houston, TX 44446"
10343,Electronics Store Corp,"624 Main St, Los Angeles, AZ 50690"
10344,Hotel Corp,"958 Main St, Phoenix, AZ 19454"
10345,Coffee Shop Inc,"504 Main St, Chicago, TX 67888"
10346,Grocery Store Group,"390 Main St, Chicago, TX 90121"
10347,Electronics Store Group,"316 Main St, Chicago, NY 27424"
10348,Gas Station Corp,"741 Main St, Phoenix, TX 31024"
10349,Restaurant Group,"914 Main St, New York, IL 72515"
10350,Electronics Store Co,"591 Main St, New York, NY 26952"
10351,Grocery Store Inc,"188 Main St, Houston, IL 51044"
10352,Gas Station Co,"790 Main St, New York, IL 37775"
10353,Pharmacy Co,"689 Main St, New York, IL 19181"
10354,Retail Store LLC,"769 Main St, Houston, AZ 97381"
10355,Clothing Store LLC,"471 Main St, New York, AZ 50091"
10356,Grocery Store Corp,"640 Main St, Houston, NY 65793"
10357,Retail Store Inc,"275 Main St, Phoenix, CA 71235"
10358,Coffee Shop Co,"466 Main St, Chicago, AZ 64930"
10359,Pharmacy Group,"189 Main St, Chicago, CA 37641"
10360,Restaurant Group,"971 Main St, New York, AZ 65898"
10361,Electronics Store Corp,"601 Main St, Chicago, CA 22870"
10362,Grocery Store Inc,"292 Main St, Houston, NY 78010"
10363,Retail Store Inc,"186 Main St, Chicago, CA 43819"
10364,Restaurant Corp,"232 Main St, Houston, TX 99752"
10365,Gas Station Group,"113 Main St, Phoenix, CA 13174"
10366,Coffee Shop Corp,"391 Main St, New York, TX 42361"
10367,Gas Station Group,"103 Main St, Los Angeles, TX 36300"
10368,Electronics Store Group,"221 Main St, Phoenix, NY 67813"
10369,Hotel Corp,"935 Main St, Phoenix, NY 77106"
10370,Gas Station Corp,"258 Main St, Houston, NY 40728"
10371,Grocery Store Co,"993 Main St, New York, AZ 58314"
10372,Grocery Store LLC,"557 Main St, Los Angeles, TX 12363"
10373,Restaurant Group,"474 Main St, Houston, AZ 82375"
10374,Gas Station Co,"473 Main St, Chicago, IL 55358"
10375,Clothing Store Corp,"575 Main St, Chicago, NY 72971"
10376,Hotel Co,"630 Main St, Houston, IL 33206"
10377,Pharmacy LLC,"478 Main St, Chicago, CA 76858"
10378,Grocery Store Group,"450 Main St, Phoenix, CA 56776"
10379,Restaurant Inc,"607 Main St, Los Angeles, AZ 77964"
10380,Hotel LLC,"713 Main St, Phoenix, AZ 46129"
10381,Hotel Inc,"243 Main St, New York, TX 32895"
10382,Pharmacy Corp,"669 Main St, Chicago, AZ 10566"
10383,Grocery Store LLC,"121 Main St, Houston, AZ 20142"
10384,Pharmacy Inc,"648 Main St, Houston, NY 53714"
10385,Electronics Store Corp,"736 Main St, New York, AZ 44557"
10386,Gas Station Group,"358 Main St, Los Angeles, TX 41870"
10387,Hotel Group,"815 Main St, Chicago, NY 77300"
10388,Hotel Corp,"259 Main St, Los Angeles, TX 99916"
10389,Clothing Store Group,"727 Main St, Houston, AZ 35172"
10390,Clothing Store Group,"664 Main St, Los Angeles, NY 13398"
10391,Electronics Store LLC,"946 Main St, Phoenix, NY 38024"
10392,Hotel LLC,"625 Main St, Phoenix, NY 59837"
10393,Retail Store Co,"605 Main St, Chicago, IL 56020"
10394,Clothing Store Corp,"480 Main St, New York, TX 16114"
10395,Grocery Store Co,"578 Main St, Phoenix, IL 65204"
10396,Clothing Store LLC,"464 Main St, Phoenix, IL 78831"
10397,Restaurant Group,"537 Main St, Chicago, CA 48273"
10398,Clothing Store Group,"193 Main St, Chicago, CA 12484"
10399,Grocery Store LLC,"180 Main St, Los Angeles, CA 34721"
10400,Grocery Store Group,"996 Main St, Chicago, IL 93382"
10401,Pharmacy Inc,"397 Main St, Houston, CA 37847"
10402,Coffee Shop Group,"585 Main St, Phoenix, TX 83241"
10403,Electronics Store LLC,"633 Main St, Chicago, IL 58122"
10404,Coffee Shop Group,"384 Main St, Houston, TX 68358"
10405,Restaurant Corp,"949 Main St, Houston, CA 48914"
10406,Restaurant LLC,"554 Main St, Houston, AZ 53475"
10407,Pharmacy LLC,"623 Main St, Phoenix, AZ 73682"
10408,Hotel Group,"851 Main St, Houston, IL 10900"
10409,Restaurant Inc,"778 Main St, Chicago, TX 85702"
10410,Electronics Store Inc,"387 Main St, Phoenix, TX 36612"
10411,Clothing Store Corp,"490 Main St, Houston, TX 57406"
10412,Grocery Store Group,"661 Main St, Chicago, TX 59516"
10413,Pharmacy Co,"215 Main St, Chicago, TX 87362"
10414,Pharmacy LLC,"191 Main St, Phoenix, CA 96941"
10415,Gas Station Inc,"396 Main St, Los Angeles, CA 71976"
10416,Retail Store Group,"912 Main St, Los Angeles, TX 21500"
10417,Electronics Store Group,"903 Main St, Chicago, TX 32535"
10418,Coffee Shop LLC,"761 Main St, Chicago, NY 92904"
10419,Grocery Store LLC,"939 Main St, Phoenix, IL 89047"
10420,Clothing Store Group,"729 Main St, Houston, TX 57214"
10421,Gas Station Corp,"532 Main St, Phoenix, NY 14489"
10422,Coffee Shop Inc,"491 Main St, New York, NY 63148"
10423,Restaurant Co,"512 Main St, Los Angeles, IL 84723"
10424,Restaurant Group,"973 Main St, Chicago, AZ 51470"
10425,Restaurant Group,"268 Main St, Chicago, TX 20473"
10426,Clothing Store Inc,"541 Main St, Phoenix, TX 13752"
10427,Hotel LLC,"561 Main St, New York, IL 59250"
10428,Gas Station Co,"601 Main St, Phoenix, NY 42264"
10429,Coffee Shop LLC,"109 Main St, Houston, TX 54836"
10430,Electronics Store Group,"444 Main St, Houston, TX 52193"
10431,Electronics Store Corp,"274 Main St, Houston, CA 14671"
10432,Coffee Shop LLC,"928 Main St, Chicago, AZ 35967"
10433,Coffee Shop LLC,"273 Main St, Chicago, TX 80975"
10434,Grocery Store Co,"518 Main St, Phoenix, CA 77787"
10435,Gas Station Inc,"490 Main St, Houston, AZ 20934"
10436,Pharmacy Group,"331 Main St, Chicago, AZ 16424"
10437,Gas Station LLC,"616 Main St, Phoenix, CA 10203"
10438,Grocery Store Inc,"675 Main St, Phoenix, NY 50616"
10439,Pharmacy Co,"847 Main St, Houston, IL 15089"
10440,Grocery Store Co,"603 Main St, Chicago, CA 42481"
10441,Clothing Store Group,"830 Main St, Chicago, IL 96878"
10442,Electronics Store Group,"836 Main St, Chicago, CA 92209"
10443,Retail Store LLC,"339 Main St, Chicago, NY 59782"
10444,Grocery Store Corp,"815 Main St, Phoenix, IL 54903"
10445,Clothing Store Inc,"407 Main St, Los Angeles, AZ 96797"
10446,Electronics Store Group,"781 Main St, Los Angeles, AZ 46592"
10447,Hotel Corp,"429 Main St, Phoenix, IL 43696"
10448,Electronics Store Group,"998 Main St, Phoenix, CA 61078"
10449,Clothing Store Inc,"672 Main St, Houston, TX 95268"
10450,Electronics Store Inc,"446 Main St, New York, CA 36863"
10451,Hotel Corp,"584 Main St, New York, TX 13889"
10452,Coffee Shop Inc,"496 Main St, Houston, CA 13354"
10453,Coffee Shop Group,"690 Main St, New York, CA 19928"
10454,Restaurant Inc,"345 Main St, Los Angeles, IL 38948"
10455,Clothing Store Corp,"138 Main St, Phoenix, NY 65090"
10456,Grocery Store LLC,"601 Main St, Los Angeles, AZ 48178"
10457,Retail Store Co,"993 Main St, New York, TX 83865"
10458,Pharmacy LLC,"905 Main St, Phoenix, IL 89220"
10459,Electronics Store Group,"623 Main St, Chicago, AZ 38999"
10460,Hotel Co,"911 Main St, Chicago, TX 19481"
10461,Pharmacy Co,"285 Main St, Houston, CA 94896"
10462,Grocery Store Co,"620 Main St, Los Angeles, TX 54311"
10463,Gas Station Corp,"277 Main St, Chicago, AZ 18499"
10464,Coffee Shop Co,"895 Main St, Houston, IL 24026"
10465,Electronics Store Inc,"953 Main St, Houston, CA 52882"
10466,Pharmacy Inc,"594 Main St, Chicago, NY 39751"
10467,Hotel LLC,"237 Main St, Los Angeles, NY 37242"
10468,Gas Station Group,"124 Main St, Los Angeles, TX 74643"
10469,Grocery Store Corp,"802 Main St, Phoenix, NY 97545"
10470,Pharmacy LLC,"633 Main St, Houston, IL 77253"
10471,Electronics Store Group,"920 Main St, Houston, TX 46455"
10472,Clothing Store Inc,"921 Main St, Houston, CA 84838"
10473,Hotel Inc,"351 Main St, New York, NY 45905"
10474,Grocery Store LLC,"923 Main St, Los Angeles, AZ 44646"
10475,Coffee Shop LLC,"465 Main St, Los Angeles, CA 33405"
10476,Retail Store Corp,"864 Main St, New York, TX 77164"
10477,Grocery Store Group,"824 Main St, Los Angeles, TX 92627"
10478,Clothing Store Corp,"969 Main St, Chicago, IL 32601"
10479,Retail Store LLC,"853 Main St, Houston, AZ 36269"
10480,Clothing Store Co,"861 Main St, Chicago, CA 89259"
10481,Clothing Store Group,"548 Main St, Phoenix, IL 38109"
10482,Coffee Shop Corp,"320 Main St, New York, TX 64696"
10483,Clothing Store Corp,"912 Main St, New York, IL 95931"
10484,Clothing Store Co,"286 Main St, Houston, AZ 59789"
10485,Restaurant Inc,"651 Main St, Houston, AZ 30468"
10486,Electronics Store Co,"640 Main St, Phoenix, CA 58836"
10487,Pharmacy Corp,"294 Main St, New York, IL 28370"
10488,Clothing Store Co,"176 Main St, Los Angeles, IL 28965"
10489,Pharmacy LLC,"642 Main St, Houston, AZ 64649"
10490,Coffee Shop Inc,"859 Main St, Phoenix, TX 75922"
10491,Electronics Store Corp,"461 Main St, New York, CA 73114"
10492,Clothing Store LLC,"760 Main St, Los Angeles, NY 24756"
10493,Clothing Store Group,"990 Main St, Phoenix, IL 86526"
10494,Clothing Store Inc,"869 Main St, Phoenix, AZ 51523"
10495,Restaurant LLC,"472 Main St, Phoenix, CA 81145"
10496,Grocery Store LLC,"490 Main St, Chicago, AZ 73170"
10497,Pharmacy Inc,"539 Main St, Houston, NY 44973"
10498,Pharmacy Corp,"149 Main St, Chicago, TX 10033"
10499,Pharmacy LLC,"185 Main St, Houston, CA 65546"
10500,Clothing Store Inc,"975 Main St, Phoenix, AZ 26929"
10501,Electronics Store LLC,"625 Main St, Phoenix, TX 39923"
10502,Coffee Shop Co,"678 Main St, Houston, NY 28712"
10503,Grocery Store LLC,"478 Main St, New York, CA 25568"
10504,Coffee Shop LLC,"863 Main St, Phoenix, AZ 95302"
10505,Hotel Corp,"922 Main St, Chicago, NY 50156"
10506,Restaurant Co,"654 Main St, New York, AZ 36072"
10507,Electronics Store Group,"530 Main St, Los Angeles, CA 30838"
10508,Retail Store Inc,"732 Main St, New York, TX 16033"
10509,Gas Station Corp,"791 Main St, Chicago, IL 50536"
10510,Gas Station Co,"860 Main St, Chicago, NY 73629"
10511,Clothing Store Corp,"268 Main St, New York, AZ 18177"
10512,Gas Station Group,"107 Main St, New York, AZ 99661"
10513,Retail Store Corp,"732 Main St, Phoenix, TX 70195"
10514,Electronics Store Co,"511 Main St, Los Angeles, AZ 82831"
10515,Retail Store Corp,"913 Main St, New York, IL 35452"
10516,Gas Station Co,"611 Main St, Los Angeles, NY 88748"
10517,Gas Station Co,"185 Main St, Houston, NY 43742"
10518,Hotel Group,"324 Main St, Los Angeles, TX 71561"
10519,Electronics Store Group,"250 Main St, Los Angeles, CA 42349"
10520,Clothing Store Co,"767 Main St, New York, TX 60351"
10521,Grocery Store Group,"650 Main St, Phoenix, IL 15218"
10522,Pharmacy Inc,"149 Main St, Phoenix, NY 25835"
10523,Clothing Store LLC,"246 Main St, Los Angeles, IL 61374"
10524,Electronics Store Group,"488 Main St, Chicago, CA 23328"
10525,Hotel Co,"870 Main St, New York, AZ 33823"
10526,Pharmacy Inc,"742 Main St, Chicago, CA 60190"
10527,Clothing Store Inc,"243 Main St, Chicago, CA 57164"
10528,Restaurant Corp,"381 Main St, Los Angeles, IL 53583"
10529,Electronics Store Group,"469 Main St, New York, CA 38309"
10530,Electronics Store Co,"754 Main St, New York, AZ 85336"
10531,Retail Store Co,"293 Main St, Chicago, AZ 23518"
10532,Pharmacy Group,"736 Main St, Phoenix, IL 39791"
10533,Electronics Store Co,"103 Main St, New York, NY 75147"
10534,Restaurant Group,"270 Main St, Houston, TX 58708"
10535,Grocery Store Group,"955 Main St, New York, CA 97289"
10536,Grocery Store Inc,"989 Main St, Los Angeles, AZ 98537"
10537,Grocery Store Inc,"776 Main St, New York, TX 57983"
10538,Clothing Store Co,"125 Main St, Houston, TX 82523"
10539,Clothing Store Co,"394 Main St, Phoenix, NY 52639"
10540,Grocery Store Inc,"702 Main St, Los Angeles, IL 89094"
10541,Coffee Shop LLC,"918 Main St, Chicago, AZ 22371"
10542,Restaurant Group,"546 Main St, Los Angeles, CA 64471"
10543,Grocery Store Group,"500 Main St, Houston, AZ 60400"
10544,Coffee Shop Corp,"740 Main St, Chicago, CA 97892"
10545,Retail Store LLC,"254 Main St, New York, CA 27934"
10546,Gas Station LLC,"480 Main St, Los Angeles, TX 33383"
10547,Gas Station Co,"733 Main St, Houston, NY 39258"
10548,Retail Store Inc,"511 Main St, New York, CA 45871"
10549,Clothing Store Co,"141 Main St, Los Angeles, IL 12065"
10550,Gas Station LLC,"452 Main St, Los Angeles, AZ 85965"
10551,Gas Station Corp,"627 Main St, Chicago, AZ 46450"
10552,Gas Station Inc,"105 Main St, Houston, CA 67651"
10553,Retail Store LLC,"156 Main St, Phoenix, CA 94603"
10554,Pharmacy Inc,"902 Main St, Houston, AZ 88181"
10555,Coffee Shop Corp,"357 Main St, Chicago, NY 98860"
10556,Electronics Store Group,"928 Main St, Houston, NY 79193"
10557,Hotel Group,"215 Main St, Houston, NY 23913"
10558,Coffee Shop Group,"341 Main St, Chicago, AZ 63480"
10559,Clothing Store Co,"302 Main St, Houston, CA 23494"
10560,Coffee Shop LLC,"917 Main St, Chicago, CA 10415"
10561,Electronics Store Corp,"737 Main St, New York, AZ 10194"
10562,Grocery Store LLC,"809 Main St, Chicago, IL 32485"
10563,Grocery Store Co,"144 Main St, Los Angeles, IL 19832"
10564,Hotel LLC,"888 Main St, Houston, CA 88123"
10565,Retail Store Inc,"950 Main St, New York, NY 99089"
10566,Restaurant Co,"287 Main St, New York, TX 45452"
10567,Grocery Store Group,"542 Main St, New York, CA 76720"
10568,Grocery Store Co,"367 Main St, Houston, CA 19697"
10569,Restaurant LLC,"575 Main St, Los Angeles, AZ 14726"
10570,Electronics Store Corp,"266 Main St, Phoenix, IL 71351"
10571,Clothing Store Co,"893 Main St, Houston, AZ 80363"
10572,Gas Station Co,"177 Main St, New York, TX 55667"
10573,Pharmacy LLC,"615 Main St, New York, NY 10931"
10574,Clothing Store Co,"912 Main St, Los Angeles, IL 14072"
10575,Restaurant Corp,"831 Main St, Phoenix, NY 86832"
10576,Hotel Co,"151 Main St, Los Angeles, TX 23467"
10577,Restaurant Inc,"557 Main St, Phoenix, IL 70321"
10578,Gas Station Inc,"638 Main St, New York, AZ 85520"
10579,Electronics Store Co,"102 Main St, Los Angeles, AZ 37864"
10580,Gas Station Group,"983 Main St, Los Angeles, NY 66618"
10581,Hotel Corp,"551 Main St, Houston, AZ 33052"
10582,Restaurant Inc,"227 Main St, New York, AZ 87177"
10583,Clothing Store Co,"988 Main St, Chicago, TX 24012"
10584,Restaurant Co,"940 Main St, New York, NY 64996"
10585,Retail Store Group,"299 Main St, Phoenix, AZ 73494"
10586,Pharmacy Co,"263 Main St, Houston, CA 64873"
10587,Hotel Group,"693 Main St, Chicago, TX 37402"
10588,Restaurant LLC,"103 Main St, Houston, TX 57183"
10589,Electronics Store Inc,"982 Main St, Phoenix, NY 64942"
10590,Coffee Shop Inc,"962 Main St, Houston, NY 62292"
10591,Coffee Shop Corp,"402 Main St, Los Angeles, AZ 53545"
10592,Gas Station LLC,"227 Main St, Phoenix, AZ 82206"
10593,Coffee Shop Co,"311 Main St, Chicago, NY 49018"
10594,Restaurant Inc,"139 Main St, Phoenix, IL 49461"
10595,Hotel Inc,"950 Main St, Los Angeles, IL 14093"
10596,Clothing Store LLC,"852 Main St, New York, TX 35127"
10597,Coffee Shop LLC,"269 Main St, Los Angeles, CA 39767"
10598,Hotel Group,"881 Main St, New York, IL 42078"
10599,Restaurant LLC,"283 Main St, New York, IL 50735"
10600,Hotel Corp,"635 Main St, New York, IL 31670"
10601,Restaurant Inc,"672 Main St, Los Angeles, NY 87844"
10602,Electronics Store Inc,"983 Main St, New York, IL 51976"
10603,Coffee Shop Inc,"801 Main St, New York, TX 45006"
10604,Restaurant Group,"700 Main St, Los Angeles, CA 56139"
10605,Restaurant Corp,"691 Main St, Houston, TX 77636"
10606,Retail Store Group,"719 Main St, Los Angeles, CA 78671"
10607,Restaurant Group,"777 Main St, Houston, NY 63256"
10608,Restaurant LLC,"533 Main St, Houston, CA 10684"
10609,Clothing Store LLC,"981 Main St, Phoenix, NY 72957"
10610,Gas Station Group,"509 Main St, Los Angeles, IL 12552"
10611,Coffee Shop Group,"789 Main St, Chicago, AZ 57855"
10612,Grocery Store Co,"250 Main St, New York, CA 23395"
10613,Clothing Store Inc,"743 Main St, Los Angeles, IL 66779"
10614,Coffee Shop Co,"573 Main St, Chicago, AZ 24375"
10615,Grocery Store LLC,"569 Main St, New York, IL 17717"
10616,Coffee Shop Group,"713 Main St, Houston, AZ 56167"
10617,Clothing Store Inc,"859 Main St, Houston, CA 68781"
10618,Retail Store Co,"802 Main St, Phoenix, AZ 47261"
10619,Clothing Store Group,"176 Main St, New York, CA 41600"
10620,Gas Station Group,"956 Main St, New York, IL 99521"
10621,Coffee Shop Co,"426 Main St, Chicago, AZ 66271"
10622,Coffee Shop LLC,"765 Main St, Los Angeles, CA 30952"
10623,Restaurant Co,"404 Main St, Houston, TX 41028"
10624,Restaurant Corp,"188 Main St, Houston, IL 92728"
10625,Retail Store Inc,"593 Main St, Phoenix, CA 27524"
10626,Clothing Store Corp,"350 Main St, Los Angeles, CA 18569"
10627,Grocery Store Inc,"842 Main St, Los Angeles, TX 50458"
10628,Gas Station Inc,"695 Main St, New York, IL 45713"
10629,Retail Store Co,"715 Main St, Houston, AZ 40766"
10630,Hotel Inc,"511 Main St, Chicago, NY 17497"
10631,Retail Store Group,"397 Main St, Chicago, AZ 60057"
10632,Grocery Store LLC,"610 Main St, Los Angeles, NY 96101"
10633,Coffee Shop Corp,"884 Main St, Phoenix, NY 57500"
10634,Grocery Store Inc,"202 Main St, Houston, TX 79360"
10635,Electronics Store Group,"164 Main St, Chicago, TX 51053"
10636,Hotel Corp,"843 Main St, Los Angeles, NY 99766"
10637,Coffee Shop Corp,"769 Main St, New York, AZ 36061"
10638,Retail Store Corp,"180 Main St, Los Angeles, IL 44258"
10639,Pharmacy LLC,"502 Main St, Phoenix, CA 64670"
10640,Pharmacy Co,"160 Main St, Los Angeles, TX 61785"
10641,Grocery Store Co,"838 Main St, Phoenix, TX 96620"
10642,Retail Store Corp,"710 Main St, Los Angeles, NY 45770"
10643,Coffee Shop LLC,"557 Main St, New York, NY 48947"
10644,Electronics Store Inc,"867 Main St, Los Angeles, CA 44243"
10645,Electronics Store Corp,"816 Main St, Phoenix, CA 58560"
10646,Retail Store Inc,"793 Main St, New York, AZ 74503"
10647,Grocery Store Group,"817 Main St, Phoenix, IL 94864"
10648,Pharmacy Group,"325 Main St, Chicago, CA 26946"
10649,Grocery Store Group,"182 Main St, Los Angeles, AZ 71114"
10650,Pharmacy LLC,"269 Main St, Chicago, NY 31786"
10651,Coffee Shop Corp,"502 Main St, Chicago, IL 95715"
10652,Gas Station LLC,"315 Main St, Chicago, AZ 93024"
10653,Grocery Store Co,"136 Main St, Chicago, TX 91109"
10654,Electronics Store LLC,"264 Main St, Chicago, NY 86577"
10655,Hotel LLC,"845 Main St, Los Angeles, TX 96533"
10656,Gas Station Co,"517 Main St, Houston, AZ 37341"
10657,Hotel LLC,"368 Main St, Phoenix, AZ 46815"
10658,Hotel Group,"928 Main St, New York, TX 64306"
10659,Restaurant Inc,"770 Main St, New York, IL 70329"
10660,Hotel Group,"489 Main St, New York, TX 58345"
10661,Gas Station LLC,"947 Main St, Phoenix, AZ 96265"
10662,Hotel Group,"724 Main St, Phoenix, CA 79075"
10663,Clothing Store LLC,"727 Main St, Chicago, NY 24084"
10664,Gas Station Inc,"876 Main St, New York, TX 78418"
10665,Clothing Store Co,"992 Main St, Phoenix, CA 85063"
10666,Hotel Group,"248 Main St, Houston, TX 63469"
10667,Gas Station Group,"677 Main St, New York, NY 43640"
10668,Gas Station LLC,"707 Main St, Los Angeles, TX 62392"
10669,Restaurant Group,"983 Main St, Phoenix, IL 96464"
10670,Gas Station LLC,"211 Main St, Los Angeles, CA 17832"
10671,Pharmacy Corp,"470 Main St, New York, NY 17754"
10672,Clothing Store Co,"782 Main St, New York, NY 63612"
10673,Pharmacy Co,"989 Main St, New York, TX 93667"
10674,Hotel Corp,"550 Main St, Chicago, NY 94927"
10675,Coffee Shop Co,"866 Main St, Los Angeles, IL 80847"
10676,Coffee Shop Co,"111 Main St, New York, IL 99917"
10677,Retail Store Group,"432 Main St, Chicago, CA 52424"
10678,Hotel Inc,"936 Main St, Chicago, TX 65703"
10679,Pharmacy Inc,"934 Main St, New York, NY 55609"
10680,Retail Store Group,"658 Main St, Chicago, AZ 27264"
10681,Electronics Store Inc,"541 Main St, Los Angeles, CA 90926"
10682,Hotel Co,"454 Main St, Houston, IL 62149"
10683,Pharmacy Corp,"431 Main St, Los Angeles, TX 61348"
10684,Clothing Store Co,"511 Main St, Los Angeles, NY 78382"
10685,Restaurant Group,"420 Main St, New York, AZ 18047"
10686,Hotel Co,"269 Main St, Houston, TX 21047"
10687,Restaurant Group,"243 Main St, Chicago, NY 20182"
10688,Hotel Group,"873 Main St, New York, TX 69149"
10689,Retail Store Inc,"303 Main St, Houston, NY 77702"
10690,Pharmacy LLC,"689 Main St, Chicago, NY 64991"
10691,Grocery Store Corp,"157 Main St, Houston, TX 88755"
10692,Restaurant Co,"840 Main St, Phoenix, NY 64147"
10693,Restaurant Inc,"435 Main St, Houston, IL 31134"
10694,Pharmacy LLC,"403 Main St, Houston, CA 17437"
10695,Pharmacy Corp,"491 Main St, Los Angeles, IL 98274"
10696,Restaurant Inc,"285 Main St, Los Angeles, IL 82593"
10697,Hotel LLC,"346 Main St, New York, CA 64891"
10698,Hotel Inc,"520 Main St, Chicago, IL 88456"
10699,Electronics Store Inc,"157 Main St, Chicago, TX 68176"
10700,Electronics Store Inc,"589 Main St, New York, CA 22287"
10701,Clothing Store LLC,"681 Main St, Phoenix, IL 24208"
10702,Hotel LLC,"635 Main St, Chicago, TX 73557"
10703,Retail Store Corp,"897 Main St, New York, AZ 40238"
10704,Coffee Shop LLC,"941 Main St, New York, CA 46989"
10705,Retail Store Corp,"930 Main St, Los Angeles, CA 17319"
10706,Restaurant Group,"210 Main St, New York, AZ 55156"
10707,Restaurant LLC,"859 Main St, New York, TX 42791"
10708,Coffee Shop Co,"867 Main St, Houston, NY 96211"
10709,Retail Store Corp,"498 Main St, New York, TX 44424"
10710,Coffee Shop LLC,"421 Main St, Houston, AZ 11588"
10711,Gas Station Co,"541 Main St, Chicago, TX 75650"
10712,Hotel Co,"878 Main St, Chicago, CA 45086"
10713,Electronics Store Inc,"394 Main St, Houston, NY 34977"
10714,Coffee Shop LLC,"897 Main St, Los Angeles, CA 44419"
10715,Pharmacy LLC,"909 Main St, Phoenix, CA 56553"
10716,Grocery Store Corp,"625 Main St, New York, AZ 65249"
10717,Retail Store Corp,"828 Main St, Phoenix, TX 48686"
10718,Hotel Corp,"197 Main St, Phoenix, AZ 71190"
10719,Restaurant Group,"443 Main St, New York, AZ 66104"
10720,Retail Store Corp,"302 Main St, Phoenix, NY 93064"
10721,Coffee Shop Inc,"734 Main St, Chicago, NY 14940"
10722,Grocery Store Corp,"480 Main St, Chicago, CA 76732"
10723,Grocery Store Corp,"588 Main St, Los Angeles, IL 82481"
10724,Pharmacy LLC,"320 Main St, Los Angeles, AZ 88054"
10725,Electronics Store LLC,"820 Main St, Chicago, CA 21683"
10726,Gas Station LLC,"182 Main St, New York, CA 88235"
10727,Coffee Shop Corp,"435 Main St, Houston, CA 33924"
10728,Pharmacy LLC,"401 Main St, New York, IL 32424"
10729,Grocery Store LLC,"378 Main St, New York, TX 57704"
10730,Clothing Store Inc,"669 Main St, Phoenix, TX 77230"
10731,Clothing Store Corp,"488 Main St, New York, IL 20633"
10732,Hotel Inc,"981 Main St, New York, IL 83281"
10733,Electronics Store Co,"687 Main St, New York, NY 27341"
10734,Grocery Store LLC,"980 Main St, Phoenix, TX 11833"
10735,Grocery Store Co,"266 Main St, Los Angeles, IL 54030"
10736,Restaurant Inc,"540 Main St, New York, NY 71069"
10737,Retail Store Group,"180 Main St, Chicago, NY 62152"
10738,Hotel Co,"232 Main St, Houston, CA 86149"
10739,Hotel Inc,"144 Main St, Chicago, TX 66688"
10740,Gas Station LLC,"475 Main St, Chicago, TX 78829"
10741,Clothing Store Corp,"564 Main St, Phoenix, NY 40701"
10742,Grocery Store Co,"900 Main St, Los Angeles, AZ 25433"
10743,Gas Station LLC,"848 Main St, Chicago, CA 13491"
10744,Pharmacy LLC,"369 Main St, Houston, TX 81210"
10745,Grocery Store Inc,"822 Main St, Los Angeles, AZ 79698"
10746,Gas Station Co,"311 Main St, Phoenix, TX 57051"
10747,Retail Store Inc,"620 Main St, Los Angeles, TX 41296"
10748,Hotel Group,"307 Main St, New York, CA 16238"
10749,Retail Store Co,"796 Main St, Chicago, CA 14051"
10750,Grocery Store Corp,"169 Main St, Phoenix, NY 13443"
10751,Grocery Store Inc,"972 Main St, New York, IL 66404"
10752,Coffee Shop LLC,"324 Main St, Los Angeles, CA 20100"
10753,Grocery Store LLC,"148 Main St, Los Angeles, TX 88410"
10754,Clothing Store Group,"960 Main St, Phoenix, CA 53507"
10755,Clothing Store Co,"343 Main St, New York, CA 36180"
10756,Hotel Corp,"634 Main St, Chicago, TX 13591"
10757,Restaurant Co,"303 Main St, New York, NY 89102"
10758,Retail Store Group,"477 Main St, New York, NY 94297"
10759,Clothing Store Inc,"598 Main St, Los Angeles, CA 67553"
10760,Pharmacy Corp,"572 Main St, Los Angeles, AZ 47896"
10761,Clothing Store Co,"677 Main St, Chicago, IL 25220"
10762,Restaurant LLC,"999 Main St, Houston, AZ 40185"
10763,Gas Station Inc,"784 Main St, New York, CA 93517"
10764,Retail Store LLC,"167 Main St, Los Angeles, TX 18683"
10765,Restaurant Group,"547 Main St, New York, TX 90115"
10766,Coffee Shop LLC,"128 Main St, New York, AZ 52541"
10767,Pharmacy LLC,"377 Main St, Los Angeles, CA 90420"
10768,Electronics Store Group,"351 Main St, Phoenix, NY 66442"
10769,Coffee Shop Inc,"608 Main St, New York, NY 82845"
10770,Pharmacy Co,"111 Main St, Houston, AZ 74066"
10771,Clothing Store Co,"427 Main St, Los Angeles, AZ 80311"
10772,Coffee Shop Co,"900 Main St, Phoenix, TX 63639"
10773,Electronics Store Inc,"494 Main St, Phoenix, CA 75970"
10774,Coffee Shop LLC,"341 Main St, New York, AZ 19590"
10775,Clothing Store Group,"657 Main St, Chicago, CA 84105"
10776,Retail Store LLC,"874 Main St, Houston, IL 17083"
10777,Gas Station Co,"957 Main St, Phoenix, NY 89509"
10778,Coffee Shop Corp,"189 Main St, Chicago, NY 75448"
10779,Gas Station Co,"752 Main St, Chicago, IL 71440"
10780,Gas Station Co,"184 Main St, Houston, TX 51229"
10781,Electronics Store Corp,"175 Main St, Phoenix, IL 38897"
10782,Retail Store Group,"287 Main St, Chicago, CA 53202"
10783,Gas Station Co,"784 Main St, Phoenix, IL 32139"
10784,Clothing Store LLC,"320 Main St, New York, AZ 53216"
10785,Pharmacy Corp,"260 Main St, Phoenix, CA 87266"
10786,Retail Store Co,"962 Main St, Los Angeles, NY 65094"
10787,Restaurant Group,"178 Main St, New York, CA 14222"
10788,Retail Store LLC,"283 Main St, Houston, CA 46903"
10789,Restaurant Group,"522 Main St, New York, NY 66863"
10790,Coffee Shop Group,"286 Main St, Houston, TX 18558"
10791,Retail Store Corp,"837 Main St, Houston, CA 84734"
10792,Clothing Store Inc,"273 Main St, Phoenix, CA 20745"
10793,Hotel Inc,"249 Main St, Los Angeles, AZ 34132"
10794,Pharmacy Co,"441 Main St, New York, TX 59418"
10795,Retail Store Inc,"670 Main St, New York, AZ 52958"
10796,Retail Store Group,"739 Main St, New York, IL 77294"
10797,Electronics Store Corp,"524 Main St, New York, IL 11701"
10798,Gas Station Corp,"727 Main St, Chicago, CA 73399"
10799,Hotel Inc,"644 Main St, Phoenix, IL 45274"
10800,Pharmacy Group,"370 Main St, Houston, IL 20367"
10801,Retail Store Inc,"376 Main St, New York, AZ 71074"
10802,Restaurant Inc,"813 Main St, Houston, TX 67830"
10803,Gas Station Group,"653 Main St, Chicago, TX 50347"
10804,Electronics Store Corp,"407 Main St, New York, NY 69799"
10805,Electronics Store Corp,"637 Main St, Phoenix, AZ 10649"
10806,Grocery Store Co,"851 Main St, Phoenix, IL 40543"
10807,Pharmacy Inc,"447 Main St, Houston, TX 43771"
10808,Retail Store Co,"860 Main St, New York, NY 38998"
10809,Hotel Group,"974 Main St, Chicago, CA 32365"
10810,Grocery Store Inc,"634 Main St, Houston, NY 23874"
10811,Electronics Store Group,"453 Main St, Houston, AZ 62320"
10812,Restaurant Group,"348 Main St, New York, AZ 47057"
10813,Pharmacy LLC,"511 Main St, Phoenix, AZ 23442"
10814,Electronics Store Inc,"880 Main St, Phoenix, AZ 52394"
10815,Grocery Store Group,"532 Main St, New York, IL 80290"
10816,Pharmacy Corp,"351 Main St, Los Angeles, IL 15889"
10817,Gas Station LLC,"318 Main St, Houston, CA 69358"
10818,Grocery Store Group,"425 Main St, Chicago, CA 65068"
10819,Gas Station Group,"970 Main St, Phoenix, TX 73124"
10820,Restaurant LLC,"793 Main St, New York, IL 14365"
10821,Hotel Co,"825 Main St, Phoenix, IL 78331"
10822,Electronics Store LLC,"356 Main St, Los Angeles, TX 44151"
10823,Restaurant Co,"528 Main St, Los Angeles, AZ 27963"
10824,Coffee Shop Group,"125 Main St, Phoenix, CA 55604"
10825,Grocery Store Corp,"388 Main St, Chicago, NY 70913"
10826,Hotel Corp,"828 Main St, Chicago, IL 10155"
10827,Grocery Store LLC,"583 Main St, Houston, IL 76427"
10828,Hotel Co,"121 Main St, New York, TX 12827"
10829,Coffee Shop LLC,"816 Main St, Los Angeles, IL 14333"
10830,Pharmacy Corp,"191 Main St, Houston, TX 62040"
10831,Pharmacy Co,"242 Main St, New York, AZ 37798"
10832,Restaurant Co,"353 Main St, Phoenix, AZ 69229"
10833,Pharmacy Group,"703 Main St, New York, IL 22306"
10834,Pharmacy Co,"467 Main St, Los Angeles, IL 16476"
10835,Coffee Shop LLC,"825 Main St, New York, NY 11643"
10836,Gas Station Inc,"177 Main St, Houston, CA 74519"
10837,Hotel Inc,"445 Main St, Los Angeles, TX 85889"
10838,Coffee Shop Inc,"104 Main St, Los Angeles, AZ 23279"
10839,Pharmacy LLC,"202 Main St, Phoenix, CA 24018"
10840,Electronics Store LLC,"404 Main St, New York, TX 97050"
10841,Retail Store Co,"637 Main St, Chicago, NY 50882"
10842,Clothing Store Group,"362 Main St, Phoenix, NY 42449"
10843,Gas Station Corp,"671 Main St, New York, AZ 51650"
10844,Coffee Shop LLC,"630 Main St, Houston, AZ 80345"
10845,Gas Station LLC,"781 Main St, Chicago, AZ 97534"
10846,Coffee Shop LLC,"301 Main St, Houston, NY 91528"
10847,Restaurant Group,"277 Main St, Houston, CA 94127"
10848,Grocery Store Corp,"963 Main St, Phoenix, CA 85797"
10849,Hotel Inc,"890 Main St, Houston, AZ 20869"
10850,Grocery Store Corp,"132 Main St, Houston, AZ 13191"
10851,Coffee Shop Group,"721 Main St, Phoenix, IL 78881"
10852,Grocery Store Corp,"697 Main St, Houston, AZ 61479"
10853,Pharmacy Co,"913 Main St, New York, AZ 77323"
10854,Grocery Store Inc,"724 Main St, Los Angeles, TX 58630"
10855,Grocery Store Inc,"505 Main St, Phoenix, NY 17389"
10856,Pharmacy Inc,"599 Main St, Los Angeles, CA 48044"
10857,Retail Store Inc,"770 Main St, Houston, AZ 31108"
10858,Gas Station Inc,"864 Main St, New York, TX 50199"
10859,Clothing Store Group,"311 Main St, Chicago, IL 52965"
10860,Clothing Store Co,"164 Main St, Houston, AZ 12237"
10861,Grocery Store Corp,"813 Main St, New York, IL 63325"
10862,Electronics Store Inc,"404 Main St, New York, NY 76675"
10863,Pharmacy Inc,"603 Main St, New York, IL 26235"
10864,Clothing Store Group,"407 Main St, Houston, CA 51651"
10865,Retail Store Group,"971 Main St, Houston, NY 68532"
10866,Electronics Store Corp,"335 Main St, Los Angeles, NY 43832"
10867,Coffee Shop Inc,"533 Main St, Los Angeles, AZ 85031"
10868,Gas Station Inc,"850 Main St, Phoenix, CA 20775"
10869,Gas Station LLC,"181 Main St, New York, NY 44615"
10870,Coffee Shop Inc,"629 Main St, New York, TX 25063"
10871,Grocery Store LLC,"314 Main St, Chicago, TX 88316"
10872,Grocery Store Co,"104 Main St, Houston, IL 54053"
10873,Hotel Co,"101 Main St, Phoenix, TX 95836"
10874,Gas Station Corp,"374 Main St, Chicago, IL 86801"
10875,Coffee Shop Inc,"550 Main St, Phoenix, CA 55459"
10876,Restaurant Inc,"750 Main St, Chicago, CA 83516"
10877,Grocery Store Inc,"119 Main St, Los Angeles, IL 51980"
10878,Electronics Store Inc,"245 Main St, Chicago, IL 39251"
10879,Grocery Store Co,"381 Main St, Houston, AZ 88181"
10880,Coffee Shop Group,"968 Main St, Houston, IL 70694"
10881,Electronics Store Group,"869 Main St, New York, AZ 89518"
10882,Pharmacy Inc,"368 Main St, Chicago, TX 69364"
10883,Electronics Store Group,"184 Main St, Chicago, IL 75044"
10884,Hotel Corp,"732 Main St, Los Angeles, IL 59449"
10885,Grocery Store Co,"819 Main St, Houston, IL 35213"
10886,Grocery Store Corp,"503 Main St, Houston, NY 26257"
10887,Restaurant Corp,"889 Main St, Houston, AZ 96172"
10888,Restaurant Co,"546 Main St, Los Angeles, AZ 34175"
10889,Gas Station LLC,"302 Main St, Chicago, NY 78707"
10890,Grocery Store Inc,"385 Main St, Chicago, NY 61894"
10891,Grocery Store Group,"236 Main St, New York, TX 87639"
10892,Gas Station Corp,"738 Main St, Houston, NY 20522"
10893,Restaurant Co,"782 Main St, Phoenix, TX 54626"
10894,Grocery Store Group,"316 Main St, Houston, AZ 77267"
10895,Electronics Store LLC,"233 Main St, Houston, TX 30342"
10896,Electronics Store Co,"843 Main St, Chicago, NY 63483"
10897,Retail Store Co,"759 Main St, Los Angeles, CA 56274"
10898,Coffee Shop Group,"486 Main St, Chicago, IL 41197"
10899,Pharmacy Co,"672 Main St, Phoenix, IL 27902"
10900,Retail Store Co,"564 Main St, New York, IL 89290"
10901,Clothing Store Co,"362 Main St, New York, IL 68455"
10902,Grocery Store Inc,"289 Main St, Houston, AZ 25338"
10903,Gas Station LLC,"619 Main St, Houston, CA 49000"
10904,Gas Station Co,"688 Main St, Houston, AZ 80068"
10905,Retail Store Corp,"921 Main St, Los Angeles, IL 24621"
10906,Hotel LLC,"534 Main St, New York, IL 70579"
10907,Restaurant Co,"541 Main St, Los Angeles, AZ 35244"
10908,Coffee Shop Co,"177 Main St, New York, NY 97414"
10909,Restaurant Inc,"674 Main St, Los Angeles, TX 64487"
10910,Gas Station LLC,"834 Main St, Los Angeles, AZ 76375"
10911,Grocery Store LLC,"689 Main St, Houston, CA 55502"
10912,Pharmacy Inc,"877 Main St, Los Angeles, CA 24756"
10913,Hotel LLC,"958 Main St, Phoenix, NY 35432"
10914,Pharmacy Corp,"161 Main St, New York, IL 26970"
10915,Retail Store Corp,"393 Main St, Houston, AZ 45378"
10916,Coffee Shop Co,"487 Main St, Chicago, IL 73421"
10917,Pharmacy LLC,"907 Main St, Chicago, IL 71949"
10918,Hotel Inc,"312 Main St, Phoenix, CA 51728"
10919,Clothing Store Inc,"640 Main St, New York, IL 72157"
10920,Restaurant Inc,"686 Main St, Houston, CA 53261"
10921,Coffee Shop Corp,"672 Main St, Los Angeles, NY 37271"
10922,Electronics Store Group,"919 Main St, New York, NY 61761"
10923,Electronics Store LLC,"820 Main St, Phoenix, NY 77005"
10924,Pharmacy LLC,"829 Main St, New York, TX 57156"
10925,Gas Station Group,"548 Main St, Houston, TX 29739"
10926,Coffee Shop Group,"343 Main St, Los Angeles, CA 86259"
10927,Grocery Store Corp,"391 Main St, Los Angeles, NY 92733"
10928,Coffee Shop Co,"389 Main St, New York, NY 27156"
10929,Pharmacy Corp,"570 Main St, Phoenix, IL 15043"
10930,Gas Station Group,"343 Main St, New York, AZ 14212"
10931,Restaurant Co,"406 Main St, Los Angeles, CA 43098"
10932,Restaurant Corp,"840 Main St, Los Angeles, TX 41394"
10933,Coffee Shop Group,"195 Main St, New York, TX 63526"
10934,Electronics Store Group,"272 Main St, Chicago, AZ 26201"
10935,Coffee Shop Inc,"463 Main St, Phoenix, NY 87842"
10936,Coffee Shop Co,"651 Main St, Houston, AZ 71276"
10937,Clothing Store LLC,"765 Main St, Houston, AZ 49239"
10938,Retail Store LLC,"343 Main St, Chicago, CA 28635"
10939,Clothing Store Inc,"322 Main St, Houston, TX 87090"
10940,Hotel LLC,"279 Main St, Chicago, AZ 98570"
10941,Coffee Shop Inc,"548 Main St, Chicago, CA 83919"
10942,Retail Store Inc,"443 Main St, Houston, CA 68924"
10943,Retail Store Inc,"998 Main St, Chicago, NY 31117"
10944,Hotel LLC,"197 Main St, Phoenix, IL 72437"
10945,Grocery Store Corp,"736 Main St, Phoenix, NY 59271"
10946,Gas Station Corp,"119 Main St, Los Angeles, TX 37820"
10947,Coffee Shop Corp,"593 Main St, Los Angeles, AZ 25055"
10948,Coffee Shop LLC,"200 Main St, New York, NY 50407"
10949,Electronics Store LLC,"188 Main St, New York, IL 20554"
10950,Clothing Store Corp,"902 Main St, Los Angeles, AZ 84553"
10951,Pharmacy Inc,"159 Main St, Los Angeles, TX 53683"
10952,Restaurant Group,"165 Main St, New York, AZ 85426"
10953,Coffee Shop LLC,"947 Main St, Chicago, NY 11088"
10954,Retail Store Corp,"382 Main St, Houston, CA 42511"
10955,Coffee Shop Corp,"469 Main St, Houston, IL 80341"
10956,Restaurant Co,"254 Main St, Chicago, AZ 80129"
10957,Electronics Store Corp,"412 Main St, Chicago, TX 84513"
10958,Gas Station LLC,"835 Main St, Chicago, NY 96675"
10959,Gas Station Group,"928 Main St, Houston, TX 66754"
10960,Clothing Store Corp,"703 Main St, Phoenix, CA 96772"
10961,Clothing Store Inc,"418 Main St, Phoenix, NY 62625"
10962,Gas Station Corp,"198 Main St, Phoenix, NY 36975"
10963,Coffee Shop Corp,"713 Main St, Los Angeles, NY 77160"
10964,Restaurant LLC,"658 Main St, New York, NY 23288"
10965,Grocery Store Corp,"685 Main St, Phoenix, TX 40617"
10966,Electronics Store LLC,"121 Main St, New York, NY 72115"
10967,Grocery Store Inc,"525 Main St, Chicago, TX 81056"
10968,Clothing Store Inc,"563 Main St, Los Angeles, IL 21380"
10969,Retail Store LLC,"890 Main St, New York, NY 29654"
10970,Clothing Store Co,"703 Main St, Phoenix, CA 56885"
10971,Clothing Store Inc,"801 Main St, Phoenix, AZ 81675"
10972,Gas Station Inc,"488 Main St, Chicago, NY 49909"
10973,Grocery Store LLC,"296 Main St, Houston, NY 13993"
10974,Retail Store LLC,"915 Main St, New York, IL 83124"
10975,Hotel Co,"705 Main St, Houston, NY 65607"
10976,Electronics Store Co,"499 Main St, Phoenix, CA 40356"
10977,Coffee Shop Co,"205 Main St, Houston, NY 75731"
10978,Pharmacy Co,"613 Main St, New York, TX 73648"
10979,Grocery Store Co,"365 Main St, Phoenix, AZ 23269"
10980,Clothing Store Co,"743 Main St, Phoenix, TX 97015"
10981,Restaurant Inc,"569 Main St, Phoenix, CA 70069"
10982,Hotel Inc,"152 Main St, Los Angeles, CA 38722"
10983,Gas Station Group,"596 Main St, New York, NY 43271"
10984,Pharmacy Corp,"328 Main St, Los Angeles, NY 63070"
10985,Retail Store Corp,"801 Main St, Chicago, AZ 51420"
10986,Coffee Shop Co,"775 Main St, Los Angeles, AZ 75777"
10987,Grocery Store Inc,"231 Main St, New York, CA 98296"
10988,Electronics Store Inc,"840 Main St, New York, NY 83810"
10989,Hotel Inc,"748 Main St, New York, IL 53580"
10990,Retail Store Co,"135 Main St, Chicago, TX 93921"
10991,Pharmacy Inc,"299 Main St, New York, TX 85367"
10992,Restaurant LLC,"407 Main St, Phoenix, AZ 20983"
10993,Retail Store Corp,"802 Main St, Chicago, CA 82894"
10994,Hotel Corp,"522 Main St, New York, IL 60046"
10995,Restaurant Inc,"349 Main St, Los Angeles, NY 29825"
10996,Pharmacy LLC,"695 Main St, New York, IL 47560"
10997,Clothing Store Inc,"903 Main St, Houston, NY 21930"
10998,Retail Store Co,"917 Main St, Los Angeles, CA 39389"
10999,Retail Store Corp,"943 Main St, Los Angeles, CA 13915"
11000,Retail Store Co,"409 Main St, New York, AZ 32373"
11001,Restaurant Group,"729 Main St, Los Angeles, AZ 15028"
11002,Pharmacy Inc,"300 Main St, Phoenix, IL 30337"
11003,Retail Store Inc,"368 Main St, Chicago, IL 26101"
11004,Gas Station LLC,"938 Main St, New York, IL 93547"
11005,Gas Station Corp,"674 Main St, Phoenix, NY 49062"
11006,Hotel Corp,"122 Main St, New York, NY 52341"
11007,Pharmacy Inc,"238 Main St, Los Angeles, NY 53758"
11008,Restaurant Corp,"824 Main St, New York, IL 99790"
11009,Pharmacy Group,"256 Main St, Chicago, TX 90959"
11010,Clothing Store Co,"369 Main St, Phoenix, IL 10256"
11011,Restaurant LLC,"140 Main St, Houston, NY 81296"
11012,Grocery Store Corp,"330 Main St, Houston, NY 37929"
11013,Coffee Shop Co,"540 Main St, Chicago, AZ 19546"
11014,Clothing Store Co,"123 Main St, Chicago, NY 67096"
11015,Electronics Store Corp,"128 Main St, New York, IL 57013"
11016,Electronics Store Group,"724 Main St, New York, NY 67540"
11017,Clothing Store Corp,"895 Main St, Los Angeles, IL 21195"
11018,Hotel Co,"871 Main St, Los Angeles, TX 40459"
11019,Hotel Co,"786 Main St, New York, CA 17803"
11020,Grocery Store Inc,"662 Main St, Houston, IL 64414"
11021,Gas Station Inc,"585 Main St, Los Angeles, CA 68768"
11022,Hotel Inc,"558 Main St, Houston, AZ 22474"
11023,Retail Store LLC,"184 Main St, Phoenix, TX 62264"
11024,Clothing Store LLC,"379 Main St, New York, IL 31617"
11025,Clothing Store Inc,"518 Main St, Los Angeles, AZ 42730"
11026,Clothing Store Group,"322 Main St, Phoenix, AZ 85377"
11027,Gas Station Group,"515 Main St, Houston, IL 75861"
11028,Clothing Store Co,"144 Main St, New York, AZ 71362"
11029,Grocery Store Co,"223 Main St, Houston, NY 50269"
11030,Gas Station Group,"907 Main St, Phoenix, CA 64026"
11031,Gas Station Inc,"538 Main St, Phoenix, NY 80596"
11032,Pharmacy Group,"746 Main St, Phoenix, TX 72456"
11033,Pharmacy Co,"730 Main St, New York, CA 99861"
11034,Hotel Co,"913 Main St, Phoenix, IL 90616"
11035,Clothing Store Corp,"357 Main St, Phoenix, NY 72209"
11036,Gas Station Inc,"352 Main St, Phoenix, CA 32014"
11037,Gas Station Inc,"293 Main St, Los Angeles, AZ 66131"
11038,Electronics Store Group,"473 Main St, Los Angeles, AZ 18814"
11039,Restaurant Co,"775 Main St, Phoenix, IL 68500"
11040,Electronics Store LLC,"431 Main St, Chicago, CA 62896"
11041,Retail Store Corp,"600 Main St, Phoenix, IL 41838"
11042,Restaurant Inc,"621 Main St, Los Angeles, TX 87423"
11043,Clothing Store Group,"462 Main St, Chicago, CA 52220"
11044,Pharmacy Group,"803 Main St, Phoenix, NY 70251"
11045,Clothing Store Co,"713 Main St, Chicago, CA 71270"
11046,Electronics Store Inc,"627 Main St, Los Angeles, CA 21701"
11047,Clothing Store Corp,"910 Main St, New York, IL 12925"
11048,Coffee Shop Co,"782 Main St, Los Angeles, TX 36480"
11049,Hotel Inc,"816 Main St, Phoenix, IL 61046"
11050,Grocery Store Inc,"834 Main St, Chicago, IL 86375"
11051,Hotel Inc,"474 Main St, Los Angeles, AZ 90139"
11052,Coffee Shop Co,"110 Main St, Houston, NY 13983"
11053,Pharmacy Group,"990 Main St, New York, IL 51373"
11054,Hotel Inc,"818 Main St, Chicago, CA 20650"
11055,Coffee Shop LLC,"594 Main St, Chicago, CA 77708"
11056,Hotel Group,"948 Main St, Los Angeles, CA 71393"
11057,Restaurant Co,"873 Main St, Los Angeles, TX 73368"
11058,Retail Store Corp,"418 Main St, Los Angeles, TX 79435"
11059,Retail Store Co,"429 Main St, Phoenix, NY 88588"
11060,Electronics Store Corp,"959 Main St, Phoenix, TX 28193"
11061,Clothing Store Inc,"383 Main St, Houston, NY 41802"
11062,Grocery Store Group,"891 Main St, Los Angeles, AZ 80411"
11063,Gas Station Co,"435 Main St, New York, IL 83824"
11064,Coffee Shop Corp,"479 Main St, Chicago, IL 73409"
11065,Gas Station Co,"407 Main St, Phoenix, CA 47014"
11066,Restaurant Corp,"559 Main St, Chicago, TX 25696"
11067,Coffee Shop Corp,"697 Main St, Phoenix, TX 60870"
11068,Retail Store Group,"806 Main St, Phoenix, NY 86951"
11069,Coffee Shop Corp,"832 Main St, Phoenix, AZ 76580"
11070,Electronics Store Co,"510 Main St, Phoenix, AZ 89278"
11071,Coffee Shop Inc,"810 Main St, Los Angeles, IL 93940"
11072,Electronics Store Inc,"746 Main St, New York, NY 99909"
11073,Hotel Co,"290 Main St, New York, IL 35245"
11074,Clothing Store LLC,"238 Main St, New York, TX 90203"
11075,Grocery Store Co,"990 Main St, Houston, AZ 82299"
11076,Gas Station Inc,"403 Main St, Chicago, NY 61413"
11077,Clothing Store Co,"411 Main St, Los Angeles, AZ 98063"
11078,Electronics Store Group,"170 Main St, Chicago, IL 27133"
11079,Restaurant Group,"146 Main St, New York, IL 92992"
11080,Hotel Corp,"638 Main St, Los Angeles, NY 19859"
11081,Grocery Store Co,"642 Main St, Houston, AZ 58276"
11082,Restaurant Group,"115 Main St, New York, TX 32308"
11083,Retail Store Inc,"853 Main St, Los Angeles, AZ 11823"
11084,Restaurant Group,"576 Main St, Houston, CA 67973"
11085,Restaurant Group,"969 Main St, New York, AZ 18730"
11086,Hotel Group,"998 Main St, Los Angeles, CA 24968"
11087,Electronics Store Corp,"938 Main St, Los Angeles, CA 36537"
11088,Coffee Shop Corp,"436 Main St, Houston, NY 95106"
11089,Clothing Store Co,"797 Main St, Chicago, TX 99012"
11090,Grocery Store Group,"547 Main St, Phoenix, TX 67337"
11091,Gas Station Co,"346 Main St, New York, AZ 66298"
11092,Restaurant Inc,"300 Main St, Los Angeles, AZ 39298"
11093,Gas Station Co,"887 Main St, Los Angeles, TX 81391"
11094,Coffee Shop Co,"399 Main St, New York, AZ 55360"
11095,Pharmacy Corp,"539 Main St, New York, TX 72588"
11096,Clothing Store Inc,"469 Main St, Phoenix, CA 59220"
11097,Retail Store Co,"746 Main St, Chicago, IL 63353"
11098,Grocery Store Inc,"909 Main St, Chicago, NY 60035"
11099,Retail Store Co,"847 Main St, Phoenix, IL 99101"
11100,Clothing Store Corp,"803 Main St, Los Angeles, TX 26282"
11101,Electronics Store Inc,"626 Main St, Chicago, NY 25315"
11102,Clothing Store LLC,"478 Main St, Phoenix, NY 92597"
11103,Grocery Store Co,"630 Main St, Houston, IL 57531"
11104,Clothing Store Co,"307 Main St, Los Angeles, NY 55061"
11105,Electronics Store Co,"397 Main St, Los Angeles, CA 78512"
11106,Restaurant Inc,"248 Main St, Chicago, AZ 36321"
11107,Restaurant Corp,"842 Main St, Houston, CA 66219"
11108,Coffee Shop Co,"417 Main St, New York, TX 67105"
11109,Electronics Store Inc,"167 Main St, Los Angeles, AZ 46020"
11110,Hotel Co,"475 Main St, Los Angeles, CA 84665"
11111,Pharmacy Group,"383 Main St, New York, CA 42376"
11112,Grocery Store Corp,"233 Main St, Chicago, AZ 12018"
11113,Clothing Store Inc,"586 Main St, Phoenix, TX 21870"
11114,Restaurant Co,"759 Main St, New York, IL 50939"
11115,Grocery Store Co,"543 Main St, Phoenix, CA 39488"
11116,Restaurant Group,"639 Main St, Los Angeles, IL 35119"
11117,Hotel Corp,"898 Main St, New York, NY 74705"
11118,Restaurant Group,"495 Main St, Houston, AZ 94334"
11119,Electronics Store Inc,"423 Main St, Los Angeles, TX 40282"
11120,Hotel Group,"644 Main St, New York, IL 50430"
11121,Clothing Store Corp,"853 Main St, Phoenix, CA 96826"
11122,Hotel Inc,"809 Main St, Los Angeles, TX 75960"
11123,Electronics Store Inc,"633 Main St, Houston, IL 96528"
11124,Coffee Shop Corp,"276 Main St, Houston, IL 42884"
11125,Electronics Store Inc,"974 Main St, New York, TX 62005"
11126,Grocery Store Inc,"630 Main St, Houston, CA 77108"
11127,Restaurant Inc,"672 Main St, Los Angeles, IL 17208"
11128,Clothing Store Inc,"998 Main St, New York, NY 86489"
11129,Retail Store Co,"259 Main St, Houston, AZ 94230"
11130,Restaurant Inc,"710 Main St, Phoenix, IL 78210"
11131,Restaurant Corp,"831 Main St, New York, NY 89945"
11132,Gas Station LLC,"910 Main St, New York, IL 73126"
11133,Grocery Store Group,"669 Main St, Chicago, IL 80778"
11134,Electronics Store Group,"880 Main St, New York, CA 14123"
11135,Grocery Store Group,"168 Main St, Los Angeles, NY 45434"
11136,Restaurant Inc,"311 Main St, Chicago, TX 70934"
11137,Retail Store Co,"483 Main St, Phoenix, NY 80782"
11138,Gas Station Corp,"319 Main St, Houston, NY 35770"
11139,Restaurant Group,"531 Main St, New York, NY 28914"
11140,Grocery Store Corp,"265 Main St, Houston, CA 70712"
11141,Pharmacy Corp,"253 Main St, Chicago, CA 65775"
11142,Electronics Store LLC,"613 Main St, Phoenix, CA 46806"
11143,Electronics Store LLC,"114 Main St, Phoenix, TX 91050"
11144,Hotel LLC,"962 Main St, Phoenix, CA 15225"
11145,Retail Store Group,"146 Main St, New York, TX 84428"
11146,Grocery Store Group,"396 Main St, New York, TX 62231"
11147,Clothing Store Inc,"538 Main St, New York, AZ 48916"
11148,Coffee Shop Co,"637 Main St, Phoenix, IL 20483"
11149,Pharmacy Inc,"642 Main St, Los Angeles, TX 17171"
11150,Grocery Store Group,"183 Main St, New York, CA 42030"
11151,Clothing Store LLC,"835 Main St, New York, CA 50700"
11152,Coffee Shop Co,"638 Main St, Los Angeles, IL 84939"
11153,Coffee Shop Co,"946 Main St, Phoenix, TX 62554"
11154,Clothing Store LLC,"247 Main St, New York, AZ 42810"
11155,Electronics Store LLC,"631 Main St, Houston, IL 71196"
11156,Gas Station Corp,"558 Main St, New York, AZ 10275"
11157,Electronics Store Corp,"274 Main St, Los Angeles, AZ 55168"
11158,Retail Store Co,"791 Main St, Houston, IL 40385"
11159,Restaurant Corp,"250 Main St, Phoenix, IL 17350"
11160,Pharmacy Co,"157 Main St, Phoenix, IL 51885"
11161,Hotel Corp,"641 Main St, Los Angeles, TX 86692"
11162,Grocery Store Corp,"643 Main St, Houston, AZ 51522"
11163,Coffee Shop Group,"188 Main St, Phoenix, TX 64618"
11164,Coffee Shop LLC,"561 Main St, New York, NY 99876"
11165,Retail Store Corp,"292 Main St, New York, CA 52300"
11166,Coffee Shop LLC,"559 Main St, New York, NY 15067"
11167,Gas Station Inc,"399 Main St, Houston, NY 50687"
11168,Electronics Store Group,"752 Main St, Phoenix, AZ 11603"
11169,Clothing Store Inc,"117 Main St, Los Angeles, IL 55357"
11170,Electronics Store Group,"300 Main St, Chicago, NY 61152"
11171,Restaurant Corp,"637 Main St, Los Angeles, IL 76074"
11172,Pharmacy Co,"471 Main St, Los Angeles, AZ 45449"
11173,Gas Station Group,"301 Main St, New York, TX 24072"
11174,Clothing Store Corp,"218 Main St, Phoenix, NY 55833"
11175,Electronics Store Inc,"379 Main St, Phoenix, CA 27817"
11176,Clothing Store Co,"374 Main St, Los Angeles, NY 91841"
11177,Retail Store Inc,"790 Main St, Los Angeles, CA 26893"
11178,Grocery Store Group,"367 Main St, Houston, TX 79394"
11179,Pharmacy Corp,"989 Main St, Chicago, IL 52696"
11180,Electronics Store Group,"318 Main St, Phoenix, NY 69486"
11181,Retail Store Co,"346 Main St, Chicago, NY 77502"
11182,Grocery Store LLC,"490 Main St, Chicago, CA 69491"
11183,Clothing Store Group,"233 Main St, New York, TX 25006"
11184,Pharmacy Co,"988 Main St, Phoenix, AZ 17662"
11185,Electronics Store Corp,"513 Main St, New York, IL 80034"
11186,Gas Station Inc,"266 Main St, New York, CA 70384"
11187,Pharmacy Inc,"766 Main St, Chicago, IL 57972"
11188,Electronics Store LLC,"595 Main St, Houston, TX 44631"
11189,Restaurant Corp,"170 Main St, Houston, TX 70577"
11190,Pharmacy Inc,"154 Main St, Los Angeles, IL 34879"
11191,Coffee Shop Corp,"294 Main St, Houston, AZ 86624"
11192,Hotel Inc,"488 Main St, Phoenix, TX 77861"
11193,Restaurant Inc,"432 Main St, New York, IL 93959"
11194,Clothing Store Corp,"551 Main St, Houston, AZ 95536"
11195,Electronics Store Corp,"291 Main St, Los Angeles, CA 61663"
11196,Grocery Store Inc,"342 Main St, Los Angeles, IL 64521"
11197,Coffee Shop Corp,"277 Main St, New York, AZ 30077"
11198,Clothing Store Group,"268 Main St, Chicago, IL 65695"
11199,Grocery Store Co,"188 Main St, Los Angeles, AZ 59930"
11200,Clothing Store LLC,"319 Main St, Phoenix, TX 68390"
11201,Gas Station LLC,"411 Main St, New York, IL 38719"
11202,Retail Store LLC,"312 Main St, Houston, IL 38235"
11203,Hotel LLC,"876 Main St, Phoenix, IL 88508"
11204,Gas Station Corp,"521 Main St, Phoenix, CA 92484"
11205,Hotel Group,"658 Main St, New York, NY 85664"
11206,Pharmacy Co,"479 Main St, Chicago, AZ 18872"
11207,Restaurant LLC,"293 Main St, New York, IL 22801"
11208,Restaurant Inc,"907 Main St, Houston, CA 52907"
11209,Gas Station Group,"469 Main St, New York, AZ 10110"
11210,Restaurant LLC,"617 Main St, Phoenix, CA 88712"
11211,Electronics Store LLC,"314 Main St, Phoenix, TX 83539"
11212,Clothing Store Inc,"259 Main St, Chicago, CA 80399"
11213,Coffee Shop Corp,"554 Main St, Los Angeles, IL 74119"
11214,Coffee Shop Group,"830 Main St, Houston, IL 98577"
11215,Gas Station Group,"262 Main St, Chicago, AZ 65735"
11216,Electronics Store Co,"359 Main St, Phoenix, NY 76286"
11217,Clothing Store Corp,"239 Main St, Chicago, TX 72645"
11218,Grocery Store Corp,"998 Main St, New York, CA 41652"
11219,Gas Station Corp,"217 Main St, Chicago, CA 49561"
11220,Gas Station LLC,"935 Main St, Chicago, CA 22364"
11221,Electronics Store Group,"732 Main St, Phoenix, TX 45508"
11222,Coffee Shop Inc,"887 Main St, Chicago, NY 52051"
11223,Grocery Store LLC,"372 Main St, Los Angeles, AZ 83287"
11224,Hotel Corp,"934 Main St, New York, AZ 77898"
11225,Gas Station LLC,"423 Main St, Phoenix, AZ 56545"
11226,Hotel Inc,"114 Main St, Chicago, TX 78302"
11227,Clothing Store Group,"474 Main St, Phoenix, AZ 35984"
11228,Gas Station Corp,"658 Main St, Houston, IL 91249"
11229,Pharmacy Inc,"266 Main St, Chicago, TX 60935"
11230,Pharmacy Group,"299 Main St, Phoenix, TX 49127"
11231,Electronics Store Group,"257 Main St, Los Angeles, TX 23725"
11232,Gas Station LLC,"295 Main St, New York, AZ 59362"
11233,Gas Station Co,"494 Main St, New York, NY 20932"
11234,Electronics Store Inc,"285 Main St, Houston, CA 37083"
11235,Clothing Store Group,"206 Main St, Chicago, AZ 56245"
11236,Restaurant Corp,"783 Main St, New York, NY 57866"
11237,Hotel LLC,"362 Main St, New York, TX 85866"
11238,Grocery Store Corp,"332 Main St, Houston, TX 54332"
11239,Pharmacy LLC,"790 Main St, Phoenix, IL 40382"
11240,Grocery Store Corp,"982 Main St, Los Angeles, NY 37234"
11241,Pharmacy Corp,"374 Main St, Chicago, AZ 22159"
11242,Grocery Store Inc,"732 Main St, Phoenix, CA 80761"
11243,Hotel Inc,"141 Main St, Chicago, NY 86783"
11244,Coffee Shop Co,"135 Main St, New York, NY 10773"
11245,Hotel Group,"996 Main St, Houston, NY 63531"
11246,Coffee Shop Corp,"487 Main St, Phoenix, IL 39796"
11247,Clothing Store Corp,"844 Main St, Los Angeles, NY 81636"
11248,Restaurant Corp,"243 Main St, Chicago, NY 96730"
11249,Clothing Store LLC,"818 Main St, Chicago, AZ 24780"
11250,Electronics Store Inc,"115 Main St, Chicago, CA 77391"
11251,Restaurant Inc,"154 Main St, Chicago, IL 19470"
11252,Pharmacy Inc,"947 Main St, Houston, CA 30914"
11253,Grocery Store Inc,"640 Main St, New York, TX 72636"
11254,Grocery Store Inc,"484 Main St, New York, CA 51756"
11255,Retail Store LLC,"444 Main St, New York, AZ 72831"
11256,Coffee Shop Co,"433 Main St, Chicago, IL 82155"
11257,Clothing Store Group,"482 Main St, New York, AZ 95176"
11258,Gas Station LLC,"301 Main St, Chicago, AZ 49287"
11259,Clothing Store Inc,"890 Main St, Houston, TX 76846"
11260,Clothing Store Corp,"827 Main St, Los Angeles, IL 59587"
11261,Hotel Corp,"534 Main St, New York, TX 94412"
11262,Electronics Store LLC,"815 Main St, Phoenix, AZ 95281"
11263,Retail Store Group,"241 Main St, Chicago, TX 88998"
11264,Gas Station Co,"805 Main St, Houston, CA 33732"
11265,Hotel LLC,"542 Main St, Phoenix, TX 37394"
11266,Clothing Store Inc,"256 Main St, Los Angeles, AZ 36713"
11267,Retail Store Group,"282 Main St, Los Angeles, CA 99526"
11268,Pharmacy Inc,"130 Main St, Los Angeles, NY 35705"
11269,Hotel LLC,"509 Main St, Los Angeles, AZ 24558"
11270,Restaurant Inc,"389 Main St, New York, IL 20314"
11271,Electronics Store Co,"199 Main St, New York, IL 74498"
11272,Retail Store Co,"159 Main St, Phoenix, IL 69797"
11273,Gas Station LLC,"155 Main St, New York, IL 65964"
11274,Pharmacy Co,"377 Main St, Phoenix, IL 67740"
11275,Hotel Co,"972 Main St, Phoenix, CA 13902"
11276,Hotel LLC,"237 Main St, Los Angeles, NY 34860"
11277,Pharmacy Inc,"354 Main St, Los Angeles, IL 14788"
11278,Coffee Shop Inc,"732 Main St, Los Angeles, TX 33131"
11279,Clothing Store Inc,"983 Main St, New York, CA 33840"
11280,Pharmacy Inc,"233 Main St, Houston, AZ 65022"
11281,Hotel Group,"696 Main St, Chicago, IL 77438"
11282,Restaurant Group,"524 Main St, Los Angeles, NY 98405"
11283,Gas Station Corp,"532 Main St, New York, TX 66165"
11284,Hotel Co,"633 Main St, New York, NY 54618"
11285,Restaurant Corp,"301 Main St, Chicago, NY 75291"
11286,Clothing Store Corp,"322 Main St, Chicago, NY 25250"
11287,Gas Station Inc,"786 Main St, Houston, NY 63780"
11288,Hotel Group,"888 Main St, Houston, NY 46666"
11289,Coffee Shop Co,"537 Main St, Houston, AZ 74900"
11290,Electronics Store Co,"540 Main St, Chicago, TX 27689"
11291,Pharmacy Corp,"310 Main St, New York, NY 53767"
11292,Electronics Store Co,"150 Main St, Houston, CA 11510"
11293,Gas Station LLC,"900 Main St, Chicago, AZ 73193"
11294,Restaurant Co,"609 Main St, Los Angeles, TX 24616"
11295,Clothing Store Group,"949 Main St, Chicago, AZ 98459"
11296,Electronics Store Co,"749 Main St, New York, TX 86978"
11297,Clothing Store Corp,"546 Main St, Phoenix, TX 50711"
11298,Hotel Inc,"922 Main St, Phoenix, NY 33865"
11299,Hotel Group,"772 Main St, Chicago, AZ 20077"
11300,Hotel LLC,"747 Main St, New York, AZ 31510"
11301,Hotel Corp,"384 Main St, Chicago, NY 27292"
11302,Gas Station Corp,"580 Main St, Houston, CA 20541"
11303,Restaurant LLC,"345 Main St, Phoenix, AZ 46257"
11304,Electronics Store LLC,"700 Main St, Houston, NY 20068"
11305,Pharmacy Inc,"702 Main St, Phoenix, NY 95457"
11306,Restaurant Group,"454 Main St, New York, IL 41076"
11307,Pharmacy LLC,"908 Main St, Houston, AZ 69295"
11308,Retail Store Group,"469 Main St, Los Angeles, NY 75462"
11309,Restaurant Co,"377 Main St, Chicago, NY 31964"
11310,Grocery Store Co,"397 Main St, Houston, NY 54755"
11311,Retail Store Inc,"542 Main St, Phoenix, NY 11900"
11312,Grocery Store Corp,"382 Main St, New York, IL 47346"
11313,Retail Store Inc,"700 Main St, Houston, CA 74247"
11314,Pharmacy Corp,"299 Main St, Phoenix, TX 17601"
11315,Grocery Store Co,"254 Main St, Chicago, TX 93808"
11316,Grocery Store Inc,"150 Main St, Phoenix, CA 41283"
11317,Restaurant LLC,"695 Main St, Los Angeles, CA 22405"
11318,Electronics Store Co,"415 Main St, Chicago, CA 44198"
11319,Clothing Store Corp,"121 Main St, Houston, IL 57531"
11320,Restaurant Corp,"393 Main St, New York, TX 27596"
11321,Hotel Group,"108 Main St, Phoenix, AZ 73473"
11322,Pharmacy Corp,"982 Main St, New York, TX 74391"
11323,Electronics Store Group,"351 Main St, Houston, NY 79164"
11324,Electronics Store Inc,"719 Main St, Phoenix, IL 60184"
11325,Restaurant LLC,"829 Main St, Los Angeles, TX 77089"
11326,Hotel Co,"123 Main St, Chicago, IL 70249"
11327,Hotel Inc,"314 Main St, Chicago, NY 81791"
11328,Hotel Corp,"458 Main St, Houston, IL 33055"
11329,Hotel Inc,"527 Main St, Phoenix, CA 29435"
11330,Gas Station Co,"141 Main St, Los Angeles, IL 20234"
11331,Retail Store LLC,"557 Main St, New York, NY 97970"
11332,Restaurant Inc,"279 Main St, Chicago, AZ 75723"
11333,Coffee Shop Corp,"416 Main St, Houston, CA 77374"
11334,Grocery Store Group,"865 Main St, Houston, NY 17707"
11335,Pharmacy LLC,"771 Main St, Houston, TX 80207"
11336,Retail Store Corp,"817 Main St, New York, IL 22659"
11337,Coffee Shop Co,"294 Main St, New York, CA 38129"
11338,Gas Station LLC,"380 Main St, Los Angeles, IL 37589"
11339,Gas Station LLC,"178 Main St, Phoenix, NY 89484"
11340,Clothing Store Corp,"450 Main St, Phoenix, TX 78640"
11341,Pharmacy Corp,"777 Main St, Houston, IL 78291"
11342,Pharmacy Co,"957 Main St, New York, AZ 16733"
11343,Gas Station Co,"940 Main St, Houston, TX 38136"
11344,Pharmacy Co,"198 Main St, Phoenix, AZ 49180"
11345,Hotel Co,"994 Main St, Chicago, AZ 17062"
11346,Restaurant Corp,"632 Main St, Houston, NY 96874"
11347,Grocery Store Inc,"742 Main St, Los Angeles, TX 89376"
11348,Grocery Store Group,"542 Main St, Chicago, AZ 43558"
11349,Grocery Store Inc,"762 Main St, Phoenix, IL 22166"
11350,Gas Station Group,"699 Main St, Chicago, TX 14862"
11351,Pharmacy LLC,"959 Main St, Los Angeles, CA 52087"
11352,Hotel LLC,"363 Main St, Chicago, AZ 55573"
11353,Electronics Store Group,"614 Main St, Houston, TX 44401"
11354,Retail Store Inc,"373 Main St, Phoenix, AZ 89875"
11355,Gas Station Co,"651 Main St, Los Angeles, NY 73915"
11356,Hotel Co,"428 Main St, Houston, AZ 69400"
11357,Clothing Store Inc,"225 Main St, Los Angeles, CA 58351"
11358,Hotel Group,"170 Main St, New York, IL 86341"
11359,Pharmacy Co,"281 Main St, Phoenix, CA 38054"
11360,Gas Station Co,"528 Main St, Phoenix, TX 52034"
11361,Pharmacy Co,"110 Main St, Chicago, IL 76213"
11362,Coffee Shop Co,"485 Main St, Houston, CA 34770"
11363,Clothing Store Co,"128 Main St, Phoenix, CA 22851"
11364,Pharmacy Co,"545 Main St, Phoenix, CA 26070"
11365,Gas Station LLC,"354 Main St, Chicago, IL 15233"
11366,Retail Store Corp,"563 Main St, Chicago, TX 65356"
11367,Restaurant LLC,"181 Main St, Houston, AZ 15273"
11368,Pharmacy Corp,"681 Main St, Los Angeles, TX 15668"
11369,Restaurant Group,"103 Main St, New York, TX 57898"
11370,Gas Station Group,"948 Main St, Phoenix, NY 85180"
11371,Gas Station LLC,"783 Main St, New York, NY 49472"
11372,Electronics Store Group,"626 Main St, Phoenix, AZ 42624"
11373,Pharmacy Co,"311 Main St, New York, TX 86328"
11374,Gas Station Co,"203 Main St, Chicago, AZ 11500"
11375,Grocery Store LLC,"877 Main St, New York, IL 57755"
11376,Hotel Group,"935 Main St, Los Angeles, NY 92200"
11377,Gas Station Co,"727 Main St, Phoenix, TX 32752"
11378,Electronics Store LLC,"381 Main St, Los Angeles, NY 16979"
11379,Gas Station LLC,"496 Main St, Phoenix, CA 14702"
11380,Coffee Shop Group,"580 Main St, Houston, NY 62382"
11381,Electronics Store Co,"663 Main St, Los Angeles, NY 39388"
11382,Gas Station Inc,"694 Main St, New York, CA 26454"
11383,Retail Store LLC,"685 Main St, Phoenix, TX 62792"
11384,Electronics Store LLC,"350 Main St, Houston, TX 20893"
11385,Restaurant Group,"462 Main St, Phoenix, TX 10278"
11386,Electronics Store Co,"825 Main St, New York, CA 35518"
11387,Coffee Shop Co,"205 Main St, Los Angeles, CA 90681"
11388,Pharmacy Inc,"231 Main St, New York, TX 69362"
11389,Electronics Store Inc,"835 Main St, New York, TX 45581"
11390,Clothing Store Group,"613 Main St, Chicago, IL 15848"
11391,Hotel LLC,"731 Main St, Chicago, IL 76101"
11392,Electronics Store Corp,"726 Main St, New York, CA 35373"
11393,Retail Store Inc,"283 Main St, New York, NY 26362"
11394,Retail Store Corp,"714 Main St, Houston, IL 37544"
11395,Coffee Shop Group,"528 Main St, New York, TX 74352"
11396,Restaurant LLC,"188 Main St, Chicago, AZ 85964"
11397,Coffee Shop Group,"394 Main St, Chicago, NY 81056"
11398,Coffee Shop Co,"952 Main St, Los Angeles, IL 61000"
11399,Hotel Inc,"747 Main St, Los Angeles, NY 81903"
11400,Grocery Store Co,"300 Main St, New York, TX 78783"
11401,Electronics Store LLC,"923 Main St, Chicago, CA 96096"
11402,Grocery Store Co,"494 Main St, Houston, AZ 95682"
11403,Coffee Shop Corp,"660 Main St, Chicago, TX 34120"
11404,Electronics Store Inc,"117 Main St, New York, NY 56565"
11405,Retail Store LLC,"991 Main St, New York, AZ 23855"
11406,Pharmacy Group,"561 Main St, New York, AZ 33500"
11407,Gas Station Group,"426 Main St, Los Angeles, IL 95088"
11408,Clothing Store Co,"964 Main St, Los Angeles, AZ 32600"
11409,Grocery Store LLC,"100 Main St, Houston, AZ 86719"
11410,Electronics Store LLC,"130 Main St, Houston, NY 70410"
11411,Clothing Store Co,"642 Main St, Los Angeles, TX 10005"
11412,Electronics Store Inc,"105 Main St, New York, IL 28280"
11413,Gas Station Inc,"661 Main St, New York, CA 68232"
11414,Gas Station Co,"119 Main St, Houston, IL 33453"
11415,Hotel Corp,"270 Main St, Los Angeles, NY 73246"
11416,Pharmacy Group,"489 Main St, Los Angeles, NY 30228"
11417,Gas Station LLC,"588 Main St, Los Angeles, TX 30947"
11418,Clothing Store Co,"355 Main St, Houston, IL 82647"
11419,Restaurant Inc,"915 Main St, Phoenix, CA 22275"
11420,Restaurant LLC,"693 Main St, New York, CA 80799"
11421,Clothing Store Co,"776 Main St, New York, CA 11029"
11422,Clothing Store Corp,"727 Main St, New York, IL 67634"
11423,Restaurant Corp,"560 Main St, Houston, CA 22857"
11424,Pharmacy LLC,"627 Main St, Phoenix, TX 88024"
11425,Electronics Store Corp,"479 Main St, Los Angeles, IL 17372"
11426,Clothing Store Corp,"523 Main St, Phoenix, NY 83479"
11427,Restaurant LLC,"777 Main St, Los Angeles, CA 25885"
11428,Hotel Corp,"457 Main St, Los Angeles, AZ 75905"
11429,Retail Store Corp,"876 Main St, Phoenix, CA 58178"
11430,Electronics Store LLC,"175 Main St, Chicago, TX 95056"
11431,Grocery Store Corp,"327 Main St, Chicago, AZ 38683"
11432,Coffee Shop Inc,"776 Main St, Phoenix, CA 89574"
11433,Gas Station Co,"302 Main St, Houston, IL 50547"
11434,Grocery Store LLC,"304 Main St, Chicago, TX 13335"
11435,Hotel LLC,"550 Main St, New York, NY 12780"
11436,Coffee Shop Corp,"185 Main St, Houston, IL 15630"
11437,Gas Station LLC,"101 Main St, Houston, IL 25310"
11438,Coffee Shop Group,"894 Main St, Los Angeles, IL 15300"
11439,Hotel Co,"563 Main St, Phoenix, CA 50991"
11440,Hotel Corp,"174 Main St, Phoenix, CA 88011"
11441,Retail Store Corp,"998 Main St, Chicago, CA 48013"
11442,Clothing Store Inc,"640 Main St, Phoenix, CA 99641"
11443,Coffee Shop Group,"950 Main St, Chicago, IL 65920"
11444,Restaurant Co,"390 Main St, Houston, CA 72539"
11445,Pharmacy Corp,"561 Main St, New York, IL 17888"
11446,Retail Store Group,"853 Main St, New York, NY 27219"
11447,Hotel Corp,"721 Main St, Phoenix, NY 14758"
11448,Retail Store Co,"512 Main St, New York, IL 16243"
11449,Gas Station Group,"489 Main St, Phoenix, AZ 34516"
11450,Coffee Shop LLC,"953 Main St, New York, NY 80709"
11451,Restaurant Co,"874 Main St, Houston, AZ 64349"
11452,Clothing Store Group,"865 Main St, Houston, AZ 54516"
11453,Restaurant Co,"500 Main St, New York, AZ 20210"
11454,Coffee Shop Group,"649 Main St, Chicago, NY 84855"
11455,Pharmacy Corp,"933 Main St, Phoenix, CA 99510"
11456,Grocery Store Co,"620 Main St, Phoenix, IL 98911"
11457,Restaurant Inc,"156 Main St, Houston, AZ 57973"
11458,Electronics Store LLC,"840 Main St, Chicago, TX 70367"
11459,Electronics Store Inc,"920 Main St, Los Angeles, IL 31152"
11460,Hotel Co,"525 Main St, Los Angeles, NY 32893"
11461,Coffee Shop Group,"911 Main St, Phoenix, AZ 64249"
11462,Restaurant LLC,"162 Main St, Los Angeles, NY 77506"
11463,Pharmacy Corp,"380 Main St, New York, TX 84455"
11464,Grocery Store Corp,"141 Main St, Phoenix, NY 43308"
11465,Restaurant Corp,"479 Main St, New York, IL 92116"
11466,Hotel Inc,"202 Main St, Phoenix, CA 12117"
11467,Gas Station Corp,"843 Main St, Phoenix, TX 59452"
11468,Gas Station Group,"254 Main St, Chicago, TX 97066"
11469,Restaurant Corp,"119 Main St, New York, TX 40366"
11470,Gas Station Co,"783 Main St, Los Angeles, NY 50450"
11471,Hotel Corp,"571 Main St, Chicago, NY 86081"
11472,Electronics Store Corp,"980 Main St, Houston, TX 15894"
11473,Pharmacy Inc,"387 Main St, New York, TX 19161"
11474,Retail Store Group,"588 Main St, New York, NY 54829"
11475,Coffee Shop LLC,"560 Main St, Los Angeles, TX 64560"
11476,Pharmacy LLC,"885 Main St, Houston, TX 29231"
11477,Grocery Store Corp,"997 Main St, Chicago, NY 30771"
11478,Pharmacy Co,"464 Main St, Chicago, CA 53196"
11479,Hotel Corp,"291 Main St, Chicago, CA 69838"
11480,Restaurant Corp,"470 Main St, Los Angeles, TX 25417"
11481,Gas Station Co,"636 Main St, Los Angeles, AZ 33173"
11482,Grocery Store Co,"503 Main St, New York, TX 65472"
11483,Gas Station Co,"497 Main St, Los Angeles, TX 86841"
11484,Electronics Store Co,"466 Main St, Chicago, CA 78907"
11485,Gas Station Corp,"250 Main St, Los Angeles, IL 42071"
11486,Restaurant Inc,"140 Main St, Chicago, AZ 93851"
11487,Restaurant LLC,"873 Main St, Chicago, CA 87808"
11488,Restaurant Inc,"788 Main St, Los Angeles, TX 69677"
11489,Retail Store Corp,"556 Main St, Chicago, NY 74060"
11490,Hotel Corp,"730 Main St, Chicago, CA 39085"
11491,Clothing Store Corp,"129 Main St, Houston, IL 93610"
11492,Gas Station LLC,"120 Main St, Houston, AZ 27416"
11493,Coffee Shop LLC,"781 Main St, New York, AZ 54831"
11494,Grocery Store Co,"299 Main St, Phoenix, CA 11516"
11495,Pharmacy Group,"813 Main St, Phoenix, AZ 21177"
11496,Pharmacy Group,"972 Main St, Los Angeles, IL 77793"
11497,Retail Store Inc,"639 Main St, Phoenix, TX 16269"
11498,Gas Station Group,"385 Main St, Houston, TX 10212"
11499,Retail Store Corp,"185 Main St, Phoenix, IL 74298"
11500,Restaurant Group,"384 Main St, Chicago, CA 76076"
11501,Restaurant Group,"374 Main St, Phoenix, AZ 18580"
11502,Gas Station Co,"494 Main St, New York, AZ 42897"
11503,Pharmacy Corp,"168 Main St, Chicago, TX 29574"
11504,Hotel Corp,"497 Main St, Chicago, CA 97356"
11505,Coffee Shop Inc,"522 Main St, Houston, TX 39556"
11506,Gas Station Corp,"328 Main St, Los Angeles, IL 26527"
11507,Pharmacy Group,"614 Main St, Chicago, CA 97388"
11508,Gas Station Co,"587 Main St, Phoenix, NY 80618"
11509,Retail Store Inc,"304 Main St, Houston, AZ 42719"
11510,Coffee Shop Co,"364 Main St, Houston, TX 11532"
11511,Electronics Store Corp,"322 Main St, Los Angeles, IL 58038"
11512,Hotel Co,"981 Main St, New York, NY 67428"
11513,Gas Station Group,"279 Main St, Los Angeles, AZ 92218"
11514,Clothing Store LLC,"952 Main St, Chicago, NY 38200"
11515,Clothing Store Group,"811 Main St, Los Angeles, NY 31849"
11516,Restaurant LLC,"594 Main St, Houston, CA 71813"
11517,Clothing Store Co,"336 Main St, Chicago, NY 76691"
11518,Electronics Store Inc,"632 Main St, Houston, TX 31561"
11519,Hotel Group,"739 Main St, Los Angeles, CA 62727"
11520,Hotel Group,"596 Main St, Chicago, CA 24835"
11521,Electronics Store LLC,"547 Main St, Chicago, TX 29529"
11522,Gas Station Corp,"570 Main St, New York, IL 64001"
11523,Clothing Store Group,"439 Main St, Los Angeles, IL 50459"
11524,Hotel Co,"210 Main St, Houston, IL 68868"
11525,Pharmacy Inc,"820 Main St, Los Angeles, IL 40327"
11526,Gas Station Co,"705 Main St, Houston, NY 60893"
11527,Grocery Store LLC,"606 Main St, New York, IL 59575"
11528,Coffee Shop Co,"954 Main St, Houston, IL 22628"
11529,Pharmacy Co,"813 Main St, Houston, NY 14742"
11530,Clothing Store LLC,"482 Main St, Houston, CA 83454"
11531,Retail Store Inc,"607 Main St, Chicago, CA 53411"
11532,Grocery Store Inc,"581 Main St, Los Angeles, TX 89123"
11533,Grocery Store Group,"819 Main St, New York, IL 85429"
11534,Pharmacy Group,"860 Main St, New York, AZ 10117"
11535,Grocery Store LLC,"943 Main St, Los Angeles, CA 75998"
11536,Clothing Store Inc,"409 Main St, Phoenix, AZ 83318"
11537,Coffee Shop Corp,"924 Main St, Los Angeles, AZ 45889"
11538,Hotel Group,"859 Main St, Phoenix, IL 50529"
11539,Hotel Co,"557 Main St, Phoenix, IL 57076"
11540,Electronics Store LLC,"976 Main St, Phoenix, CA 53164"
11541,Retail Store Co,"641 Main St, Los Angeles, AZ 58299"
11542,Retail Store Inc,"597 Main St, New York, NY 76851"
11543,Gas Station Co,"764 Main St, New York, CA 70181"
11544,Gas Station Corp,"595 Main St, New York, TX 18304"
11545,Grocery Store LLC,"616 Main St, Los Angeles, TX 84311"
11546,Retail Store Group,"979 Main St, Los Angeles, AZ 79122"
11547,Pharmacy LLC,"134 Main St, Phoenix, CA 96038"
11548,Gas Station Corp,"831 Main St, Houston, IL 33952"
11549,Clothing Store Corp,"567 Main St, Chicago, CA 17324"
11550,Restaurant LLC,"777 Main St, New York, TX 27152"
11551,Clothing Store Group,"996 Main St, Phoenix, AZ 25331"
11552,Pharmacy Corp,"811 Main St, Los Angeles, NY 90394"
11553,Electronics Store Group,"934 Main St, Houston, NY 44592"
11554,Pharmacy LLC,"817 Main St, Los Angeles, TX 74941"
11555,Grocery Store Co,"836 Main St, New York, NY 64973"
11556,Gas Station Inc,"173 Main St, Phoenix, NY 65754"
11557,Restaurant Corp,"257 Main St, Chicago, IL 16721"
11558,Hotel Inc,"393 Main St, Phoenix, IL 27149"
11559,Hotel Co,"116 Main St, Los Angeles, IL 50567"
11560,Grocery Store Co,"268 Main St, Chicago, AZ 99922"
11561,Restaurant Group,"375 Main St, New York, IL 25602"
11562,Gas Station LLC,"190 Main St, Chicago, AZ 13560"
11563,Electronics Store Corp,"322 Main St, Houston, AZ 20414"
11564,Restaurant Corp,"471 Main St, Los Angeles, IL 33368"
11565,Coffee Shop Co,"249 Main St, Los Angeles, NY 42252"
11566,Grocery Store Inc,"516 Main St, Chicago, IL 30090"
11567,Clothing Store Group,"296 Main St, Phoenix, TX 72953"
11568,Grocery Store Inc,"194 Main St, Los Angeles, TX 76837"
11569,Coffee Shop LLC,"692 Main St, Los Angeles, TX 62187"
11570,Grocery Store Co,"257 Main St, New York, IL 51237"
11571,Retail Store Group,"975 Main St, Los Angeles, CA 59821"
11572,Clothing Store Group,"739 Main St, Los Angeles, CA 28522"
11573,Electronics Store Co,"922 Main St, Chicago, IL 93305"
11574,Pharmacy Group,"748 Main St, Houston, NY 32836"
11575,Retail Store LLC,"874 Main St, Phoenix, CA 38109"
11576,Gas Station Inc,"687 Main St, Houston, IL 24002"
11577,Grocery Store Corp,"443 Main St, Houston, IL 89733"
11578,Gas Station Inc,"962 Main St, Chicago, TX 18648"
11579,Retail Store Co,"175 Main St, New York, CA 41031"
11580,Gas Station Corp,"420 Main St, Los Angeles, CA 36690"
11581,Pharmacy Co,"617 Main St, Los Angeles, CA 82273"
11582,Hotel Corp,"392 Main St, Phoenix, AZ 52817"
11583,Clothing Store Co,"359 Main St, Chicago, IL 21890"
11584,Pharmacy Group,"180 Main St, Houston, CA 27878"
11585,Restaurant LLC,"227 Main St, New York, IL 79274"
11586,Hotel Inc,"419 Main St, Houston, AZ 60607"
11587,Restaurant LLC,"601 Main St, Phoenix, CA 10232"
11588,Grocery Store LLC,"801 Main St, Chicago, NY 49186"
11589,Coffee Shop Corp,"933 Main St, Phoenix, AZ 89058"
11590,Clothing Store Group,"334 Main St, Los Angeles, AZ 15287"
11591,Coffee Shop Co,"814 Main St, New York, TX 51383"
11592,Restaurant Group,"824 Main St, Los Angeles, NY 19154"
11593,Hotel Corp,"865 Main St, Phoenix, AZ 66476"
11594,Gas Station Co,"362 Main St, New York, IL 21851"
11595,Coffee Shop Inc,"339 Main St, Los Angeles, CA 11750"
11596,Coffee Shop Inc,"750 Main St, Houston, TX 42575"
11597,Pharmacy Co,"813 Main St, Los Angeles, CA 40805"
11598,Retail Store Co,"495 Main St, Houston, TX 20442"
11599,Pharmacy LLC,"299 Main St, Houston, NY 23623"
11600,Retail Store LLC,"347 Main St, New York, AZ 91208"
11601,Retail Store Group,"637 Main St, New York, CA 29383"
11602,Clothing Store Corp,"699 Main St, Phoenix, NY 85535"
11603,Retail Store Inc,"571 Main St, Chicago, IL 14030"
11604,Gas Station LLC,"515 Main St, Los Angeles, TX 40923"
11605,Hotel Co,"800 Main St, Phoenix, TX 51390"
11606,Grocery Store Group,"830 Main St, New York, NY 77692"
11607,Electronics Store Group,"733 Main St, Chicago, AZ 36367"
11608,Retail Store LLC,"305 Main St, Phoenix, CA 74442"
11609,Gas Station Co,"903 Main St, Los Angeles, AZ 51724"
11610,Clothing Store Group,"581 Main St, Houston, NY 77685"
11611,Gas Station Corp,"737 Main St, New York, TX 44669"
11612,Restaurant Corp,"307 Main St, New York, TX 38531"
11613,Coffee Shop Inc,"365 Main St, Los Angeles, NY 31841"
11614,Restaurant Inc,"831 Main St, Chicago, CA 61103"
11615,Restaurant Corp,"262 Main St, Los Angeles, NY 75106"
11616,Gas Station Inc,"532 Main St, Phoenix, CA 69735"
11617,Pharmacy Inc,"770 Main St, Los Angeles, NY 10971"
11618,Hotel Group,"933 Main St, Phoenix, NY 21201"
11619,Retail Store Corp,"127 Main St, Chicago, AZ 81103"
11620,Hotel Inc,"729 Main St, New York, NY 83719"
11621,Coffee Shop Co,"165 Main St, Houston, NY 74552"
11622,Retail Store Corp,"409 Main St, Los Angeles, AZ 82719"
11623,Grocery Store Group,"537 Main St, New York, IL 55503"
11624,Hotel Co,"121 Main St, New York, NY 20074"
11625,Hotel Inc,"172 Main St, New York, IL 33121"
11626,Pharmacy Corp,"620 Main St, Los Angeles, IL 77511"
11627,Clothing Store LLC,"607 Main St, Chicago, IL 39563"
11628,Pharmacy Group,"944 Main St, Houston, TX 49170"
11629,Restaurant Group,"465 Main St, Houston, TX 49607"
11630,Gas Station Inc,"239 Main St, Chicago, AZ 86040"
11631,Restaurant LLC,"247 Main St, Chicago, TX 32349"
11632,Gas Station Corp,"337 Main St, New York, AZ 67778"
11633,Hotel LLC,"429 Main St, Chicago, NY 46673"
11634,Retail Store Group,"640 Main St, Los Angeles, NY 76044"
11635,Grocery Store LLC,"320 Main St, Chicago, NY 77917"
11636,Hotel LLC,"846 Main St, Phoenix, CA 24122"
11637,Clothing Store Inc,"221 Main St, Los Angeles, TX 82496"
11638,Pharmacy Corp,"507 Main St, Los Angeles, CA 24217"
11639,Retail Store Co,"300 Main St, New York, AZ 22288"
11640,Restaurant Group,"430 Main St, Chicago, TX 24367"
11641,Grocery Store Group,"909 Main St, Los Angeles, CA 80064"
11642,Clothing Store Corp,"863 Main St, Phoenix, TX 90142"
11643,Restaurant LLC,"719 Main St, Houston, TX 10166"
11644,Clothing Store LLC,"897 Main St, Houston, CA 56826"
11645,Gas Station Corp,"397 Main St, Houston, TX 47956"
11646,Pharmacy Co,"398 Main St, Houston, AZ 86592"
11647,Pharmacy Co,"704 Main St, Chicago, IL 46635"
11648,Restaurant Co,"238 Main St, Houston, IL 32264"
11649,Hotel Inc,"415 Main St, Houston, CA 47900"
11650,Grocery Store Inc,"986 Main St, Houston, CA 41393"
11651,Electronics Store Corp,"557 Main St, Houston, NY 90559"
11652,Clothing Store Corp,"832 Main St, Los Angeles, TX 75650"
11653,Retail Store Group,"698 Main St, New York, IL 59212"
11654,Pharmacy Inc,"890 Main St, Chicago, TX 38832"
11655,Hotel Corp,"781 Main St, Los Angeles, NY 19912"
11656,Hotel Corp,"740 Main St, New York, AZ 38280"
11657,Pharmacy Corp,"649 Main St, Houston, NY 54377"
11658,Hotel LLC,"143 Main St, Los Angeles, TX 83236"
11659,Electronics Store Group,"147 Main St, Chicago, NY 41309"
11660,Restaurant Co,"494 Main St, Chicago, IL 44296"
11661,Hotel LLC,"375 Main St, Phoenix, AZ 97971"
11662,Pharmacy LLC,"955 Main St, Chicago, AZ 57844"
11663,Pharmacy Corp,"882 Main St, Houston, IL 88924"
11664,Clothing Store Co,"900 Main St, Los Angeles, AZ 36554"
11665,Retail Store Co,"323 Main St, Houston, AZ 37474"
11666,Retail Store LLC,"462 Main St, New York, TX 43027"
11667,Grocery Store Co,"801 Main St, New York, IL 80080"
11668,Electronics Store Group,"127 Main St, Houston, AZ 56861"
11669,Retail Store Group,"222 Main St, Los Angeles, IL 86023"
11670,Electronics Store Inc,"918 Main St, Houston, TX 88590"
11671,Gas Station Co,"158 Main St, Los Angeles, TX 54146"
11672,Hotel Inc,"369 Main St, Phoenix, AZ 93816"
11673,Restaurant Inc,"343 Main St, Houston, AZ 73475"
11674,Coffee Shop Inc,"250 Main St, New York, IL 82282"
11675,Retail Store Group,"399 Main St, Chicago, NY 98627"
11676,Retail Store Corp,"103 Main St, Houston, TX 34514"
11677,Gas Station Corp,"352 Main St, Houston, CA 73679"
11678,Gas Station Group,"930 Main St, Los Angeles, NY 32096"
11679,Hotel Corp,"968 Main St, Phoenix, CA 17153"
11680,Gas Station Corp,"928 Main St, New York, AZ 78531"
11681,Coffee Shop Inc,"182 Main St, Chicago, IL 82423"
11682,Restaurant Inc,"138 Main St, Houston, NY 14773"
11683,Grocery Store LLC,"290 Main St, Phoenix, CA 54588"
11684,Grocery Store Group,"524 Main St, Chicago, AZ 93152"
11685,Restaurant LLC,"565 Main St, New York, IL 13457"
11686,Grocery Store Group,"145 Main St, New York, IL 42958"
11687,Hotel Inc,"440 Main St, New York, AZ 87223"
11688,Restaurant Corp,"299 Main St, Houston, NY 87471"
11689,Pharmacy Corp,"960 Main St, Houston, AZ 65124"
11690,Hotel Corp,"853 Main St, Houston, AZ 74182"
11691,Pharmacy Group,"983 Main St, Houston, IL 89245"
11692,Clothing Store Co,"926 Main St, Los Angeles, CA 32838"
11693,Retail Store Inc,"399 Main St, Chicago, NY 37745"
11694,Gas Station Co,"761 Main St, Chicago, CA 84847"
11695,Grocery Store Inc,"554 Main St, Chicago, TX 26177"
11696,Gas Station Corp,"854 Main St, Los Angeles, CA 79850"
11697,Coffee Shop Co,"804 Main St, Houston, TX 23061"
11698,Pharmacy Corp,"772 Main St, Los Angeles, NY 34076"
11699,Grocery Store Inc,"639 Main St, Houston, AZ 80671"
11700,Clothing Store Co,"860 Main St, Houston, TX 24977"
11701,Coffee Shop Group,"801 Main St, New York, NY 42313"
11702,Electronics Store Corp,"391 Main St, Phoenix, CA 69316"
11703,Hotel Group,"322 Main St, Chicago, TX 34933"
11704,Electronics Store Group,"892 Main St, New York, IL 65199"
11705,Clothing Store Corp,"685 Main St, Houston, AZ 71610"
11706,Restaurant Inc,"944 Main St, Phoenix, NY 16713"
11707,Hotel Inc,"459 Main St, Phoenix, AZ 80253"
11708,Gas Station Inc,"745 Main St, Chicago, IL 15494"
11709,Grocery Store LLC,"487 Main St, New York, IL 32194"
11710,Hotel Inc,"432 Main St, Chicago, NY 12299"
11711,Restaurant Co,"771 Main St, Los Angeles, TX 43313"
11712,Clothing Store Inc,"196 Main St, New York, IL 76000"
11713,Hotel Co,"997 Main St, Chicago, NY 93359"
11714,Gas Station Inc,"493 Main St, Houston, NY 52455"
11715,Clothing Store Co,"949 Main St, Houston, CA 82506"
11716,Gas Station Co,"202 Main St, Chicago, NY 41979"
11717,Coffee Shop LLC,"264 Main St, Houston, NY 83505"
11718,Coffee Shop LLC,"729 Main St, Phoenix, IL 61533"
11719,Gas Station Inc,"831 Main St, Phoenix, TX 67362"
11720,Retail Store Inc,"127 Main St, Phoenix, CA 25880"
11721,Gas Station Corp,"256 Main St, New York, TX 18617"
11722,Retail Store LLC,"823 Main St, Los Angeles, CA 48897"
11723,Retail Store Co,"655 Main St, Phoenix, CA 74857"
11724,Pharmacy LLC,"699 Main St, Chicago, AZ 17670"
11725,Hotel LLC,"910 Main St, New York, TX 29637"
11726,Electronics Store Co,"240 Main St, Houston, AZ 54212"
11727,Retail Store LLC,"479 Main St, Los Angeles, TX 63805"
11728,Clothing Store Inc,"543 Main St, Chicago, AZ 94795"
11729,Hotel Corp,"394 Main St, Los Angeles, CA 26687"
11730,Retail Store Co,"623 Main St, Phoenix, TX 32613"
11731,Hotel Group,"150 Main St, Houston, AZ 32128"
11732,Clothing Store Inc,"813 Main St, New York, NY 77521"
11733,Clothing Store Group,"338 Main St, Houston, TX 69422"
11734,Gas Station Group,"158 Main St, Phoenix, CA 86340"
11735,Gas Station Corp,"807 Main St, Phoenix, IL 68109"
11736,Hotel Inc,"944 Main St, New York, AZ 62162"
11737,Restaurant LLC,"498 Main St, New York, TX 11364"
11738,Electronics Store Group,"162 Main St, Chicago, TX 89446"
11739,Grocery Store LLC,"347 Main St, New York, AZ 79245"
11740,Restaurant Co,"526 Main St, New York, CA 39928"
11741,Coffee Shop Inc,"351 Main St, New York, AZ 82570"
11742,Clothing Store Co,"330 Main St, Los Angeles, NY 73447"
11743,Coffee Shop LLC,"849 Main St, Los Angeles, NY 79219"
11744,Gas Station Co,"926 Main St, Los Angeles, NY 72981"
11745,Pharmacy Group,"139 Main St, Los Angeles, AZ 75370"
11746,Coffee Shop Co,"153 Main St, Los Angeles, AZ 55282"
11747,Electronics Store Corp,"630 Main St, Los Angeles, NY 86318"
11748,Hotel Inc,"798 Main St, New York, CA 55743"
11749,Pharmacy Inc,"535 Main St, Houston, AZ 89103"
11750,Electronics Store LLC,"257 Main St, Houston, IL 44221"
11751,Coffee Shop Co,"327 Main St, Los Angeles, NY 66255"
11752,Pharmacy LLC,"186 Main St, Houston, TX 10515"
11753,Coffee Shop LLC,"579 Main St, Phoenix, TX 36277"
11754,Grocery Store Inc,"640 Main St, Chicago, TX 93634"
11755,Clothing Store Co,"955 Main St, Los Angeles, IL 53823"
11756,Coffee Shop Inc,"293 Main St, Phoenix, NY 49859"
11757,Hotel Inc,"391 Main St, Chicago, IL 96160"
11758,Clothing Store Group,"433 Main St, Phoenix, IL 99682"
11759,Electronics Store Corp,"766 Main St, Houston, NY 39712"
11760,Retail Store Inc,"246 Main St, Los Angeles, IL 69280"
11761,Hotel Group,"298 Main St, Houston, CA 79623"
11762,Hotel Corp,"632 Main St, Phoenix, IL 91088"
11763,Clothing Store Co,"455 Main St, Houston, AZ 58694"
11764,Hotel LLC,"414 Main St, Houston, NY 63300"
11765,Grocery Store Inc,"663 Main St, New York, IL 17194"
11766,Electronics Store LLC,"976 Main St, Houston, NY 51926"
11767,Grocery Store Group,"978 Main St, Phoenix, NY 34029"
11768,Gas Station LLC,"874 Main St, Houston, AZ 54123"
11769,Coffee Shop Corp,"798 Main St, Los Angeles, IL 57469"
11770,Grocery Store Co,"890 Main St, Chicago, NY 23043"
11771,Coffee Shop LLC,"969 Main St, Los Angeles, AZ 83672"
11772,Clothing Store Group,"243 Main St, Phoenix, CA 64337"
11773,Gas Station LLC,"574 Main St, Los Angeles, NY 12477"
11774,Coffee Shop Group,"938 Main St, Los Angeles, TX 57039"
11775,Hotel Inc,"727 Main St, New York, CA 66510"
11776,Gas Station Inc,"799 Main St, Houston, IL 62020"
11777,Grocery Store LLC,"380 Main St, Phoenix, TX 47167"
11778,Electronics Store Corp,"302 Main St, Houston, AZ 34032"
11779,Electronics Store Inc,"965 Main St, Phoenix, CA 98229"
11780,Retail Store Corp,"118 Main St, Houston, IL 35629"
11781,Grocery Store Co,"878 Main St, Phoenix, IL 52632"
11782,Coffee Shop Inc,"326 Main St, Phoenix, IL 59477"
11783,Restaurant LLC,"959 Main St, Houston, AZ 46099"
11784,Hotel LLC,"723 Main St, New York, AZ 57460"
11785,Restaurant LLC,"596 Main St, New York, NY 16266"
11786,Retail Store Inc,"708 Main St, Houston, IL 76168"
11787,Coffee Shop LLC,"552 Main St, Houston, IL 74746"
11788,Hotel Co,"127 Main St, Los Angeles, CA 49423"
11789,Restaurant Group,"256 Main St, Houston, NY 30912"
11790,Grocery Store LLC,"478 Main St, Phoenix, IL 32566"
11791,Clothing Store LLC,"539 Main St, Los Angeles, NY 23370"
11792,Retail Store Corp,"941 Main St, Phoenix, TX 10676"
11793,Grocery Store LLC,"672 Main St, Los Angeles, IL 24166"
11794,Restaurant Co,"299 Main St, New York, TX 66000"
11795,Clothing Store Group,"671 Main St, Phoenix, IL 27407"
11796,Gas Station LLC,"891 Main St, New York, IL 46835"
11797,Pharmacy Co,"153 Main St, New York, NY 97547"
11798,Retail Store Inc,"296 Main St, Houston, CA 29584"
11799,Retail Store LLC,"254 Main St, Chicago, AZ 41388"
11800,Gas Station Co,"503 Main St, Chicago, NY 79477"
11801,Grocery Store Group,"164 Main St, New York, CA 54861"
11802,Retail Store Group,"873 Main St, Los Angeles, TX 80399"
11803,Coffee Shop Group,"274 Main St, Chicago, IL 74760"
11804,Restaurant Group,"916 Main St, Phoenix, AZ 82015"
11805,Hotel Group,"880 Main St, Phoenix, NY 31742"
11806,Grocery Store Co,"935 Main St, Los Angeles, IL 65283"
11807,Clothing Store Group,"391 Main St, Los Angeles, AZ 38193"
11808,Clothing Store Corp,"891 Main St, Phoenix, NY 49750"
11809,Electronics Store LLC,"222 Main St, New York, CA 58561"
11810,Coffee Shop Group,"378 Main St, Phoenix, TX 54221"
11811,Hotel Inc,"995 Main St, Phoenix, TX 82604"
11812,Retail Store LLC,"735 Main St, New York, AZ 49072"
11813,Coffee Shop Corp,"345 Main St, Houston, AZ 36673"
11814,Clothing Store Corp,"504 Main St, Phoenix, TX 31415"
11815,Restaurant Group,"467 Main St, Los Angeles, AZ 54499"
11816,Clothing Store Inc,"713 Main St, Los Angeles, IL 71977"
11817,Electronics Store Corp,"444 Main St, New York, TX 91863"
11818,Pharmacy Co,"791 Main St, Phoenix, AZ 99709"
11819,Gas Station LLC,"778 Main St, Phoenix, IL 31124"
11820,Coffee Shop Group,"345 Main St, New York, IL 46048"
11821,Retail Store Group,"214 Main St, Chicago, TX 18867"
11822,Restaurant LLC,"902 Main St, Phoenix, NY 46166"
11823,Pharmacy Co,"853 Main St, Houston, TX 51383"
11824,Clothing Store LLC,"127 Main St, Phoenix, NY 89503"
11825,Gas Station Group,"376 Main St, Phoenix, CA 71154"
11826,Hotel Group,"230 Main St, Phoenix, CA 76164"
11827,Electronics Store Corp,"217 Main St, Houston, NY 42496"
11828,Gas Station Inc,"896 Main St, Phoenix, CA 72620"
11829,Coffee Shop Corp,"485 Main St, Los Angeles, AZ 42871"
11830,Hotel Group,"617 Main St, Phoenix, CA 91735"
11831,Pharmacy Co,"302 Main St, Houston, AZ 51144"
11832,Electronics Store Co,"528 Main St, Houston, CA 19092"
11833,Hotel LLC,"545 Main St, Los Angeles, AZ 12303"
11834,Retail Store Group,"466 Main St, Houston, NY 22436"
11835,Restaurant Group,"111 Main St, Los Angeles, NY 47039"
11836,Retail Store Group,"546 Main St, Los Angeles, IL 54586"
11837,Grocery Store Inc,"377 Main St, Houston, CA 57337"
11838,Retail Store Corp,"664 Main St, Los Angeles, TX 43529"
11839,Pharmacy Corp,"840 Main St, Houston, CA 72690"
11840,Gas Station Group,"973 Main St, Chicago, CA 70719"
11841,Electronics Store Inc,"391 Main St, Phoenix, AZ 57050"
11842,Restaurant Inc,"450 Main St, New York, IL 68120"
11843,Coffee Shop Group,"962 Main St, Chicago, CA 56201"
11844,Hotel Co,"463 Main St, Phoenix, TX 70411"
11845,Restaurant LLC,"625 Main St, Phoenix, AZ 36810"
11846,Restaurant Group,"635 Main St, Chicago, CA 77095"
11847,Hotel LLC,"666 Main St, New York, IL 18923"
11848,Restaurant Inc,"506 Main St, New York, TX 25284"
11849,Retail Store Group,"664 Main St, Phoenix, AZ 90723"
11850,Coffee Shop Co,"788 Main St, Los Angeles, NY 91840"
11851,Clothing Store LLC,"868 Main St, Chicago, NY 30496"
11852,Coffee Shop Corp,"504 Main St, Chicago, IL 61725"
11853,Retail Store Co,"966 Main St, Chicago, IL 28931"
11854,Clothing Store Inc,"879 Main St, New York, IL 41355"
11855,Restaurant Inc,"869 Main St, Chicago, IL 93531"
11856,Electronics Store Co,"373 Main St, Phoenix, IL 15109"
11857,Grocery Store Inc,"272 Main St, Los Angeles, TX 55530"
11858,Retail Store Corp,"956 Main St, Chicago, IL 94883"
11859,Retail Store Inc,"603 Main St, New York, AZ 17180"
11860,Coffee Shop Corp,"693 Main St, Houston, CA 80684"
11861,Gas Station Group,"531 Main St, Los Angeles, NY 26319"
11862,Pharmacy Corp,"856 Main St, New York, IL 37305"
11863,Electronics Store Inc,"743 Main St, Houston, CA 29874"
11864,Restaurant Co,"459 Main St, Chicago, AZ 30866"
11865,Restaurant Inc,"817 Main St, Houston, AZ 74751"
11866,Electronics Store Corp,"613 Main St, Houston, AZ 70209"
11867,Retail Store Co,"761 Main St, Chicago, CA 34760"
11868,Coffee Shop Group,"604 Main St, New York, IL 27025"
11869,Hotel Co,"317 Main St, Houston, CA 64288"
11870,Hotel LLC,"196 Main St, Houston, AZ 40053"
11871,Electronics Store Inc,"837 Main St, Houston, IL 86091"
11872,Retail Store Corp,"821 Main St, Los Angeles, CA 81949"
11873,Pharmacy LLC,"610 Main St, Chicago, TX 58474"
11874,Pharmacy Group,"708 Main St, Phoenix, TX 37469"
11875,Hotel Inc,"330 Main St, Phoenix, NY 11633"
11876,Gas Station Inc,"508 Main St, Chicago, CA 36188"
11877,Pharmacy Corp,"313 Main St, Houston, TX 60326"
11878,Grocery Store Inc,"595 Main St, Chicago, AZ 22129"
11879,Restaurant Co,"145 Main St, Houston, AZ 19118"
11880,Retail Store Co,"910 Main St, Houston, CA 89184"
11881,Hotel Inc,"818 Main St, Houston, CA 24376"
11882,Restaurant Inc,"488 Main St, Houston, CA 41379"
11883,Restaurant Corp,"450 Main St, Los Angeles, CA 83787"
11884,Coffee Shop Corp,"533 Main St, Chicago, AZ 35221"
11885,Grocery Store Inc,"244 Main St, New York, TX 50293"
11886,Pharmacy Co,"341 Main St, Chicago, IL 21760"
11887,Coffee Shop LLC,"971 Main St, Houston, NY 27789"
11888,Coffee Shop Co,"881 Main St, New York, TX 26709"
11889,Grocery Store Group,"945 Main St, Phoenix, TX 88312"
11890,Coffee Shop Group,"493 Main St, Houston, CA 37872"
11891,Grocery Store LLC,"323 Main St, Phoenix, IL 60850"
11892,Pharmacy Corp,"803 Main St, New York, IL 11824"
11893,Retail Store Inc,"866 Main St, Los Angeles, TX 64663"
11894,Restaurant Inc,"897 Main St, Phoenix, NY 94971"
11895,Hotel Co,"299 Main St, Phoenix, TX 36609"
11896,Electronics Store Group,"748 Main St, Chicago, AZ 59563"
11897,Electronics Store Inc,"853 Main St, Chicago, CA 44206"
11898,Grocery Store LLC,"950 Main St, New York, AZ 81454"
11899,Restaurant Inc,"357 Main St, Houston, TX 50067"
11900,Clothing Store Co,"180 Main St, Los Angeles, IL 63158"
11901,Gas Station Co,"291 Main St, Phoenix, AZ 65432"
11902,Electronics Store Corp,"494 Main St, Houston, TX 90606"
11903,Clothing Store LLC,"862 Main St, Chicago, CA 65788"
11904,Hotel Inc,"493 Main St, Phoenix, CA 63934"
11905,Grocery Store Group,"272 Main St, Los Angeles, CA 81587"
11906,Hotel Inc,"795 Main St, Houston, AZ 40699"
11907,Hotel Corp,"340 Main St, New York, IL 73562"
11908,Pharmacy LLC,"848 Main St, Houston, NY 29868"
11909,Electronics Store LLC,"584 Main St, Los Angeles, TX 62746"
11910,Hotel LLC,"333 Main St, New York, TX 87743"
11911,Retail Store LLC,"330 Main St, Houston, AZ 48960"
11912,Restaurant Inc,"326 Main St, Houston, NY 56185"
11913,Clothing Store Co,"526 Main St, Chicago, TX 79248"
11914,Hotel Inc,"167 Main St, Los Angeles, CA 87140"
11915,Clothing Store Co,"745 Main St, Los Angeles, AZ 61928"
11916,Hotel Co,"875 Main St, Phoenix, TX 48822"
11917,Grocery Store Inc,"432 Main St, New York, NY 35148"
11918,Hotel Corp,"396 Main St, Chicago, NY 99131"
11919,Pharmacy Inc,"316 Main St, Los Angeles, TX 55304"
11920,Grocery Store Group,"964 Main St, Chicago, AZ 48718"
11921,Gas Station Co,"398 Main St, New York, AZ 86870"
11922,Gas Station Co,"570 Main St, Phoenix, TX 80344"
11923,Restaurant Group,"402 Main St, New York, TX 29645"
11924,Retail Store LLC,"902 Main St, Los Angeles, NY 89322"
11925,Clothing Store LLC,"620 Main St, Los Angeles, NY 44637"
11926,Pharmacy Corp,"640 Main St, Chicago, IL 79446"
11927,Gas Station Corp,"745 Main St, Chicago, TX 46464"
11928,Restaurant Group,"268 Main St, Houston, CA 82245"
11929,Grocery Store Inc,"505 Main St, Los Angeles, IL 29796"
11930,Grocery Store LLC,"134 Main St, New York, AZ 94695"
11931,Retail Store Group,"440 Main St, Phoenix, NY 28763"
11932,Retail Store Group,"228 Main St, Los Angeles, AZ 88557"
11933,Electronics Store LLC,"568 Main St, Chicago, CA 75304"
11934,Gas Station Group,"607 Main St, New York, TX 34398"
11935,Electronics Store Inc,"932 Main St, Phoenix, NY 36975"
11936,Electronics Store Inc,"957 Main St, Chicago, CA 39961"
11937,Pharmacy Group,"932 Main St, Los Angeles, CA 68832"
11938,Coffee Shop Inc,"229 Main St, Chicago, TX 45868"
11939,Clothing Store Corp,"564 Main St, Houston, TX 82547"
11940,Grocery Store Corp,"533 Main St, New York, TX 87119"
11941,Pharmacy LLC,"400 Main St, Los Angeles, NY 51648"
11942,Electronics Store Inc,"243 Main St, Phoenix, IL 76687"
11943,Retail Store Corp,"828 Main St, Los Angeles, TX 81557"
11944,Grocery Store Corp,"391 Main St, Houston, AZ 15547"
11945,Grocery Store LLC,"842 Main St, Chicago, CA 60861"
11946,Hotel Group,"710 Main St, Phoenix, NY 79634"
11947,Clothing Store Group,"233 Main St, Phoenix, CA 87154"
11948,Restaurant Corp,"854 Main St, Phoenix, NY 15940"
11949,Restaurant Co,"563 Main St, Los Angeles, NY 83074"
11950,Gas Station Group,"617 Main St, Phoenix, NY 63061"
11951,Coffee Shop LLC,"814 Main St, Phoenix, CA 62250"
11952,Retail Store LLC,"571 Main St, Chicago, CA 59630"
11953,Clothing Store Inc,"231 Main St, Los Angeles, AZ 66442"
11954,Gas Station Inc,"258 Main St, Houston, AZ 53641"
11955,Coffee Shop LLC,"784 Main St, Chicago, CA 58475"
11956,Clothing Store LLC,"823 Main St, Houston, IL 46464"
11957,Restaurant LLC,"899 Main St, New York, NY 10680"
11958,Hotel Corp,"735 Main St, Los Angeles, AZ 16071"
11959,Retail Store Inc,"437 Main St, Chicago, NY 52038"
11960,Pharmacy Corp,"231 Main St, New York, TX 11937"
11961,Electronics Store Corp,"274 Main St, Houston, TX 54327"
11962,Clothing Store Inc,"176 Main St, Phoenix, NY 17250"
11963,Electronics Store LLC,"139 Main St, Houston, NY 29117"
11964,Pharmacy Corp,"371 Main St, Houston, TX 57208"
11965,Coffee Shop Corp,"319 Main St, New York, TX 41701"
11966,Gas Station Group,"975 Main St, New York, TX 45825"
11967,Restaurant Inc,"614 Main St, Chicago, IL 68289"
11968,Electronics Store Inc,"907 Main St, Los Angeles, AZ 44390"
11969,Clothing Store Inc,"532 Main St, Phoenix, AZ 95785"
11970,Coffee Shop Inc,"137 Main St, Houston, IL 84988"
11971,Gas Station LLC,"581 Main St, Los Angeles, IL 31430"
11972,Clothing Store Corp,"537 Main St, Houston, TX 51484"
11973,Pharmacy Co,"699 Main St, Houston, IL 83361"
11974,Grocery Store Group,"969 Main St, Chicago, TX 77618"
11975,Coffee Shop Corp,"406 Main St, New York, TX 24819"
11976,Electronics Store Co,"652 Main St, Houston, CA 86047"
11977,Grocery Store Corp,"220 Main St, Phoenix, NY 42843"
11978,Restaurant Inc,"117 Main St, Chicago, CA 71541"
11979,Clothing Store Co,"487 Main St, Phoenix, CA 42804"
11980,Gas Station Group,"900 Main St, New York, IL 74016"
11981,Retail Store Corp,"148 Main St, Phoenix, TX 45895"
11982,Hotel Co,"660 Main St, Chicago, NY 71162"
11983,Coffee Shop LLC,"543 Main St, Los Angeles, CA 79539"
11984,Retail Store Co,"827 Main St, New York, TX 29931"
11985,Grocery Store LLC,"611 Main St, Phoenix, IL 42149"
11986,Electronics Store Group,"951 Main St, Phoenix, CA 25859"
11987,Restaurant Group,"659 Main St, Phoenix, AZ 91778"
11988,Restaurant Inc,"946 Main St, Phoenix, TX 14995"
11989,Gas Station Inc,"479 Main St, New York, AZ 36175"
11990,Hotel Co,"589 Main St, Houston, IL 24348"
11991,Pharmacy Inc,"904 Main St, Phoenix, TX 63798"
11992,Grocery Store Group,"329 Main St, Chicago, TX 14613"
11993,Hotel Inc,"848 Main St, Chicago, IL 62310"
11994,Pharmacy LLC,"873 Main St, New York, IL 74101"
11995,Restaurant LLC,"864 Main St, New York, CA 76824"
11996,Clothing Store Co,"656 Main St, New York, TX 97842"
11997,Gas Station LLC,"430 Main St, New York, NY 59456"
11998,Restaurant Corp,"148 Main St, Houston, NY 73955"
11999,Pharmacy Inc,"222 Main St, Los Angeles, AZ 80758"
12000,Gas Station Group,"327 Main St, Chicago, IL 62378"
12001,Coffee Shop Corp,"123 Main St, Phoenix, CA 54809"
12002,Gas Station Inc,"471 Main St, New York, TX 38067"
12003,Restaurant Inc,"740 Main St, Los Angeles, CA 55275"
12004,Retail Store Corp,"141 Main St, Los Angeles, TX 29614"
12005,Hotel Inc,"130 Main St, Houston, IL 51859"
12006,Restaurant Co,"736 Main St, Los Angeles, CA 11472"
12007,Pharmacy LLC,"770 Main St, Los Angeles, CA 42785"
12008,Coffee Shop Group,"576 Main St, New York, NY 64273"
12009,Restaurant Corp,"935 Main St, Chicago, AZ 48496"
12010,Restaurant Corp,"912 Main St, Houston, NY 88616"
12011,Electronics Store Group,"421 Main St, New York, NY 15668"
12012,Gas Station Corp,"734 Main St, Chicago, TX 74346"
12013,Restaurant Co,"914 Main St, Los Angeles, TX 14351"
12014,Restaurant LLC,"508 Main St, Los Angeles, AZ 98124"
12015,Clothing Store Corp,"690 Main St, Chicago, CA 34602"
12016,Restaurant Co,"218 Main St, New York, IL 37223"
12017,Retail Store Group,"135 Main St, Los Angeles, NY 92026"
12018,Electronics Store Group,"410 Main St, Houston, NY 65740"
12019,Coffee Shop Inc,"948 Main St, Phoenix, NY 50391"
12020,Electronics Store LLC,"943 Main St, Houston, NY 28568"
12021,Gas Station Co,"476 Main St, Chicago, AZ 47403"
12022,Hotel Co,"161 Main St, Los Angeles, TX 51883"
12023,Hotel Inc,"188 Main St, Los Angeles, AZ 59724"
12024,Retail Store Co,"753 Main St, Los Angeles, AZ 29810"
12025,Retail Store Corp,"303 Main St, Phoenix, IL 67312"
12026,Clothing Store Inc,"194 Main St, New York, AZ 75579"
12027,Restaurant Inc,"862 Main St, Houston, CA 52582"
12028,Electronics Store Corp,"105 Main St, Chicago, NY 31208"
12029,Coffee Shop Inc,"781 Main St, Phoenix, AZ 46858"
12030,Retail Store Inc,"522 Main St, Houston, IL 33588"
12031,Pharmacy LLC,"214 Main St, Chicago, TX 43340"
12032,Grocery Store Co,"163 Main St, Phoenix, NY 54364"
12033,Coffee Shop LLC,"217 Main St, Chicago, NY 38486"
12034,Clothing Store Corp,"442 Main St, Chicago, NY 14861"
12035,Gas Station Corp,"313 Main St, Los Angeles, TX 54214"
12036,Coffee Shop Inc,"214 Main St, Los Angeles, TX 83362"
12037,Gas Station LLC,"137 Main St, New York, AZ 73817"
12038,Coffee Shop Co,"720 Main St, Chicago, IL 34241"
12039,Grocery Store Co,"211 Main St, Los Angeles, NY 17987"
12040,Coffee Shop Co,"450 Main St, Los Angeles, NY 54178"
12041,Gas Station Corp,"660 Main St, Phoenix, CA 11534"
12042,Gas Station Group,"315 Main St, Chicago, IL 79614"
12043,Hotel LLC,"618 Main St, Houston, NY 99054"
12044,Retail Store Inc,"875 Main St, Los Angeles, TX 62559"
12045,Clothing Store Inc,"602 Main St, Houston, IL 75882"
12046,Restaurant LLC,"903 Main St, New York, IL 10719"
12047,Retail Store Corp,"130 Main St, Phoenix, IL 28641"
12048,Pharmacy Inc,"161 Main St, Houston, AZ 36575"
12049,Electronics Store Inc,"481 Main St, Chicago, NY 30835"
12050,Retail Store Group,"410 Main St, Chicago, IL 30111"
12051,Pharmacy Corp,"586 Main St, Houston, AZ 89045"
12052,Pharmacy Co,"523 Main St, Chicago, CA 49477"
12053,Retail Store Corp,"221 Main St, Houston, IL 53157"
12054,Retail Store Inc,"972 Main St, Chicago, IL 36172"
12055,Retail Store Co,"927 Main St, Phoenix, IL 81311"
12056,Hotel Corp,"868 Main St, Chicago, TX 19009"
12057,Pharmacy Group,"180 Main St, Houston, TX 35533"
12058,Gas Station Group,"246 Main St, Phoenix, IL 90636"
12059,Electronics Store Group,"797 Main St, Los Angeles, TX 54014"
12060,Gas Station Inc,"483 Main St, Los Angeles, NY 97651"
12061,Pharmacy Group,"177 Main St, Chicago, TX 36826"
12062,Gas Station Corp,"753 Main St, New York, IL 85501"
12063,Electronics Store Co,"888 Main St, New York, TX 30976"
12064,Restaurant LLC,"724 Main St, Houston, IL 66265"
12065,Restaurant Corp,"448 Main St, Houston, TX 38911"
12066,Coffee Shop Co,"819 Main St, Los Angeles, NY 84651"
12067,Restaurant Co,"736 Main St, Houston, NY 25330"
12068,Gas Station Inc,"890 Main St, Phoenix, CA 66478"
12069,Gas Station LLC,"229 Main St, Phoenix, TX 41494"
12070,Coffee Shop Corp,"780 Main St, Chicago, TX 51118"
12071,Electronics Store Inc,"362 Main St, Chicago, NY 61189"
12072,Retail Store LLC,"819 Main St, Los Angeles, IL 86261"
12073,Hotel Corp,"786 Main St, Los Angeles, NY 36907"
12074,Pharmacy LLC,"223 Main St, New York, AZ 39687"
12075,Coffee Shop Co,"805 Main St, New York, CA 67097"
12076,Coffee Shop Co,"124 Main St, New York, TX 63247"
12077,Gas Station Inc,"599 Main St, New York, AZ 60500"
12078,Clothing Store Co,"359 Main St, New York, NY 31127"
12079,Pharmacy Co,"601 Main St, New York, TX 33445"
12080,Restaurant Co,"983 Main St, New York, AZ 49653"
12081,Pharmacy Inc,"534 Main St, New York, IL 78274"
12082,Coffee Shop Inc,"914 Main St, New York, TX 16034"
12083,Restaurant Inc,"696 Main St, Chicago, IL 53850"
12084,Grocery Store Corp,"316 Main St, Phoenix, IL 61844"
12085,Grocery Store Group,"425 Main St, New York, IL 42652"
12086,Electronics Store LLC,"967 Main St, New York, AZ 51799"
12087,Grocery Store Inc,"511 Main St, New York, NY 26718"
12088,Retail Store Corp,"616 Main St, Chicago, AZ 17560"
12089,Coffee Shop LLC,"204 Main St, New York, IL 61036"
12090,Clothing Store LLC,"916 Main St, Chicago, TX 70277"
12091,Electronics Store Co,"730 Main St, Houston, AZ 26268"
12092,Gas Station LLC,"735 Main St, Chicago, AZ 84642"
12093,Pharmacy LLC,"204 Main St, Houston, AZ 61692"
12094,Clothing Store Group,"667 Main St, Phoenix, IL 50512"
12095,Electronics Store Inc,"910 Main St, Phoenix, AZ 46272"
12096,Coffee Shop LLC,"120 Main St, Houston, TX 28135"
12097,Hotel Inc,"111 Main St, Phoenix, TX 46470"
12098,Retail Store Co,"313 Main St, Phoenix, TX 86498"
12099,Clothing Store Inc,"130 Main St, Chicago, TX 96064"
12100,Hotel Group,"980 Main St, Houston, TX 17821"
12101,Gas Station LLC,"142 Main St, Los Angeles, AZ 23844"
12102,Electronics Store Group,"922 Main St, New York, NY 23566"
12103,Coffee Shop LLC,"779 Main St, Chicago, IL 75855"
12104,Coffee Shop Corp,"839 Main St, Phoenix, IL 81468"
12105,Electronics Store LLC,"816 Main St, Houston, TX 97949"
12106,Pharmacy LLC,"505 Main St, Houston, TX 30542"
12107,Pharmacy LLC,"205 Main St, Houston, AZ 10252"
12108,Electronics Store Co,"921 Main St, Chicago, AZ 48809"
12109,Restaurant Group,"831 Main St, New York, NY 94318"
12110,Restaurant Corp,"407 Main St, New York, AZ 32639"
12111,Hotel Inc,"532 Main St, Phoenix, CA 94336"
12112,Clothing Store Corp,"307 Main St, Chicago, CA 19228"
12113,Electronics Store LLC,"417 Main St, Phoenix, CA 30792"
12114,Electronics Store Co,"197 Main St, Los Angeles, TX 83240"
12115,Coffee Shop Corp,"313 Main St, Phoenix, NY 79228"
12116,Hotel Inc,"514 Main St, Los Angeles, NY 82055"
12117,Retail Store Inc,"581 Main St, Los Angeles, NY 29683"
12118,Retail Store Co,"213 Main St, Los Angeles, TX 93691"
12119,Pharmacy LLC,"740 Main St, Phoenix, IL 38946"
12120,Restaurant Group,"884 Main St, Los Angeles, IL 86579"
12121,Gas Station Corp,"392 Main St, Phoenix, AZ 45387"
12122,Grocery Store Group,"633 Main St, Houston, IL 18394"
12123,Pharmacy Group,"634 Main St, Chicago, IL 46147"
12124,Electronics Store Inc,"557 Main St, Houston, CA 35550"
12125,Retail Store Corp,"429 Main St, Houston, NY 86707"
12126,Restaurant Group,"988 Main St, New York, TX 86279"
12127,Gas Station Inc,"666 Main St, New York, CA 79736"
12128,Electronics Store Co,"651 Main St, New York, AZ 38697"
12129,Pharmacy Co,"691 Main St, New York, IL 15728"
12130,Coffee Shop Group,"546 Main St, Chicago, IL 20590"
12131,Clothing Store Corp,"755 Main St, Phoenix, AZ 80215"
12132,Gas Station Inc,"485 Main St, Los Angeles, AZ 13605"
12133,Clothing Store Inc,"603 Main St, New York, TX 93902"
12134,Clothing Store Co,"773 Main St, Phoenix, TX 42817"
12135,Clothing Store LLC,"253 Main St, Phoenix, TX 98275"
12136,Clothing Store Group,"822 Main St, Chicago, CA 28620"
12137,Restaurant Group,"687 Main St, New York, AZ 48904"
12138,Clothing Store Co,"208 Main St, Houston, IL 33036"
12139,Retail Store Group,"506 Main St, Houston, NY 47926"
12140,Clothing Store LLC,"919 Main St, New York, CA 98082"
12141,Coffee Shop Inc,"193 Main St, Phoenix, IL 57074"
12142,Restaurant Co,"421 Main St, Houston, IL 99528"
12143,Pharmacy LLC,"402 Main St, New York, AZ 91023"
12144,Hotel LLC,"189 Main St, New York, CA 50969"
12145,Electronics Store Inc,"357 Main St, Houston, CA 94303"
12146,Hotel Co,"208 Main St, Phoenix, CA 35444"
12147,Clothing Store Co,"240 Main St, Los Angeles, TX 19658"
12148,Hotel LLC,"296 Main St, Houston, NY 49605"
12149,Coffee Shop Inc,"425 Main St, Houston, TX 72561"
12150,Electronics Store Co,"667 Main St, Chicago, TX 51511"
12151,Clothing Store LLC,"887 Main St, New York, NY 37621"
12152,Pharmacy Group,"897 Main St, Phoenix, IL 32389"
12153,Hotel Corp,"255 Main St, New York, AZ 78480"
12154,Clothing Store LLC,"486 Main St, Houston, IL 20903"
12155,Clothing Store LLC,"660 Main St, Los Angeles, TX 74845"
12156,Gas Station Group,"109 Main St, Chicago, NY 92821"
12157,Retail Store Group,"964 Main St, Chicago, AZ 41983"
12158,Restaurant Corp,"380 Main St, Los Angeles, AZ 66491"
12159,Pharmacy Co,"643 Main St, Los Angeles, NY 91555"
12160,Restaurant Group,"279 Main St, New York, NY 73551"
12161,Clothing Store Group,"639 Main St, Los Angeles, NY 88863"
12162,Hotel LLC,"172 Main St, Phoenix, CA 43555"
12163,Restaurant Co,"418 Main St, New York, CA 82529"
12164,Restaurant Corp,"871 Main St, New York, CA 38463"
12165,Electronics Store Inc,"871 Main St, Los Angeles, CA 87978"
12166,Grocery Store Group,"828 Main St, Houston, NY 39852"
12167,Coffee Shop Co,"247 Main St, Los Angeles, NY 90262"
12168,Grocery Store Group,"569 Main St, Phoenix, CA 49299"
12169,Restaurant Inc,"787 Main St, Chicago, IL 90073"
12170,Pharmacy Group,"120 Main St, Los Angeles, NY 95748"
12171,Pharmacy LLC,"108 Main St, Phoenix, CA 87061"
12172,Restaurant Inc,"874 Main St, New York, AZ 36908"
12173,Hotel Corp,"885 Main St, Los Angeles, TX 41897"
12174,Hotel Corp,"757 Main St, Los Angeles, CA 36202"
12175,Coffee Shop Corp,"826 Main St, Houston, IL 19457"
12176,Grocery Store Group,"527 Main St, Phoenix, AZ 63755"
12177,Hotel LLC,"292 Main St, Phoenix, IL 40044"
12178,Restaurant LLC,"278 Main St, Houston, NY 74576"
12179,Coffee Shop LLC,"404 Main St, Chicago, IL 99285"
12180,Coffee Shop Co,"718 Main St, Phoenix, TX 12430"
12181,Coffee Shop Group,"313 Main St, Los Angeles, NY 32086"
12182,Clothing Store Inc,"887 Main St, Chicago, AZ 32437"
12183,Clothing Store Group,"964 Main St, Houston, TX 65981"
12184,Gas Station Corp,"115 Main St, New York, AZ 23739"
12185,Grocery Store Inc,"377 Main St, Chicago, NY 46255"
12186,Pharmacy LLC,"838 Main St, Houston, CA 15079"
12187,Clothing Store LLC,"658 Main St, Houston, NY 84148"
12188,Hotel Co,"711 Main St, Los Angeles, NY 21687"
12189,Hotel Co,"202 Main St, Chicago, AZ 54233"
12190,Hotel Inc,"678 Main St, Chicago, AZ 83718"
12191,Electronics Store LLC,"721 Main St, Los Angeles, CA 35957"
12192,Restaurant Co,"643 Main St, New York, CA 64733"
12193,Hotel Co,"390 Main St, Phoenix, CA 59838"
12194,Gas Station Inc,"700 Main St, Phoenix, TX 90164"
12195,Pharmacy LLC,"841 Main St, Houston, NY 25368"
12196,Grocery Store Corp,"547 Main St, New York, TX 32967"
12197,Retail Store Corp,"724 Main St, Phoenix, CA 86360"
12198,Restaurant Corp,"779 Main St, Phoenix, NY 39798"
12199,Hotel Co,"948 Main St, New York, NY 18196"
12200,Pharmacy Inc,"792 Main St, Phoenix, AZ 23960"
12201,Grocery Store Inc,"572 Main St, Phoenix, AZ 10184"
12202,Restaurant Co,"908 Main St, Phoenix, NY 43368"
12203,Retail Store Group,"794 Main St, Chicago, IL 88711"
12204,Pharmacy Inc,"514 Main St, Chicago, NY 35064"
12205,Gas Station Corp,"607 Main St, Chicago, CA 52827"
12206,Restaurant Co,"850 Main St, Chicago, IL 62626"
12207,Grocery Store Co,"650 Main St, Los Angeles, TX 33583"
12208,Hotel Corp,"327 Main St, Chicago, NY 68313"
12209,Hotel LLC,"560 Main St, Phoenix, AZ 28299"
12210,Retail Store LLC,"655 Main St, Chicago, AZ 71968"
12211,Grocery Store Corp,"804 Main St, New York, CA 50863"
12212,Hotel Inc,"386 Main St, Phoenix, TX 25424"
12213,Clothing Store LLC,"721 Main St, Chicago, TX 58797"
12214,Hotel LLC,"599 Main St, Los Angeles, TX 51218"
12215,Electronics Store Group,"268 Main St, Chicago, AZ 78040"
12216,Grocery Store LLC,"712 Main St, New York, TX 35244"
12217,Hotel Corp,"192 Main St, New York, TX 59953"
12218,Grocery Store LLC,"508 Main St, Chicago, TX 91297"
12219,Pharmacy Group,"179 Main St, Los Angeles, AZ 67175"
12220,Coffee Shop Corp,"104 Main St, Phoenix, TX 42093"
12221,Retail Store Group,"107 Main St, Chicago, TX 82564"
12222,Clothing Store Inc,"216 Main St, Chicago, TX 31626"
12223,Coffee Shop Corp,"229 Main St, Los Angeles, CA 67666"
12224,Pharmacy Group,"624 Main St, Phoenix, NY 40183"
12225,Grocery Store Corp,"141 Main St, Phoenix, IL 35572"
12226,Pharmacy LLC,"825 Main St, New York, NY 80328"
12227,Gas Station LLC,"374 Main St, Phoenix, AZ 59967"
12228,Retail Store Corp,"866 Main St, Houston, IL 98768"
12229,Pharmacy Group,"911 Main St, Houston, NY 68842"
12230,Hotel Group,"607 Main St, Los Angeles, TX 59730"
12231,Grocery Store Group,"856 Main St, Phoenix, TX 97500"
12232,Grocery Store Corp,"126 Main St, Houston, NY 70005"
12233,Retail Store Co,"383 Main St, Chicago, TX 56987"
12234,Clothing Store Inc,"994 Main St, Los Angeles, CA 57559"
12235,Electronics Store Co,"890 Main St, Phoenix, AZ 70274"
12236,Restaurant Group,"538 Main St, Los Angeles, IL 89723"
12237,Gas Station LLC,"395 Main St, Los Angeles, AZ 89715"
12238,Gas Station Co,"199 Main St, Chicago, AZ 52805"
12239,Electronics Store Group,"456 Main St, Houston, IL 49542"
12240,Coffee Shop LLC,"749 Main St, New York, IL 11414"
12241,Electronics Store Co,"888 Main St, New York, IL 62049"
12242,Restaurant LLC,"890 Main St, Los Angeles, AZ 62334"
12243,Restaurant Group,"291 Main St, New York, TX 23318"
12244,Electronics Store Group,"327 Main St, Phoenix, NY 81393"
12245,Restaurant LLC,"516 Main St, Houston, NY 14071"
12246,Grocery Store Group,"645 Main St, Houston, NY 60002"
12247,Clothing Store Group,"937 Main St, New York, TX 52155"
12248,Grocery Store Group,"547 Main St, Los Angeles, CA 16639"
12249,Pharmacy LLC,"850 Main St, Phoenix, IL 66490"
12250,Grocery Store Corp,"948 Main St, Chicago, IL 51655"
12251,Clothing Store LLC,"268 Main St, New York, CA 85159"
12252,Restaurant Corp,"364 Main St, New York, AZ 22003"
12253,Restaurant Group,"142 Main St, Chicago, IL 62857"
12254,Retail Store Corp,"196 Main St, Phoenix, IL 25985"
12255,Gas Station Co,"905 Main St, New York, TX 12489"
12256,Gas Station Co,"201 Main St, Phoenix, NY 94404"
12257,Hotel Co,"411 Main St, Chicago, AZ 46963"
12258,Grocery Store Inc,"139 Main St, Houston, TX 81582"
12259,Grocery Store LLC,"628 Main St, New York, IL 49609"
12260,Grocery Store Corp,"734 Main St, Houston, IL 73198"
12261,Gas Station Corp,"693 Main St, Phoenix, TX 55182"
12262,Gas Station LLC,"325 Main St, Phoenix, NY 71294"
12263,Electronics Store Corp,"789 Main St, Los Angeles, CA 59680"
12264,Coffee Shop Group,"871 Main St, Los Angeles, CA 51568"
12265,Gas Station LLC,"943 Main St, New York, TX 48520"
12266,Hotel Corp,"331 Main St, Chicago, CA 45107"
12267,Clothing Store Inc,"749 Main St, Phoenix, NY 92774"
12268,Grocery Store LLC,"313 Main St, Los Angeles, IL 20338"
12269,Grocery Store Co,"971 Main St, Houston, AZ 24331"
12270,Hotel Co,"744 Main St, Phoenix, IL 19222"
12271,Coffee Shop Group,"534 Main St, Los Angeles, AZ 82053"
12272,Clothing Store Co,"795 Main St, New York, AZ 55040"
12273,Hotel Inc,"379 Main St, Phoenix, CA 23847"
12274,Gas Station Co,"933 Main St, Phoenix, CA 74089"
12275,Gas Station LLC,"319 Main St, Houston, AZ 67200"
12276,Electronics Store Group,"394 Main St, Phoenix, AZ 31890"
12277,Hotel Group,"772 Main St, New York, TX 68588"
12278,Pharmacy LLC,"891 Main St, Chicago, NY 86720"
12279,Grocery Store Group,"225 Main St, Los Angeles, NY 76872"
12280,Gas Station Co,"952 Main St, Chicago, TX 85810"
12281,Gas Station LLC,"535 Main St, Phoenix, CA 52777"
12282,Pharmacy LLC,"590 Main St, Houston, IL 27787"
12283,Pharmacy Corp,"487 Main St, Phoenix, CA 61951"
12284,Grocery Store Inc,"650 Main St, Los Angeles, NY 78606"
12285,Coffee Shop Inc,"752 Main St, Houston, NY 40528"
12286,Electronics Store Corp,"657 Main St, Chicago, CA 93565"
12287,Coffee Shop Corp,"974 Main St, Los Angeles, AZ 38751"
12288,Gas Station Group,"444 Main St, Houston, IL 32852"
12289,Grocery Store LLC,"374 Main St, New York, AZ 46303"
12290,Gas Station LLC,"393 Main St, Chicago, CA 25784"
12291,Electronics Store Inc,"563 Main St, Houston, CA 55969"
12292,Electronics Store Group,"320 Main St, Houston, AZ 15109"
12293,Gas Station LLC,"147 Main St, New York, CA 72029"
12294,Restaurant Group,"951 Main St, Phoenix, NY 92394"
12295,Hotel Group,"633 Main St, Houston, CA 76120"
12296,Coffee Shop LLC,"992 Main St, Los Angeles, NY 95259"
12297,Clothing Store Co,"722 Main St, Houston, CA 83161"
12298,Clothing Store Inc,"879 Main St, Phoenix, AZ 26711"
12299,Gas Station Inc,"583 Main St, Chicago, NY 34079"
12300,Restaurant Co,"396 Main St, New York, NY 99317"
12301,Gas Station LLC,"545 Main St, Phoenix, AZ 20820"
12302,Grocery Store Inc,"543 Main St, New York, TX 37626"
12303,Restaurant Group,"782 Main St, Houston, IL 81492"
12304,Grocery Store Group,"263 Main St, New York, IL 34421"
12305,Retail Store Corp,"997 Main St, Chicago, TX 23218"
12306,Electronics Store Inc,"366 Main St, Los Angeles, CA 91114"
12307,Gas Station Co,"617 Main St, Los Angeles, TX 75891"
12308,Coffee Shop Co,"887 Main St, Phoenix, IL 30199"
12309,Clothing Store Co,"860 Main St, Los Angeles, AZ 74972"
12310,Hotel Group,"323 Main St, Phoenix, NY 65257"
12311,Hotel Corp,"898 Main St, Chicago, TX 77596"
12312,Pharmacy Co,"278 Main St, Los Angeles, CA 77641"
12313,Coffee Shop Corp,"178 Main St, Phoenix, CA 38723"
12314,Restaurant Inc,"434 Main St, New York, IL 66054"
12315,Retail Store LLC,"136 Main St, Phoenix, IL 35741"
12316,Restaurant Co,"414 Main St, Phoenix, IL 98755"
12317,Clothing Store Group,"797 Main St, Los Angeles, NY 44490"
12318,Coffee Shop Corp,"175 Main St, Houston, AZ 12952"
12319,Clothing Store LLC,"545 Main St, Chicago, NY 33519"
12320,Coffee Shop Corp,"670 Main St, Houston, AZ 59679"
12321,Retail Store LLC,"358 Main St, Los Angeles, NY 19144"
12322,Coffee Shop Co,"997 Main St, Chicago, TX 62288"
12323,Gas Station LLC,"688 Main St, Houston, IL 57239"
12324,Grocery Store Group,"232 Main St, New York, NY 87048"
12325,Hotel Inc,"797 Main St, Phoenix, AZ 63496"
12326,Grocery Store Co,"234 Main St, Houston, CA 79081"
12327,Retail Store Co,"939 Main St, Phoenix, AZ 77526"
12328,Restaurant Inc,"409 Main St, New York, NY 40229"
12329,Restaurant Group,"976 Main St, Chicago, CA 92856"
12330,Clothing Store Inc,"905 Main St, Houston, AZ 82331"
12331,Coffee Shop Group,"931 Main St, New York, NY 88210"
12332,Hotel Group,"327 Main St, Chicago, TX 82122"
12333,Gas Station Inc,"472 Main St, Phoenix, CA 43794"
12334,Retail Store LLC,"312 Main St, Los Angeles, TX 18985"
12335,Retail Store Group,"947 Main St, Houston, IL 86635"
12336,Retail Store Corp,"865 Main St, Houston, IL 16013"
12337,Clothing Store Inc,"215 Main St, Phoenix, TX 87538"
12338,Gas Station Group,"810 Main St, Los Angeles, TX 13869"
12339,Clothing Store Co,"655 Main St, Phoenix, TX 40413"
12340,Electronics Store Corp,"261 Main St, New York, AZ 89973"
12341,Electronics Store LLC,"239 Main St, Houston, CA 88315"
12342,Retail Store LLC,"847 Main St, Phoenix, NY 90834"
12343,Electronics Store Corp,"242 Main St, New York, NY 96091"
12344,Restaurant Co,"723 Main St, Phoenix, NY 57655"
12345,Coffee Shop Inc,"944 Main St, Chicago, NY 27622"
12346,Electronics Store Corp,"612 Main St, Houston, TX 79345"
12347,Coffee Shop LLC,"823 Main St, Chicago, CA 40231"
12348,Gas Station Inc,"122 Main St, Los Angeles, AZ 50950"
12349,Electronics Store Co,"725 Main St, Houston, TX 53979"
12350,Restaurant LLC,"674 Main St, Houston, CA 84761"
12351,Clothing Store Inc,"356 Main St, Chicago, CA 54784"
12352,Hotel Group,"632 Main St, New York, TX 77056"
12353,Pharmacy Group,"630 Main St, New York, IL 11473"
12354,Coffee Shop Corp,"906 Main St, Los Angeles, CA 15520"
12355,Hotel LLC,"950 Main St, Houston, TX 24269"
12356,Restaurant Group,"345 Main St, Los Angeles, TX 99104"
12357,Retail Store LLC,"608 Main St, New York, AZ 88114"
12358,Hotel Co,"967 Main St, Phoenix, IL 97584"
12359,Gas Station Group,"400 Main St, Phoenix, NY 22637"
12360,Electronics Store Inc,"561 Main St, New York, NY 39339"
12361,Clothing Store Co,"299 Main St, New York, TX 59325"
12362,Gas Station LLC,"799 Main St, Chicago, CA 13260"
12363,Electronics Store Corp,"830 Main St, Chicago, IL 37178"
12364,Clothing Store Corp,"461 Main St, Phoenix, CA 15121"
12365,Pharmacy Co,"366 Main St, Houston, AZ 76685"
12366,Coffee Shop Corp,"978 Main St, Los Angeles, AZ 99077"
12367,Hotel Co,"973 Main St, New York, AZ 20346"
12368,Coffee Shop LLC,"716 Main St, Houston, CA 90187"
12369,Clothing Store LLC,"766 Main St, Houston, AZ 55321"
12370,Retail Store Inc,"213 Main St, New York, NY 71205"
12371,Coffee Shop Group,"702 Main St, New York, IL 66342"
12372,Retail Store Corp,"761 Main St, Houston, IL 77154"
12373,Coffee Shop LLC,"432 Main St, Los Angeles, AZ 48371"
12374,Gas Station LLC,"122 Main St, Phoenix, IL 45584"
12375,Coffee Shop Co,"124 Main St, New York, TX 96945"
12376,Restaurant Corp,"758 Main St, Chicago, TX 21587"
12377,Hotel Inc,"383 Main St, Houston, AZ 51476"
12378,Pharmacy LLC,"409 Main St, Houston, IL 61573"
12379,Gas Station LLC,"605 Main St, New York, TX 24606"
12380,Electronics Store Inc,"416 Main St, Phoenix, CA 54370"
12381,Gas Station Co,"848 Main St, Houston, CA 12392"
12382,Restaurant Co,"170 Main St, Chicago, IL 45722"
12383,Electronics Store Corp,"928 Main St, New York, NY 39124"
12384,Gas Station Group,"590 Main St, Los Angeles, IL 64508"
12385,Clothing Store LLC,"224 Main St, New York, IL 24461"
12386,Retail Store Inc,"930 Main St, New York, NY 83857"
12387,Retail Store Co,"594 Main St, Phoenix, AZ 98689"
12388,Retail Store LLC,"406 Main St, Los Angeles, CA 96095"
12389,Pharmacy LLC,"453 Main St, Houston, CA 53827"
12390,Pharmacy Inc,"978 Main St, New York, IL 36338"
12391,Hotel Inc,"237 Main St, Chicago, IL 15937"
12392,Pharmacy Inc,"866 Main St, Los Angeles, AZ 42330"
12393,Gas Station Group,"981 Main St, Los Angeles, CA 48339"
12394,Grocery Store Corp,"755 Main St, Chicago, NY 22933"
12395,Grocery Store Group,"788 Main St, Phoenix, IL 82131"
12396,Hotel Group,"278 Main St, Phoenix, IL 72114"
12397,Grocery Store LLC,"838 Main St, New York, AZ 14421"
12398,Pharmacy Corp,"346 Main St, Chicago, TX 57606"
12399,Coffee Shop LLC,"343 Main St, Los Angeles, CA 54816"
12400,Gas Station LLC,"933 Main St, Los Angeles, IL 52607"
12401,Electronics Store Inc,"969 Main St, New York, NY 29129"
12402,Clothing Store Group,"760 Main St, Los Angeles, CA 34115"
12403,Retail Store Inc,"389 Main St, New York, NY 43713"
12404,Clothing Store Corp,"962 Main St, Los Angeles, AZ 55069"
12405,Restaurant Inc,"985 Main St, Phoenix, AZ 89673"
12406,Clothing Store Corp,"859 Main St, Chicago, TX 75100"
12407,Electronics Store LLC,"643 Main St, New York, NY 72450"
12408,Retail Store Co,"789 Main St, Phoenix, NY 91914"
12409,Electronics Store Group,"982 Main St, Chicago, AZ 47940"
12410,Gas Station LLC,"884 Main St, Houston, TX 28150"
12411,Pharmacy Inc,"792 Main St, Houston, IL 54125"
12412,Electronics Store Corp,"292 Main St, Phoenix, NY 11548"
12413,Retail Store Co,"589 Main St, Phoenix, CA 28631"
12414,Gas Station Group,"486 Main St, Houston, CA 67547"
12415,Restaurant Group,"310 Main St, Chicago, CA 99883"
12416,Coffee Shop Group,"112 Main St, Phoenix, AZ 69856"
12417,Retail Store Group,"871 Main St, Houston, IL 64027"
12418,Grocery Store Co,"755 Main St, Chicago, NY 32926"
12419,Grocery Store Inc,"776 Main St, Phoenix, NY 55587"
12420,Electronics Store LLC,"347 Main St, Chicago, IL 49719"
12421,Hotel Inc,"350 Main St, Phoenix, CA 59211"
12422,Restaurant LLC,"893 Main St, New York, TX 79714"
12423,Coffee Shop Co,"751 Main St, Phoenix, CA 70644"
12424,Restaurant Corp,"169 Main St, New York, AZ 85821"
12425,Electronics Store Corp,"123 Main St, Los Angeles, CA 58680"
12426,Coffee Shop Inc,"649 Main St, Houston, TX 84516"
12427,Grocery Store Corp,"490 Main St, Los Angeles, TX 87281"
12428,Pharmacy Co,"486 Main St, Chicago, NY 24836"
12429,Pharmacy Corp,"476 Main St, Chicago, AZ 46521"
12430,Clothing Store Inc,"884 Main St, Houston, TX 64008"
12431,Electronics Store Corp,"534 Main St, New York, TX 75416"
12432,Grocery Store Group,"100 Main St, Houston, AZ 57766"
12433,Retail Store LLC,"619 Main St, Phoenix, CA 13587"
12434,Clothing Store Inc,"365 Main St, Chicago, AZ 20214"
12435,Coffee Shop Inc,"842 Main St, New York, TX 84730"
12436,Gas Station Corp,"304 Main St, Phoenix, CA 44797"
12437,Clothing Store Corp,"269 Main St, Houston, CA 97758"
12438,Hotel Co,"451 Main St, Los Angeles, CA 11975"
12439,Retail Store Group,"187 Main St, Houston, AZ 74312"
12440,Grocery Store Group,"256 Main St, Phoenix, CA 61200"
12441,Pharmacy Group,"588 Main St, Los Angeles, TX 46520"
12442,Pharmacy Group,"185 Main St, Phoenix, CA 59381"
12443,Gas Station Corp,"768 Main St, Houston, NY 49836"
12444,Coffee Shop Co,"333 Main St, Phoenix, CA 27256"
12445,Grocery Store Corp,"275 Main St, Phoenix, CA 95148"
12446,Retail Store Group,"764 Main St, Houston, CA 20787"
12447,Clothing Store Group,"924 Main St, New York, NY 78267"
12448,Retail Store Group,"450 Main St, New York, TX 68727"
12449,Gas Station Group,"575 Main St, Chicago, NY 74068"
12450,Clothing Store Inc,"465 Main St, Phoenix, CA 77017"
12451,Restaurant Corp,"892 Main St, Chicago, TX 98246"
12452,Retail Store Inc,"743 Main St, Phoenix, NY 99923"
12453,Pharmacy Group,"338 Main St, Los Angeles, CA 75463"
12454,Retail Store LLC,"241 Main St, Los Angeles, CA 71891"
12455,Pharmacy Group,"713 Main St, Houston, NY 95469"
12456,Coffee Shop Co,"795 Main St, Phoenix, CA 97278"
12457,Grocery Store LLC,"693 Main St, Chicago, IL 53964"
12458,Clothing Store LLC,"361 Main St, New York, NY 75106"
12459,Clothing Store Corp,"370 Main St, Phoenix, CA 59019"
12460,Hotel LLC,"884 Main St, Chicago, IL 94325"
12461,Restaurant Co,"572 Main St, Houston, CA 19163"
12462,Pharmacy Corp,"388 Main St, Los Angeles, AZ 81607"
12463,Hotel Co,"585 Main St, New York, AZ 20356"
12464,Pharmacy Group,"730 Main St, New York, IL 28384"
12465,Pharmacy Co,"807 Main St, New York, IL 86230"
12466,Pharmacy LLC,"345 Main St, Chicago, NY 79046"
12467,Retail Store Inc,"622 Main St, Houston, NY 90019"
12468,Electronics Store LLC,"673 Main St, Chicago, AZ 85129"
12469,Clothing Store LLC,"835 Main St, Los Angeles, TX 15932"
12470,Electronics Store Corp,"124 Main St, Phoenix, AZ 32440"
12471,Electronics Store Inc,"569 Main St, Chicago, NY 48542"
12472,Grocery Store Co,"297 Main St, Houston, IL 37161"
12473,Coffee Shop Co,"800 Main St, Phoenix, TX 27791"
12474,Coffee Shop Co,"816 Main St, Houston, IL 84932"
12475,Electronics Store Corp,"119 Main St, Chicago, TX 60265"
12476,Retail Store LLC,"979 Main St, Phoenix, TX 96649"
12477,Coffee Shop LLC,"593 Main St, Chicago, TX 48362"
12478,Hotel LLC,"762 Main St, Chicago, AZ 58325"
12479,Hotel Inc,"115 Main St, Houston, TX 48065"
12480,Retail Store Inc,"157 Main St, Chicago, IL 25047"
12481,Hotel Co,"476 Main St, Los Angeles, CA 78606"
12482,Restaurant LLC,"327 Main St, Houston, CA 31802"
12483,Electronics Store Group,"960 Main St, Phoenix, TX 16161"
12484,Gas Station Co,"210 Main St, Los Angeles, AZ 71815"
12485,Hotel LLC,"129 Main St, Chicago, AZ 28299"
12486,Pharmacy Corp,"980 Main St, Phoenix, NY 58336"
12487,Electronics Store Inc,"690 Main St, Phoenix, CA 51929"
12488,Grocery Store Group,"206 Main St, Chicago, AZ 93453"
12489,Restaurant LLC,"110 Main St, New York, NY 46473"
12490,Hotel LLC,"558 Main St, Phoenix, AZ 90839"
12491,Grocery Store Corp,"355 Main St, Phoenix, NY 91916"
12492,Grocery Store Group,"904 Main St, Houston, CA 58603"
12493,Clothing Store LLC,"277 Main St, Phoenix, IL 39936"
12494,Restaurant Group,"242 Main St, Phoenix, AZ 76310"
12495,Clothing Store Corp,"552 Main St, Houston, IL 72337"
12496,Coffee Shop Corp,"347 Main St, Houston, CA 77336"
12497,Electronics Store Group,"711 Main St, Los Angeles, AZ 89529"
12498,Grocery Store Co,"370 Main St, Chicago, IL 58331"
12499,Retail Store Group,"745 Main St, New York, CA 81252"
12500,Pharmacy Group,"581 Main St, Los Angeles, TX 17362"
12501,Electronics Store Group,"385 Main St, Phoenix, TX 33082"
12502,Clothing Store LLC,"625 Main St, Phoenix, AZ 62363"
12503,Coffee Shop LLC,"750 Main St, Phoenix, AZ 45476"
12504,Clothing Store Corp,"132 Main St, Houston, NY 95813"
12505,Retail Store Group,"154 Main St, Chicago, IL 55356"
12506,Restaurant Group,"490 Main St, Houston, TX 20005"
12507,Grocery Store LLC,"817 Main St, New York, TX 49559"
12508,Coffee Shop LLC,"827 Main St, Phoenix, AZ 31465"
12509,Electronics Store Corp,"574 Main St, Houston, CA 64938"
12510,Retail Store Corp,"129 Main St, New York, TX 54800"
12511,Retail Store Co,"745 Main St, Phoenix, IL 22973"
12512,Coffee Shop Inc,"375 Main St, New York, NY 31980"
12513,Grocery Store Co,"425 Main St, New York, IL 40961"
12514,Pharmacy Corp,"976 Main St, Houston, CA 27957"
12515,Grocery Store Corp,"745 Main St, New York, IL 41090"
12516,Clothing Store Co,"887 Main St, New York, CA 74256"
12517,Clothing Store Group,"461 Main St, Los Angeles, NY 28272"
12518,Pharmacy Inc,"621 Main St, Houston, IL 25027"
12519,Hotel Group,"610 Main St, Los Angeles, NY 24139"
12520,Retail Store Co,"468 Main St, Chicago, IL 26049"
12521,Hotel Inc,"309 Main St, New York, AZ 70002"
12522,Electronics Store Co,"606 Main St, Chicago, AZ 45890"
12523,Electronics Store Group,"633 Main St, Houston, AZ 98465"
12524,Retail Store Co,"613 Main St, Houston, TX 36613"
12525,Grocery Store Corp,"750 Main St, Chicago, TX 78038"
12526,Restaurant Corp,"418 Main St, New York, AZ 69600"
12527,Electronics Store Corp,"631 Main St, New York, TX 94273"
12528,Pharmacy Corp,"428 Main St, Houston, TX 68425"
12529,Electronics Store Inc,"605 Main St, Chicago, CA 61943"
12530,Coffee Shop Inc,"435 Main St, Chicago, IL 24712"
12531,Hotel Inc,"451 Main St, New York, TX 75415"
12532,Clothing Store LLC,"139 Main St, New York, NY 49411"
12533,Gas Station LLC,"743 Main St, Los Angeles, IL 67666"
12534,Clothing Store Inc,"227 Main St, Los Angeles, IL 91998"
12535,Retail Store Co,"702 Main St, New York, CA 81974"
12536,Restaurant Co,"189 Main St, Chicago, AZ 91794"
12537,Coffee Shop LLC,"576 Main St, Los Angeles, TX 40257"
12538,Hotel Co,"958 Main St, Los Angeles, AZ 14741"
12539,Grocery Store Inc,"492 Main St, Chicago, IL 32821"
12540,Pharmacy Inc,"204 Main St, Los Angeles, CA 21705"
12541,Electronics Store LLC,"485 Main St, Los Angeles, CA 74070"
12542,Restaurant LLC,"320 Main St, New York, IL 23581"
12543,Restaurant Co,"940 Main St, Chicago, IL 75602"
12544,Retail Store Group,"164 Main St, Houston, IL 35066"
12545,Coffee Shop Group,"615 Main St, Houston, TX 16573"
12546,Electronics Store Inc,"161 Main St, Houston, TX 42104"
12547,Pharmacy LLC,"369 Main St, Houston, AZ 87774"
12548,Electronics Store LLC,"670 Main St, New York, AZ 17395"
12549,Hotel Inc,"143 Main St, New York, TX 29534"
12550,Electronics Store Co,"263 Main St, Phoenix, IL 63179"
12551,Restaurant Corp,"416 Main St, Chicago, NY 91399"
12552,Electronics Store Co,"588 Main St, New York, CA 85895"
12553,Hotel Co,"592 Main St, New York, CA 45013"
12554,Electronics Store Group,"887 Main St, Los Angeles, NY 45568"
12555,Gas Station LLC,"483 Main St, Phoenix, NY 32402"
12556,Retail Store Inc,"483 Main St, Phoenix, CA 27819"
12557,Grocery Store Inc,"948 Main St, Houston, CA 77957"
12558,Gas Station LLC,"525 Main St, Houston, TX 95171"
12559,Restaurant Corp,"178 Main St, Chicago, CA 22398"
12560,Electronics Store Group,"627 Main St, Phoenix, NY 53946"
12561,Hotel Group,"443 Main St, Chicago, NY 98686"
12562,Clothing Store Inc,"289 Main St, New York, TX 36506"
12563,Pharmacy Group,"501 Main St, Houston, AZ 89135"
12564,Hotel Inc,"192 Main St, Chicago, IL 44980"
12565,Restaurant LLC,"575 Main St, New York, NY 97877"
12566,Clothing Store Corp,"620 Main St, Houston, AZ 20476"
12567,Pharmacy Group,"421 Main St, Houston, NY 44331"
12568,Electronics Store Corp,"903 Main St, Chicago, AZ 43716"
12569,Electronics Store Group,"729 Main St, New York, IL 25142"
12570,Retail Store LLC,"857 Main St, Los Angeles, NY 86202"
12571,Retail Store Inc,"384 Main St, New York, TX 26076"
12572,Retail Store LLC,"677 Main St, Phoenix, IL 72537"
12573,Electronics Store LLC,"963 Main St, New York, CA 29642"
12574,Clothing Store Inc,"390 Main St, Chicago, TX 22506"
12575,Pharmacy Co,"200 Main St, Phoenix, NY 11025"
12576,Hotel Group,"361 Main St, Los Angeles, IL 40471"
12577,Coffee Shop Group,"297 Main St, Phoenix, NY 57763"
12578,Clothing Store Inc,"998 Main St, New York, NY 52867"
12579,Retail Store Inc,"703 Main St, Chicago, AZ 79232"
12580,Grocery Store Inc,"600 Main St, Phoenix, NY 94239"
12581,Restaurant LLC,"636 Main St, Chicago, IL 68926"
12582,Hotel Group,"693 Main St, Chicago, AZ 63973"
12583,Grocery Store Corp,"453 Main St, Phoenix, CA 43164"
12584,Retail Store Co,"631 Main St, Chicago, AZ 72125"
12585,Electronics Store Corp,"520 Main St, New York, TX 92202"
12586,Gas Station Inc,"576 Main St, Phoenix, TX 27100"
12587,Coffee Shop Co,"731 Main St, Houston, IL 49209"
12588,Coffee Shop Inc,"729 Main St, Houston, NY 77566"
12589,Grocery Store Co,"434 Main St, Los Angeles, IL 15638"
12590,Clothing Store Corp,"208 Main St, Los Angeles, NY 73855"
12591,Gas Station Inc,"230 Main St, New York, TX 42912"
12592,Grocery Store LLC,"710 Main St, Phoenix, NY 14141"
12593,Coffee Shop Co,"225 Main St, Houston, NY 61943"
12594,Pharmacy Corp,"516 Main St, Phoenix, NY 89454"
12595,Hotel Co,"849 Main St, Houston, CA 37798"
12596,Retail Store Corp,"498 Main St, Houston, NY 12198"
12597,Electronics Store Co,"977 Main St, New York, CA 71970"
12598,Grocery Store Corp,"463 Main St, Phoenix, NY 90682"
12599,Pharmacy Corp,"560 Main St, Phoenix, IL 57101"
12600,Hotel LLC,"311 Main St, Houston, TX 32184"
12601,Electronics Store Inc,"916 Main St, Chicago, CA 89507"
12602,Retail Store Co,"700 Main St, Houston, AZ 21786"
12603,Grocery Store Co,"995 Main St, New York, IL 82606"
12604,Hotel Corp,"605 Main St, Chicago, CA 22694"
12605,Retail Store LLC,"520 Main St, Phoenix, AZ 63061"
12606,Clothing Store LLC,"914 Main St, Los Angeles, NY 33961"
12607,Hotel LLC,"640 Main St, Phoenix, IL 58274"
12608,Clothing Store Inc,"614 Main St, Los Angeles, TX 47519"
12609,Gas Station Group,"951 Main St, Los Angeles, IL 99202"
12610,Electronics Store Co,"634 Main St, New York, NY 79543"
12611,Gas Station Group,"442 Main St, Chicago, AZ 60248"
12612,Grocery Store Co,"189 Main St, New York, IL 56005"
12613,Clothing Store Corp,"889 Main St, Houston, CA 41823"
12614,Pharmacy LLC,"447 Main St, Houston, TX 43853"
12615,Gas Station Co,"100 Main St, Chicago, CA 73679"
12616,Clothing Store Group,"235 Main St, Chicago, CA 81674"
12617,Grocery Store Inc,"465 Main St, Chicago, CA 69177"
12618,Electronics Store Group,"631 Main St, New York, AZ 50555"
12619,Clothing Store Corp,"163 Main St, Phoenix, IL 58767"
12620,Clothing Store Inc,"544 Main St, Chicago, AZ 17054"
12621,Pharmacy Co,"121 Main St, New York, AZ 89657"
12622,Hotel LLC,"918 Main St, Phoenix, NY 71228"
12623,Grocery Store LLC,"959 Main St, Houston, TX 13599"
12624,Coffee Shop LLC,"699 Main St, Chicago, TX 49172"
12625,Clothing Store Inc,"606 Main St, Los Angeles, IL 26880"
12626,Hotel Group,"642 Main St, Phoenix, NY 23604"
12627,Pharmacy LLC,"819 Main St, Houston, CA 76878"
12628,Clothing Store Corp,"603 Main St, Los Angeles, CA 67897"
12629,Hotel Co,"931 Main St, Houston, AZ 43921"
12630,Restaurant Inc,"668 Main St, New York, CA 86553"
12631,Electronics Store Corp,"701 Main St, Phoenix, TX 69047"
12632,Hotel Inc,"493 Main St, New York, CA 71146"
12633,Electronics Store Co,"456 Main St, Houston, NY 12997"
12634,Electronics Store LLC,"240 Main St, Los Angeles, TX 30088"
12635,Grocery Store LLC,"854 Main St, Houston, NY 63784"
12636,Coffee Shop Corp,"485 Main St, Chicago, AZ 68806"
12637,Restaurant Inc,"705 Main St, Phoenix, TX 51266"
12638,Electronics Store LLC,"622 Main St, New York, CA 23371"
12639,Gas Station LLC,"527 Main St, New York, TX 60184"
12640,Hotel Inc,"888 Main St, Houston, NY 71229"
12641,Hotel Corp,"546 Main St, Chicago, AZ 36638"
12642,Retail Store Group,"564 Main St, Houston, AZ 19332"
12643,Electronics Store Corp,"978 Main St, Houston, CA 66084"
12644,Gas Station Corp,"240 Main St, Chicago, IL 37867"
12645,Restaurant Group,"636 Main St, New York, IL 22128"
12646,Hotel Corp,"366 Main St, New York, TX 25855"
12647,Clothing Store LLC,"462 Main St, Phoenix, AZ 35301"
12648,Clothing Store Inc,"818 Main St, Los Angeles, IL 98946"
12649,Coffee Shop Co,"857 Main St, Houston, AZ 91622"
12650,Electronics Store Group,"668 Main St, Los Angeles, TX 42609"
12651,Electronics Store Group,"817 Main St, Houston, CA 72869"
12652,Retail Store Group,"564 Main St, Los Angeles, IL 87378"
12653,Electronics Store Co,"770 Main St, Los Angeles, TX 14774"
12654,Gas Station Group,"159 Main St, Phoenix, NY 39979"
12655,Gas Station Co,"540 Main St, Houston, TX 92991"
12656,Electronics Store Group,"244 Main St, Chicago, AZ 33013"
12657,Gas Station Co,"367 Main St, Phoenix, CA 27318"
12658,Restaurant Group,"114 Main St, Phoenix, NY 85190"
12659,Retail Store Co,"452 Main St, Houston, IL 54661"
12660,Clothing Store Inc,"529 Main St, Los Angeles, NY 35615"
12661,Hotel LLC,"730 Main St, Houston, TX 78296"
12662,Hotel Corp,"582 Main St, Houston, TX 58676"
12663,Grocery Store LLC,"984 Main St, Los Angeles, AZ 89305"
12664,Restaurant LLC,"350 Main St, Los Angeles, IL 84062"
12665,Gas Station Co,"260 Main St, Chicago, NY 84818"
12666,Clothing Store Corp,"869 Main St, Houston, CA 75647"
12667,Clothing Store Group,"160 Main St, Chicago, TX 20000"
12668,Gas Station Co,"493 Main St, Phoenix, TX 10257"
12669,Electronics Store Inc,"872 Main St, Houston, IL 38057"
12670,Retail Store Group,"893 Main St, Phoenix, IL 54675"
12671,Retail Store Group,"674 Main St, New York, AZ 95092"
12672,Hotel Corp,"182 Main St, New York, CA 36295"
12673,Clothing Store Corp,"867 Main St, Houston, AZ 47238"
12674,Coffee Shop Inc,"821 Main St, Houston, AZ 85321"
12675,Retail Store LLC,"969 Main St, Los Angeles, IL 84014"
12676,Restaurant Group,"523 Main St, Houston, NY 25189"
12677,Pharmacy Corp,"349 Main St, Chicago, TX 59221"
12678,Clothing Store Inc,"657 Main St, New York, IL 45179"
12679,Coffee Shop Group,"676 Main St, Houston, TX 20615"
12680,Retail Store Group,"515 Main St, Chicago, NY 47633"
12681,Retail Store Co,"365 Main St, New York, IL 22774"
12682,Electronics Store Group,"614 Main St, Phoenix, TX 31036"
12683,Clothing Store LLC,"308 Main St, Houston, TX 58401"
12684,Grocery Store Group,"107 Main St, Chicago, TX 61622"
12685,Retail Store Group,"709 Main St, Phoenix, IL 91420"
12686,Pharmacy Inc,"526 Main St, Los Angeles, TX 97287"
12687,Grocery Store LLC,"987 Main St, Houston, TX 58223"
12688,Pharmacy Co,"108 Main St, Houston, CA 96715"
12689,Restaurant Group,"351 Main St, Chicago, CA 90021"
12690,Hotel Inc,"240 Main St, Phoenix, NY 99683"
12691,Grocery Store Co,"828 Main St, Phoenix, IL 15324"
12692,Electronics Store Group,"194 Main St, Los Angeles, CA 83995"
12693,Clothing Store Corp,"503 Main St, Houston, IL 59347"
12694,Electronics Store Corp,"439 Main St, New York, CA 86030"
12695,Electronics Store Co,"484 Main St, New York, CA 47750"
12696,Clothing Store Corp,"205 Main St, Los Angeles, AZ 58116"
12697,Clothing Store LLC,"135 Main St, Houston, TX 16610"
12698,Hotel Corp,"387 Main St, Los Angeles, IL 96345"
12699,Gas Station LLC,"246 Main St, New York, TX 85660"
12700,Clothing Store Group,"608 Main St, Los Angeles, NY 38040"
12701,Retail Store LLC,"622 Main St, Chicago, NY 87505"
12702,Electronics Store Co,"903 Main St, Phoenix, IL 99903"
12703,Restaurant LLC,"273 Main St, Houston, IL 22463"
12704,Pharmacy Group,"622 Main St, Houston, IL 32355"
12705,Electronics Store Group,"947 Main St, Phoenix, IL 26383"
12706,Pharmacy Group,"802 Main St, Los Angeles, TX 63637"
12707,Retail Store Co,"221 Main St, New York, AZ 48841"
12708,Restaurant Group,"360 Main St, Houston, NY 71075"
12709,Grocery Store Corp,"668 Main St, Houston, CA 83834"
12710,Retail Store LLC,"178 Main St, Los Angeles, CA 31348"
12711,Coffee Shop Corp,"290 Main St, Los Angeles, CA 48776"
12712,Gas Station LLC,"533 Main St, Phoenix, IL 80225"
12713,Electronics Store LLC,"835 Main St, Los Angeles, TX 97843"
12714,Clothing Store Group,"275 Main St, Chicago, AZ 11825"
12715,Electronics Store Corp,"832 Main St, Chicago, NY 89618"
12716,Clothing Store LLC,"359 Main St, Phoenix, CA 81392"
12717,Grocery Store LLC,"294 Main St, Los Angeles, AZ 68766"
12718,Pharmacy Co,"319 Main St, Chicago, CA 28227"
12719,Gas Station Group,"911 Main St, Los Angeles, TX 99181"
12720,Electronics Store Co,"367 Main St, Houston, AZ 69676"
12721,Pharmacy Corp,"123 Main St, Phoenix, AZ 98056"
12722,Clothing Store Co,"217 Main St, New York, IL 56183"
12723,Hotel Co,"327 Main St, Houston, IL 63111"
12724,Coffee Shop Inc,"560 Main St, Phoenix, CA 12962"
12725,Electronics Store LLC,"411 Main St, Phoenix, TX 96646"
12726,Pharmacy Corp,"139 Main St, Houston, CA 74799"
12727,Retail Store LLC,"648 Main St, Phoenix, CA 52601"
12728,Restaurant Corp,"557 Main St, Chicago, TX 73983"
12729,Gas Station LLC,"661 Main St, New York, NY 82516"
12730,Pharmacy LLC,"946 Main St, Chicago, NY 98237"
12731,Gas Station Co,"576 Main St, New York, TX 62979"
12732,Pharmacy Corp,"866 Main St, Los Angeles, NY 21471"
12733,Hotel Co,"715 Main St, Chicago, TX 18457"
12734,Retail Store Inc,"638 Main St, Phoenix, CA 63023"
12735,Clothing Store LLC,"823 Main St, New York, CA 31621"
12736,Gas Station Group,"844 Main St, New York, NY 35428"
12737,Coffee Shop Group,"615 Main St, Houston, TX 43013"
12738,Pharmacy Corp,"752 Main St, Los Angeles, CA 20668"
12739,Grocery Store LLC,"527 Main St, Los Angeles, TX 32693"
12740,Gas Station Co,"540 Main St, Los Angeles, NY 54200"
12741,Grocery Store Group,"710 Main St, Chicago, NY 74362"
12742,Hotel LLC,"617 Main St, Phoenix, CA 23299"
12743,Grocery Store Co,"470 Main St, New York, CA 41336"
12744,Restaurant Co,"129 Main St, New York, AZ 70571"
12745,Retail Store Group,"559 Main St, New York, TX 49200"
12746,Electronics Store Group,"682 Main St, Los Angeles, CA 61658"
12747,Electronics Store LLC,"942 Main St, Houston, TX 60584"
12748,Pharmacy Co,"506 Main St, Chicago, IL 24668"
12749,Pharmacy Inc,"895 Main St, Phoenix, TX 17161"
12750,Restaurant Inc,"193 Main St, Chicago, IL 99954"
12751,Restaurant Co,"653 Main St, Phoenix, IL 43612"
12752,Coffee Shop LLC,"580 Main St, New York, AZ 53048"
12753,Coffee Shop Group,"187 Main St, Los Angeles, IL 66873"
12754,Retail Store Group,"343 Main St, New York, NY 46920"
12755,Electronics Store Inc,"406 Main St, Phoenix, IL 41303"
12756,Pharmacy Co,"982 Main St, Chicago, CA 83971"
12757,Coffee Shop LLC,"598 Main St, New York, CA 35496"
12758,Restaurant Inc,"661 Main St, Chicago, NY 98416"
12759,Electronics Store Inc,"298 Main St, Phoenix, TX 72040"
12760,Electronics Store Corp,"632 Main St, Chicago, IL 66959"
12761,Retail Store Inc,"883 Main St, Chicago, IL 38773"
12762,Restaurant Corp,"688 Main St, Phoenix, NY 48963"
12763,Gas Station Corp,"424 Main St, Los Angeles, TX 48237"
12764,Hotel Corp,"544 Main St, Chicago, NY 72138"
12765,Electronics Store Co,"469 Main St, Chicago, CA 97172"
12766,Retail Store Co,"427 Main St, Houston, AZ 31469"
12767,Retail Store Group,"539 Main St, Chicago, AZ 41401"
12768,Grocery Store Co,"526 Main St, Los Angeles, TX 17572"
12769,Clothing Store Co,"147 Main St, Chicago, AZ 42515"
12770,Hotel LLC,"240 Main St, Los Angeles, AZ 10498"
12771,Restaurant Corp,"910 Main St, Houston, AZ 31107"
12772,Clothing Store Co,"394 Main St, Los Angeles, TX 50332"
12773,Pharmacy Corp,"809 Main St, Los Angeles, IL 38892"
12774,Hotel LLC,"743 Main St, Houston, CA 81593"
12775,Restaurant LLC,"859 Main St, Houston, IL 14781"
12776,Coffee Shop Group,"893 Main St, New York, IL 40725"
12777,Gas Station Co,"524 Main St, Los Angeles, AZ 90242"
12778,Coffee Shop Co,"422 Main St, Houston, CA 65337"
12779,Coffee Shop Inc,"315 Main St, New York, TX 72724"
12780,Electronics Store Inc,"745 Main St, Los Angeles, AZ 30567"
12781,Grocery Store Corp,"218 Main St, Chicago, CA 79881"
12782,Pharmacy Inc,"708 Main St, Chicago, CA 53312"
12783,Retail Store Corp,"726 Main St, Chicago, TX 57205"
12784,Electronics Store Co,"733 Main St, Houston, CA 14630"
12785,Electronics Store LLC,"866 Main St, Houston, TX 80831"
12786,Coffee Shop Co,"873 Main St, Phoenix, AZ 16873"
12787,Restaurant Group,"809 Main St, Phoenix, AZ 76666"
12788,Restaurant Co,"441 Main St, Chicago, IL 27454"
12789,Hotel Co,"942 Main St, Los Angeles, AZ 56903"
12790,Retail Store Group,"831 Main St, Phoenix, AZ 62220"
12791,Retail Store LLC,"712 Main St, New York, TX 47400"
12792,Gas Station Corp,"225 Main St, Chicago, IL 64532"
12793,Retail Store Corp,"695 Main St, Houston, IL 63551"
12794,Grocery Store Co,"985 Main St, Houston, CA 50439"
12795,Pharmacy Co,"476 Main St, Chicago, AZ 71472"
12796,Clothing Store Corp,"741 Main St, Houston, NY 84287"
12797,Retail Store Corp,"278 Main St, New York, NY 46979"
12798,Electronics Store Corp,"330 Main St, New York, CA 54293"
12799,Restaurant Co,"534 Main St, New York, IL 19166"
12800,Gas Station Corp,"681 Main St, Phoenix, CA 35878"
12801,Hotel Co,"704 Main St, Phoenix, AZ 79605"
12802,Gas Station Inc,"125 Main St, Chicago, IL 79842"
12803,Grocery Store Group,"274 Main St, New York, TX 92290"
12804,Pharmacy Inc,"244 Main St, Phoenix, AZ 58814"
12805,Hotel Inc,"663 Main St, Phoenix, IL 15635"
12806,Electronics Store LLC,"113 Main St, New York, IL 68944"
12807,Hotel Group,"712 Main St, New York, NY 93417"
12808,Electronics Store LLC,"631 Main St, Phoenix, IL 36257"
12809,Coffee Shop Co,"461 Main St, Los Angeles, CA 80811"
12810,Gas Station LLC,"505 Main St, Phoenix, CA 76266"
12811,Retail Store Co,"476 Main St, Phoenix, CA 42575"
12812,Electronics Store Inc,"691 Main St, Houston, CA 71262"
12813,Grocery Store Co,"584 Main St, New York, NY 53605"
12814,Electronics Store LLC,"994 Main St, New York, NY 23165"
12815,Retail Store Group,"991 Main St, Houston, IL 55699"
12816,Grocery Store Co,"756 Main St, Houston, IL 56692"
12817,Electronics Store Co,"635 Main St, Los Angeles, AZ 22382"
12818,Clothing Store Inc,"535 Main St, Phoenix, NY 65062"
12819,Gas Station Corp,"443 Main St, Los Angeles, IL 31340"
12820,Gas Station Group,"404 Main St, Chicago, CA 97529"
12821,Retail Store Inc,"695 Main St, Phoenix, NY 96405"
12822,Retail Store Inc,"920 Main St, Los Angeles, TX 70751"
12823,Restaurant Corp,"222 Main St, Los Angeles, CA 21142"
12824,Hotel Inc,"218 Main St, Phoenix, CA 89347"
12825,Grocery Store Inc,"418 Main St, Houston, NY 77887"
12826,Retail Store LLC,"343 Main St, New York, CA 42120"
12827,Retail Store LLC,"528 Main St, Phoenix, AZ 32328"
12828,Pharmacy Inc,"228 Main St, Phoenix, IL 74658"
12829,Gas Station Inc,"744 Main St, Chicago, TX 33298"
12830,Clothing Store Corp,"390 Main St, Los Angeles, CA 69854"
12831,Restaurant Group,"456 Main St, New York, AZ 62151"
12832,Hotel Inc,"377 Main St, Chicago, AZ 61907"
12833,Retail Store Corp,"486 Main St, Phoenix, AZ 44675"
12834,Hotel Corp,"978 Main St, Houston, IL 93884"
12835,Grocery Store LLC,"969 Main St, Houston, TX 60883"
12836,Hotel LLC,"721 Main St, New York, AZ 23488"
12837,Clothing Store Co,"825 Main St, New York, NY 14679"
12838,Restaurant Corp,"696 Main St, Houston, CA 65691"
12839,Clothing Store Group,"516 Main St, Los Angeles, NY 50999"
12840,Pharmacy Co,"806 Main St, Houston, NY 11986"
12841,Electronics Store LLC,"855 Main St, Houston, NY 52028"
12842,Coffee Shop Corp,"757 Main St, Phoenix, NY 61786"
12843,Grocery Store Corp,"609 Main St, Los Angeles, CA 75167"
12844,Gas Station Corp,"557 Main St, Phoenix, TX 57106"
12845,Coffee Shop LLC,"315 Main St, Phoenix, TX 88942"
12846,Gas Station Co,"180 Main St, Phoenix, AZ 96195"
12847,Gas Station LLC,"270 Main St, Houston, TX 21234"
12848,Grocery Store Corp,"560 Main St, Los Angeles, IL 79117"
12849,Electronics Store Corp,"219 Main St, Los Angeles, NY 92607"
12850,Hotel Corp,"551 Main St, Houston, IL 19351"
12851,Retail Store Inc,"738 Main St, New York, IL 18774"
12852,Retail Store Corp,"951 Main St, New York, CA 67422"
12853,Grocery Store Co,"807 Main St, Houston, IL 59159"
12854,Coffee Shop LLC,"102 Main St, Los Angeles, AZ 61613"
12855,Hotel Co,"555 Main St, Houston, IL 25627"
12856,Grocery Store LLC,"373 Main St, Phoenix, CA 58005"
12857,Retail Store Corp,"244 Main St, Phoenix, NY 35606"
12858,Clothing Store LLC,"401 Main St, Houston, CA 69377"
12859,Retail Store LLC,"948 Main St, Chicago, TX 18021"
12860,Hotel Group,"968 Main St, Chicago, CA 67618"
12861,Electronics Store Corp,"746 Main St, Phoenix, AZ 54024"
12862,Coffee Shop Inc,"460 Main St, New York, CA 54828"
12863,Pharmacy Co,"292 Main St, New York, AZ 59204"
12864,Retail Store LLC,"413 Main St, Houston, IL 10081"
12865,Coffee Shop Inc,"884 Main St, New York, NY 93558"
12866,Restaurant Inc,"882 Main St, New York, IL 85897"
12867,Grocery Store Co,"660 Main St, New York, AZ 98646"
12868,Grocery Store Corp,"450 Main St, Houston, CA 38013"
12869,Grocery Store Inc,"634 Main St, Houston, CA 56011"
12870,Hotel Inc,"205 Main St, New York, IL 48705"
12871,Coffee Shop LLC,"905 Main St, Houston, CA 57083"
12872,Coffee Shop Group,"676 Main St, Los Angeles, IL 73552"
12873,Hotel Inc,"364 Main St, Phoenix, IL 29755"
12874,Hotel Corp,"866 Main St, Houston, TX 19972"
12875,Retail Store Co,"178 Main St, Houston, NY 20220"
12876,Retail Store Co,"554 Main St, New York, CA 57738"
12877,Gas Station Co,"551 Main St, Chicago, TX 59822"
12878,Restaurant LLC,"764 Main St, Chicago, CA 38998"
12879,Retail Store Group,"204 Main St, New York, TX 15503"
12880,Pharmacy Corp,"716 Main St, Los Angeles, IL 78234"
12881,Pharmacy Co,"777 Main St, Los Angeles, TX 35125"
12882,Electronics Store Group,"357 Main St, Houston, TX 66156"
12883,Clothing Store Inc,"895 Main St, New York, IL 74446"
12884,Hotel Group,"301 Main St, Phoenix, CA 93963"
12885,Hotel Corp,"747 Main St, Phoenix, CA 99247"
12886,Hotel LLC,"879 Main St, Phoenix, TX 49842"
12887,Coffee Shop Inc,"714 Main St, New York, CA 45412"
12888,Clothing Store Group,"161 Main St, Los Angeles, IL 32634"
12889,Grocery Store Inc,"962 Main St, New York, TX 62004"
12890,Restaurant Group,"979 Main St, Phoenix, AZ 77909"
12891,Coffee Shop LLC,"993 Main St, Chicago, CA 10103"
12892,Grocery Store Corp,"102 Main St, Houston, NY 99449"
12893,Clothing Store Co,"940 Main St, New York, CA 72220"
12894,Clothing Store Inc,"759 Main St, Chicago, TX 35099"
12895,Clothing Store Corp,"697 Main St, Houston, TX 49202"
12896,Hotel Inc,"590 Main St, Chicago, IL 90383"
12897,Coffee Shop Co,"832 Main St, Houston, NY 48972"
12898,Retail Store Group,"131 Main St, Phoenix, NY 24103"
12899,Restaurant Co,"371 Main St, Houston, NY 92621"
12900,Retail Store Inc,"322 Main St, Chicago, NY 63859"
12901,Coffee Shop Co,"823 Main St, Los Angeles, IL 72233"
12902,Restaurant LLC,"431 Main St, Houston, CA 34093"
12903,Gas Station Corp,"234 Main St, Phoenix, CA 71679"
12904,Hotel Inc,"304 Main St, Chicago, IL 86449"
12905,Pharmacy LLC,"343 Main St, Houston, IL 72756"
12906,Electronics Store Inc,"957 Main St, Chicago, IL 26984"
12907,Hotel LLC,"105 Main St, Phoenix, CA 65959"
12908,Grocery Store Group,"358 Main St, Houston, NY 86275"
12909,Pharmacy Inc,"358 Main St, New York, CA 80347"
12910,Grocery Store Corp,"776 Main St, Chicago, CA 62404"
12911,Gas Station LLC,"658 Main St, Houston, NY 31595"
12912,Electronics Store Group,"117 Main St, New York, AZ 56446"
12913,Gas Station Corp,"883 Main St, Houston, TX 44612"
12914,Grocery Store Group,"274 Main St, Houston, NY 69064"
12915,Pharmacy LLC,"751 Main St, Chicago, IL 47042"
12916,Gas Station Co,"148 Main St, Houston, NY 43984"
12917,Grocery Store Co,"429 Main St, Los Angeles, TX 30710"
12918,Gas Station LLC,"530 Main St, Chicago, CA 91024"
12919,Retail Store Corp,"920 Main St, Chicago, CA 54597"
12920,Electronics Store Group,"229 Main St, Los Angeles, CA 52282"
12921,Retail Store Co,"422 Main St, Chicago, IL 22768"
12922,Pharmacy Group,"814 Main St, Phoenix, NY 86563"
12923,Restaurant Inc,"496 Main St, New York, IL 36259"
12924,Restaurant LLC,"180 Main St, New York, TX 93533"
12925,Clothing Store Co,"125 Main St, Chicago, CA 13285"
12926,Grocery Store Group,"693 Main St, Houston, AZ 98825"
12927,Restaurant LLC,"796 Main St, New York, AZ 81367"
12928,Clothing Store Inc,"856 Main St, Phoenix, IL 48281"
12929,Clothing Store Group,"960 Main St, New York, CA 60373"
12930,Restaurant Co,"952 Main St, Chicago, CA 55290"
12931,Restaurant Inc,"268 Main St, Houston, CA 55813"
12932,Pharmacy Corp,"954 Main St, Phoenix, NY 19788"
12933,Clothing Store Inc,"307 Main St, New York, AZ 76666"
12934,Grocery Store Corp,"631 Main St, New York, AZ 74486"
12935,Restaurant Co,"514 Main St, Chicago, CA 21097"
12936,Retail Store Inc,"359 Main St, New York, TX 92568"
12937,Hotel Inc,"828 Main St, Houston, IL 33400"
12938,Hotel Corp,"214 Main St, Los Angeles, NY 61305"
12939,Retail Store Co,"251 Main St, Houston, NY 49593"
12940,Pharmacy Corp,"711 Main St, Phoenix, TX 96438"
12941,Gas Station Corp,"498 Main St, New York, TX 31133"
12942,Grocery Store Co,"994 Main St, New York, NY 81519"
12943,Hotel Group,"809 Main St, Phoenix, IL 31590"
12944,Hotel Group,"458 Main St, New York, NY 54448"
12945,Hotel LLC,"941 Main St, Phoenix, NY 13354"
12946,Hotel Inc,"391 Main St, Houston, AZ 74904"
12947,Hotel LLC,"300 Main St, Houston, NY 97214"
12948,Electronics Store Corp,"479 Main St, Chicago, AZ 70911"
12949,Grocery Store Group,"896 Main St, Chicago, NY 49849"
12950,Electronics Store Co,"920 Main St, Houston, AZ 52824"
12951,Hotel Inc,"293 Main St, Los Angeles, AZ 53381"
12952,Grocery Store Co,"203 Main St, Houston, TX 59943"
12953,Hotel LLC,"852 Main St, New York, AZ 81872"
12954,Coffee Shop Corp,"745 Main St, New York, IL 74384"
12955,Gas Station Group,"136 Main St, Phoenix, IL 28538"
12956,Clothing Store Inc,"236 Main St, Chicago, AZ 87504"
12957,Hotel Corp,"707 Main St, Chicago, IL 33114"
12958,Retail Store Corp,"644 Main St, Phoenix, TX 80178"
12959,Grocery Store Inc,"699 Main St, Houston, AZ 41197"
12960,Pharmacy Co,"910 Main St, Houston, CA 25760"
12961,Hotel LLC,"185 Main St, Phoenix, TX 76961"
12962,Pharmacy Co,"827 Main St, Los Angeles, IL 29334"
12963,Pharmacy Group,"323 Main St, Phoenix, IL 37566"
12964,Retail Store Co,"461 Main St, New York, NY 44889"
12965,Grocery Store LLC,"204 Main St, Los Angeles, TX 56626"
12966,Grocery Store Group,"533 Main St, Chicago, AZ 84431"
12967,Gas Station Inc,"448 Main St, Phoenix, IL 79445"
12968,Pharmacy Group,"645 Main St, Houston, TX 10100"
12969,Hotel Inc,"895 Main St, Phoenix, NY 38424"
12970,Hotel Corp,"658 Main St, Houston, CA 38805"
12971,Coffee Shop Inc,"372 Main St, Chicago, TX 19774"
12972,Hotel LLC,"936 Main St, New York, AZ 40796"
12973,Electronics Store LLC,"120 Main St, Houston, NY 64386"
12974,Clothing Store Corp,"880 Main St, Houston, NY 95020"
12975,Electronics Store Co,"169 Main St, Los Angeles, NY 61733"
12976,Coffee Shop LLC,"947 Main St, Houston, NY 23050"
12977,Hotel Corp,"666 Main St, Houston, NY 26547"
12978,Retail Store LLC,"430 Main St, Houston, AZ 74656"
12979,Grocery Store Group,"937 Main St, Phoenix, TX 24585"
12980,Clothing Store LLC,"475 Main St, Houston, CA 74855"
12981,Hotel Inc,"963 Main St, Chicago, CA 48452"
12982,Pharmacy Group,"860 Main St, New York, CA 19587"
12983,Pharmacy LLC,"287 Main St, New York, NY 24356"
12984,Gas Station LLC,"799 Main St, Phoenix, IL 25239"
12985,Gas Station Corp,"884 Main St, Houston, IL 63648"
12986,Hotel Group,"640 Main St, Houston, TX 36992"
12987,Pharmacy Group,"229 Main St, New York, AZ 39392"
12988,Hotel LLC,"674 Main St, Houston, TX 44601"
12989,Gas Station Corp,"373 Main St, Los Angeles, CA 80089"
12990,Restaurant Group,"660 Main St, New York, AZ 28120"
12991,Electronics Store Corp,"814 Main St, Houston, CA 77895"
12992,Clothing Store Inc,"754 Main St, Chicago, IL 37939"
12993,Retail Store LLC,"597 Main St, Chicago, TX 82854"
12994,Electronics Store Co,"178 Main St, Houston, AZ 92084"
12995,Retail Store LLC,"908 Main St, New York, NY 49886"
12996,Restaurant Inc,"548 Main St, New York, NY 83725"
12997,Retail Store Co,"724 Main St, New York, CA 36261"
12998,Hotel Corp,"740 Main St, Houston, AZ 56861"
12999,Restaurant Corp,"318 Main St, Chicago, TX 50553"
13000,Gas Station Group,"257 Main St, Chicago, TX 48392"
13001,Coffee Shop LLC,"331 Main St, Los Angeles, CA 67387"
13002,Hotel Group,"992 Main St, Houston, AZ 72099"
13003,Coffee Shop Corp,"838 Main St, Chicago, AZ 71480"
13004,Gas Station Corp,"956 Main St, Chicago, NY 25935"
13005,Coffee Shop LLC,"923 Main St, Houston, IL 88731"
13006,Coffee Shop LLC,"179 Main St, Los Angeles, CA 60884"
13007,Clothing Store Group,"825 Main St, Chicago, TX 12029"
13008,Hotel LLC,"277 Main St, New York, AZ 51639"
13009,Pharmacy Group,"364 Main St, Chicago, AZ 86704"
13010,Clothing Store Co,"665 Main St, Houston, NY 70832"
13011,Hotel Corp,"825 Main St, Houston, AZ 28403"
13012,Hotel Group,"279 Main St, Houston, TX 38892"
13013,Retail Store LLC,"319 Main St, Houston, NY 74984"
13014,Retail Store Corp,"507 Main St, New York, IL 27849"
13015,Hotel Corp,"499 Main St, Houston, TX 98671"
13016,Restaurant LLC,"842 Main St, Houston, NY 79010"
13017,Electronics Store Corp,"213 Main St, Houston, IL 93474"
13018,Restaurant Inc,"697 Main St, Los Angeles, TX 23277"
13019,Clothing Store Corp,"933 Main St, New York, AZ 95780"
13020,Clothing Store Inc,"548 Main St, Phoenix, AZ 93561"
13021,Coffee Shop Corp,"155 Main St, Houston, AZ 82840"
13022,Restaurant Group,"589 Main St, Los Angeles, NY 42993"
13023,Coffee Shop Inc,"457 Main St, Phoenix, NY 17980"
13024,Coffee Shop Inc,"832 Main St, Phoenix, NY 82866"
13025,Gas Station Corp,"824 Main St, Phoenix, AZ 41793"
13026,Coffee Shop Group,"312 Main St, Chicago, IL 69829"
13027,Gas Station Group,"200 Main St, New York, CA 46805"
13028,Grocery Store Inc,"865 Main St, New York, AZ 64392"
13029,Clothing Store Corp,"193 Main St, Chicago, IL 88990"
13030,Retail Store Co,"336 Main St, Chicago, CA 24587"
13031,Grocery Store Corp,"628 Main St, New York, NY 97636"
13032,Hotel LLC,"531 Main St, Phoenix, AZ 12058"
13033,Gas Station LLC,"792 Main St, Phoenix, IL 52855"
13034,Pharmacy Group,"429 Main St, Los Angeles, NY 39645"
13035,Coffee Shop Inc,"698 Main St, Los Angeles, IL 10662"
13036,Coffee Shop Corp,"762 Main St, Los Angeles, TX 56123"
13037,Hotel Inc,"513 Main St, Phoenix, TX 75572"
13038,Electronics Store Group,"589 Main St, Houston, NY 32850"
13039,Electronics Store Co,"840 Main St, Los Angeles, IL 28475"
13040,Clothing Store LLC,"991 Main St, Phoenix, AZ 44021"
13041,Restaurant LLC,"739 Main St, Chicago, IL 73860"
13042,Restaurant Co,"918 Main St, New York, IL 15076"
13043,Grocery Store Group,"568 Main St, Phoenix, AZ 99805"
13044,Coffee Shop LLC,"828 Main St, Houston, CA 90080"
13045,Retail Store LLC,"824 Main St, Chicago, IL 33689"
13046,Pharmacy Inc,"712 Main St, Houston, TX 73959"
13047,Retail Store Group,"411 Main St, Los Angeles, AZ 68067"
13048,Coffee Shop LLC,"362 Main St, New York, CA 15679"
13049,Hotel Inc,"868 Main St, Houston, IL 71960"
13050,Grocery Store Group,"377 Main St, New York, IL 18513"
13051,Coffee Shop Corp,"916 Main St, Houston, IL 85243"
13052,Hotel Co,"654 Main St, New York, TX 75737"
13053,Restaurant LLC,"365 Main St, Los Angeles, CA 37854"
13054,Restaurant Co,"802 Main St, Phoenix, IL 83366"
13055,Electronics Store Corp,"879 Main St, Houston, AZ 71847"
13056,Clothing Store LLC,"332 Main St, Phoenix, NY 33429"
13057,Electronics Store Inc,"173 Main St, Los Angeles, IL 20130"
13058,Gas Station Corp,"711 Main St, Houston, CA 21226"
13059,Hotel Inc,"277 Main St, Houston, NY 98392"
13060,Grocery Store LLC,"922 Main St, Chicago, NY 87770"
13061,Coffee Shop Inc,"585 Main St, New York, CA 83415"
13062,Gas Station Inc,"475 Main St, Chicago, NY 95511"
13063,Gas Station Co,"944 Main St, Houston, IL 73616"
13064,Electronics Store Co,"159 Main St, Houston, CA 59411"
13065,Clothing Store Group,"923 Main St, Los Angeles, NY 63859"
13066,Restaurant Group,"323 Main St, Chicago, NY 33829"
13067,Hotel Co,"887 Main St, New York, NY 64312"
13068,Hotel Group,"529 Main St, Los Angeles, CA 26566"
13069,Pharmacy Corp,"254 Main St, Los Angeles, CA 68597"
13070,Grocery Store Group,"861 Main St, New York, IL 73940"
13071,Clothing Store Corp,"450 Main St, Chicago, NY 46384"
13072,Electronics Store Co,"913 Main St, New York, IL 76603"
13073,Retail Store Inc,"229 Main St, Phoenix, TX 19873"
13074,Grocery Store Co,"996 Main St, New York, NY 15170"
13075,Grocery Store Group,"990 Main St, Houston, CA 35690"
13076,Coffee Shop Corp,"797 Main St, Los Angeles, NY 14621"
13077,Retail Store Corp,"292 Main St, Chicago, NY 95517"
13078,Coffee Shop LLC,"708 Main St, Phoenix, CA 72025"
13079,Hotel Corp,"902 Main St, Phoenix, NY 49403"
13080,Electronics Store Inc,"454 Main St, Los Angeles, TX 63591"
13081,Clothing Store Co,"972 Main St, Los Angeles, IL 24268"
13082,Retail Store Inc,"479 Main St, Chicago, CA 94945"
13083,Electronics Store Group,"276 Main St, Los Angeles, AZ 32942"
13084,Restaurant Corp,"269 Main St, Los Angeles, CA 16879"
13085,Coffee Shop Co,"523 Main St, Houston, NY 56344"
13086,Retail Store LLC,"541 Main St, Chicago, CA 35057"
13087,Coffee Shop Co,"274 Main St, Houston, CA 44422"
13088,Pharmacy Group,"589 Main St, New York, AZ 24418"
13089,Hotel Group,"989 Main St, Houston, AZ 76956"
13090,Retail Store Inc,"433 Main St, Chicago, NY 86938"
13091,Electronics Store LLC,"586 Main St, Chicago, IL 35757"
13092,Clothing Store Inc,"297 Main St, New York, NY 68644"
13093,Coffee Shop Corp,"308 Main St, Houston, IL 50927"
13094,Retail Store Co,"518 Main St, Houston, AZ 81789"
13095,Coffee Shop Co,"897 Main St, Los Angeles, AZ 38044"
13096,Hotel Co,"888 Main St, Chicago, IL 96939"
13097,Pharmacy Co,"335 Main St, Phoenix, IL 88953"
13098,Grocery Store Inc,"993 Main St, New York, NY 10047"
13099,Retail Store Co,"798 Main St, Los Angeles, AZ 92725"
13100,Retail Store Co,"265 Main St, Chicago, IL 32265"
13101,Pharmacy LLC,"847 Main St, Los Angeles, NY 50111"
13102,Restaurant Co,"163 Main St, Phoenix, AZ 96152"
13103,Gas Station LLC,"817 Main St, Chicago, NY 72467"
13104,Coffee Shop Inc,"729 Main St, Los Angeles, IL 23386"
13105,Retail Store Inc,"279 Main St, Los Angeles, IL 16612"
13106,Gas Station Corp,"735 Main St, Chicago, IL 86226"
13107,Restaurant Corp,"181 Main St, Chicago, IL 69240"
13108,Electronics Store Group,"462 Main St, Chicago, AZ 24888"
13109,Clothing Store Group,"449 Main St, Los Angeles, CA 92890"
13110,Retail Store Co,"974 Main St, New York, NY 66773"
13111,Restaurant Co,"623 Main St, Houston, CA 27678"
13112,Electronics Store Inc,"883 Main St, Houston, CA 68910"
13113,Hotel Group,"913 Main St, New York, NY 12632"
13114,Grocery Store Group,"331 Main St, Houston, IL 71960"
13115,Grocery Store LLC,"436 Main St, Houston, NY 15429"
13116,Electronics Store Group,"668 Main St, Houston, IL 85417"
13117,Grocery Store Co,"377 Main St, Los Angeles, AZ 25989"
13118,Clothing Store Co,"859 Main St, Chicago, AZ 39842"
13119,Clothing Store Corp,"857 Main St, Phoenix, AZ 90884"
13120,Retail Store Inc,"941 Main St, Chicago, CA 66347"
13121,Restaurant LLC,"833 Main St, Los Angeles, AZ 29952"
13122,Pharmacy LLC,"118 Main St, Houston, NY 12139"
13123,Pharmacy Corp,"963 Main St, Phoenix, TX 23326"
13124,Retail Store Co,"526 Main St, Houston, NY 47047"
13125,Restaurant Group,"513 Main St, Houston, AZ 92664"
13126,Gas Station Inc,"105 Main St, New York, IL 71812"
13127,Coffee Shop LLC,"506 Main St, Chicago, AZ 25787"
13128,Electronics Store Corp,"619 Main St, Los Angeles, AZ 40028"
13129,Hotel Inc,"627 Main St, Phoenix, IL 18841"
13130,Retail Store Co,"299 Main St, New York, NY 97353"
13131,Electronics Store LLC,"742 Main St, Chicago, AZ 62770"
13132,Restaurant Inc,"935 Main St, Houston, CA 27992"
13133,Grocery Store Inc,"289 Main St, New York, IL 45967"
13134,Hotel Corp,"206 Main St, Los Angeles, NY 15336"
13135,Clothing Store Co,"251 Main St, Chicago, AZ 91728"
13136,Coffee Shop LLC,"117 Main St, Chicago, AZ 94829"
13137,Restaurant LLC,"767 Main St, Los Angeles, AZ 27378"
13138,Grocery Store Group,"983 Main St, Phoenix, AZ 48226"
13139,Pharmacy LLC,"537 Main St, Houston, AZ 24250"
13140,Grocery Store Group,"221 Main St, Houston, NY 91458"
13141,Electronics Store Corp,"938 Main St, New York, TX 82271"
13142,Grocery Store Inc,"151 Main St, Los Angeles, CA 51158"
13143,Restaurant Inc,"219 Main St, New York, CA 81883"
13144,Grocery Store Corp,"868 Main St, Chicago, TX 56239"
13145,Hotel Corp,"672 Main St, Houston, TX 19811"
13146,Restaurant Co,"889 Main St, Phoenix, IL 75382"
13147,Electronics Store Corp,"964 Main St, Los Angeles, AZ 86533"
13148,Coffee Shop LLC,"836 Main St, Houston, NY 26182"
13149,Coffee Shop Inc,"942 Main St, Los Angeles, CA 13054"
13150,Electronics Store Inc,"414 Main St, New York, NY 78918"
13151,Clothing Store Co,"347 Main St, Los Angeles, TX 34603"
13152,Restaurant Co,"540 Main St, Los Angeles, AZ 53113"
13153,Clothing Store Group,"754 Main St, Phoenix, AZ 13197"
13154,Electronics Store Group,"499 Main St, Los Angeles, AZ 72682"
13155,Gas Station Inc,"728 Main St, New York, AZ 45703"
13156,Retail Store Inc,"744 Main St, New York, CA 32415"
13157,Retail Store LLC,"713 Main St, Phoenix, IL 15697"
13158,Electronics Store Group,"959 Main St, Houston, TX 78956"
13159,Coffee Shop Inc,"926 Main St, New York, IL 27611"
13160,Hotel Co,"499 Main St, New York, NY 79731"
13161,Retail Store Group,"382 Main St, Chicago, TX 85785"
13162,Grocery Store LLC,"208 Main St, Houston, IL 32152"
13163,Coffee Shop Inc,"590 Main St, Chicago, IL 94798"
13164,Pharmacy Corp,"461 Main St, Phoenix, AZ 33511"
13165,Grocery Store Co,"764 Main St, Chicago, AZ 90512"
13166,Retail Store Inc,"983 Main St, Phoenix, NY 72849"
13167,Gas Station Inc,"108 Main St, Phoenix, NY 40411"
13168,Hotel Inc,"499 Main St, Chicago, TX 34927"
13169,Coffee Shop Corp,"708 Main St, Chicago, NY 97359"
13170,Hotel Co,"314 Main St, Chicago, TX 78037"
13171,Electronics Store Inc,"500 Main St, New York, IL 89845"
13172,Electronics Store Group,"801 Main St, Houston, TX 82373"
13173,Grocery Store Co,"626 Main St, Chicago, IL 26131"
13174,Gas Station Inc,"499 Main St, Houston, NY 57441"
13175,Restaurant Corp,"996 Main St, New York, NY 25201"
13176,Retail Store Group,"458 Main St, Chicago, NY 18312"
13177,Grocery Store Corp,"347 Main St, New York, AZ 86333"
13178,Coffee Shop Inc,"705 Main St, New York, TX 32303"
13179,Pharmacy Co,"887 Main St, Houston, TX 65795"
13180,Gas Station Group,"149 Main St, Chicago, IL 27018"
13181,Grocery Store Co,"423 Main St, Chicago, AZ 48543"
13182,Gas Station Group,"677 Main St, Phoenix, TX 83236"
13183,Hotel Group,"132 Main St, Los Angeles, CA 26644"
13184,Retail Store Group,"763 Main St, New York, IL 74680"
13185,Clothing Store Group,"116 Main St, Chicago, TX 42270"
13186,Hotel Group,"946 Main St, Houston, AZ 53923"
13187,Clothing Store Group,"958 Main St, Los Angeles, CA 77208"
13188,Hotel Corp,"585 Main St, Chicago, NY 64658"
13189,Restaurant Co,"922 Main St, Houston, NY 34324"
13190,Hotel LLC,"120 Main St, Phoenix, CA 17954"
13191,Gas Station Group,"347 Main St, Houston, TX 65035"
13192,Clothing Store Group,"815 Main St, Chicago, AZ 69167"
13193,Retail Store Inc,"270 Main St, Houston, AZ 77642"
13194,Gas Station Group,"118 Main St, Phoenix, CA 85860"
13195,Pharmacy Group,"881 Main St, Chicago, AZ 33225"
13196,Pharmacy Inc,"366 Main St, New York, AZ 95846"
13197,Clothing Store Corp,"852 Main St, Chicago, AZ 74557"
13198,Hotel Group,"484 Main St, Houston, CA 21000"
13199,Electronics Store Inc,"830 Main St, Los Angeles, NY 37660"
13200,Retail Store Inc,"839 Main St, Chicago, IL 29369"
13201,Retail Store Group,"346 Main St, Phoenix, AZ 27645"
13202,Grocery Store Co,"577 Main St, Houston, NY 19554"
13203,Pharmacy Corp,"795 Main St, Houston, AZ 75464"
13204,Gas Station LLC,"306 Main St, Chicago, IL 27149"
13205,Coffee Shop Corp,"360 Main St, Los Angeles, AZ 93672"
13206,Electronics Store Inc,"617 Main St, Houston, NY 31500"
13207,Pharmacy LLC,"717 Main St, Phoenix, NY 41545"
13208,Pharmacy Inc,"148 Main St, Phoenix, NY 29223"
13209,Pharmacy Inc,"267 Main St, Chicago, CA 37470"
13210,Retail Store Inc,"120 Main St, Houston, TX 90651"
13211,Retail Store Co,"492 Main St, Chicago, IL 74050"
13212,Gas Station Corp,"560 Main St, Los Angeles, CA 49463"
13213,Hotel Corp,"871 Main St, Houston, NY 41788"
13214,Coffee Shop Inc,"453 Main St, Phoenix, CA 89512"
13215,Restaurant Group,"610 Main St, Phoenix, AZ 15293"
13216,Coffee Shop Inc,"643 Main St, Los Angeles, AZ 45765"
13217,Gas Station Co,"732 Main St, New York, TX 32928"
13218,Restaurant Group,"726 Main St, Phoenix, TX 89092"
13219,Electronics Store Co,"784 Main St, Chicago, AZ 63755"
13220,Retail Store LLC,"491 Main St, New York, AZ 69974"
13221,Restaurant LLC,"123 Main St, Phoenix, CA 82767"
13222,Grocery Store Inc,"800 Main St, Phoenix, IL 72402"
13223,Retail Store Co,"766 Main St, Los Angeles, TX 79673"
13224,Retail Store LLC,"368 Main St, Los Angeles, AZ 60821"
13225,Electronics Store Inc,"281 Main St, Phoenix, IL 62451"
13226,Pharmacy Corp,"966 Main St, Houston, TX 87882"
13227,Gas Station Inc,"418 Main St, Chicago, TX 29721"
13228,Restaurant LLC,"403 Main St, New York, TX 63076"
13229,Clothing Store Corp,"973 Main St, Los Angeles, CA 24553"
13230,Coffee Shop Corp,"501 Main St, Houston, NY 57604"
13231,Clothing Store Corp,"601 Main St, New York, CA 51625"
13232,Restaurant Corp,"489 Main St, Chicago, AZ 92130"
13233,Restaurant Group,"202 Main St, Phoenix, NY 54104"
13234,Coffee Shop LLC,"633 Main St, Phoenix, TX 29311"
13235,Hotel Group,"437 Main St, New York, NY 10825"
13236,Clothing Store Co,"409 Main St, Phoenix, CA 50526"
13237,Clothing Store Co,"216 Main St, Phoenix, CA 19606"
13238,Restaurant Group,"663 Main St, Houston, CA 45455"
13239,Gas Station Co,"445 Main St, Phoenix, NY 82596"
13240,Grocery Store Co,"872 Main St, Houston, IL 66451"
13241,Clothing Store Inc,"437 Main St, Los Angeles, TX 46550"
13242,Clothing Store Inc,"533 Main St, Phoenix, CA 81777"
13243,Gas Station LLC,"115 Main St, New York, TX 40894"
13244,Pharmacy Inc,"389 Main St, New York, CA 47189"
13245,Coffee Shop Corp,"724 Main St, Chicago, TX 25675"
13246,Gas Station Group,"603 Main St, Phoenix, TX 33673"
13247,Restaurant Group,"289 Main St, Los Angeles, TX 19930"
13248,Hotel Inc,"630 Main St, Phoenix, AZ 61655"
13249,Electronics Store LLC,"850 Main St, Phoenix, NY 55513"
13250,Coffee Shop Co,"116 Main St, Phoenix, AZ 18610"
13251,Hotel Corp,"309 Main St, Chicago, NY 31807"
13252,Coffee Shop Co,"353 Main St, Chicago, IL 84293"
13253,Electronics Store Co,"738 Main St, Phoenix, TX 88989"
13254,Pharmacy Inc,"713 Main St, Los Angeles, TX 44533"
13255,Electronics Store Co,"278 Main St, Houston, IL 59950"
13256,Grocery Store Co,"123 Main St, Chicago, CA 57823"
13257,Gas Station Group,"219 Main St, Houston, CA 55367"
13258,Pharmacy Group,"517 Main St, Los Angeles, TX 76526"
13259,Gas Station Co,"214 Main St, New York, CA 84168"
13260,Coffee Shop Co,"771 Main St, Chicago, CA 19025"
13261,Restaurant Group,"754 Main St, Chicago, AZ 46807"
13262,Retail Store LLC,"993 Main St, New York, CA 28945"
13263,Clothing Store Co,"523 Main St, Chicago, TX 74585"
13264,Hotel Corp,"465 Main St, New York, IL 62275"
13265,Clothing Store Group,"554 Main St, New York, CA 40093"
13266,Coffee Shop Corp,"950 Main St, Los Angeles, NY 47274"
13267,Hotel LLC,"214 Main St, Houston, IL 67122"
13268,Gas Station Group,"460 Main St, Chicago, NY 47334"
13269,Grocery Store LLC,"129 Main St, New York, NY 36900"
13270,Gas Station Inc,"726 Main St, Los Angeles, TX 77875"
13271,Restaurant Corp,"758 Main St, Chicago, CA 84980"
13272,Electronics Store Co,"579 Main St, Los Angeles, NY 19242"
13273,Grocery Store Inc,"190 Main St, Phoenix, NY 32797"
13274,Retail Store LLC,"955 Main St, Los Angeles, AZ 15196"
13275,Coffee Shop Corp,"199 Main St, Phoenix, NY 24324"
13276,Pharmacy Co,"986 Main St, New York, NY 70331"
13277,Restaurant Group,"399 Main St, Chicago, AZ 79713"
13278,Grocery Store Corp,"431 Main St, Phoenix, CA 75760"
13279,Hotel LLC,"769 Main St, Houston, CA 71539"
13280,Clothing Store Co,"326 Main St, Houston, IL 87120"
13281,Retail Store Group,"161 Main St, Chicago, CA 76221"
13282,Pharmacy Corp,"538 Main St, Los Angeles, TX 76996"
13283,Electronics Store Corp,"281 Main St, Chicago, NY 23558"
13284,Hotel Co,"746 Main St, New York, IL 79282"
13285,Hotel Corp,"788 Main St, New York, TX 41286"
13286,Restaurant Co,"711 Main St, New York, CA 59922"
13287,Coffee Shop Inc,"531 Main St, Houston, IL 93202"
13288,Grocery Store Inc,"266 Main St, Houston, IL 78134"
13289,Clothing Store Corp,"574 Main St, Chicago, NY 48311"
13290,Coffee Shop Group,"518 Main St, Los Angeles, CA 79667"
13291,Pharmacy Corp,"913 Main St, New York, CA 18208"
13292,Electronics Store Corp,"219 Main St, Houston, IL 76588"
13293,Hotel Co,"502 Main St, Chicago, CA 88057"
13294,Electronics Store Group,"428 Main St, Chicago, CA 81012"
13295,Clothing Store Group,"693 Main St, Chicago, TX 22591"
13296,Restaurant Co,"158 Main St, New York, TX 16098"
13297,Coffee Shop Corp,"866 Main St, Los Angeles, IL 46226"
13298,Coffee Shop Group,"489 Main St, Houston, NY 74944"
13299,Grocery Store Inc,"205 Main St, Houston, AZ 28417"
13300,Hotel Corp,"978 Main St, New York, IL 96062"
13301,Pharmacy Inc,"972 Main St, Chicago, TX 38115"
13302,Coffee Shop LLC,"990 Main St, Chicago, IL 52769"
13303,Coffee Shop Inc,"570 Main St, Chicago, IL 26236"
13304,Retail Store Inc,"755 Main St, New York, CA 67884"
13305,Grocery Store Corp,"362 Main St, New York, AZ 31154"
13306,Retail Store Group,"402 Main St, Los Angeles, AZ 34239"
13307,Pharmacy Corp,"558 Main St, Houston, TX 35263"
13308,Retail Store Group,"602 Main St, New York, IL 67821"
13309,Restaurant Inc,"264 Main St, Phoenix, CA 59133"
13310,Electronics Store Co,"748 Main St, Phoenix, IL 44096"
13311,Hotel Group,"957 Main St, Chicago, NY 34034"
13312,Retail Store Inc,"500 Main St, Los Angeles, CA 68521"
13313,Gas Station Co,"319 Main St, Phoenix, TX 95567"
13314,Clothing Store Co,"982 Main St, Houston, NY 41231"
13315,Clothing Store Inc,"226 Main St, Houston, IL 84369"
13316,Clothing Store Inc,"880 Main St, Phoenix, AZ 47119"
13317,Coffee Shop Inc,"793 Main St, Los Angeles, TX 73060"
13318,Restaurant Corp,"755 Main St, Houston, NY 84219"
13319,Retail Store Inc,"707 Main St, Chicago, IL 56268"
13320,Restaurant Co,"264 Main St, Chicago, AZ 65785"
13321,Restaurant LLC,"310 Main St, Houston, IL 44436"
13322,Clothing Store Inc,"635 Main St, New York, IL 90384"
13323,Electronics Store Corp,"469 Main St, Phoenix, AZ 32072"
13324,Grocery Store Co,"807 Main St, Los Angeles, CA 73730"
13325,Grocery Store Inc,"137 Main St, Los Angeles, CA 60527"
13326,Coffee Shop LLC,"543 Main St, New York, AZ 66067"
13327,Coffee Shop Co,"540 Main St, Chicago, TX 98756"
13328,Gas Station Corp,"673 Main St, Chicago, AZ 55653"
13329,Pharmacy Group,"929 Main St, Chicago, TX 23686"
13330,Electronics Store Co,"985 Main St, Phoenix, CA 89124"
13331,Hotel LLC,"674 Main St, Los Angeles, CA 29060"
13332,Pharmacy Corp,"789 Main St, Phoenix, AZ 28043"
13333,Gas Station Co,"922 Main St, Houston, TX 78444"
13334,Pharmacy Co,"583 Main St, Houston, IL 31659"
13335,Gas Station Inc,"434 Main St, Chicago, AZ 61914"
13336,Electronics Store Corp,"695 Main St, Chicago, AZ 18721"
13337,Pharmacy Inc,"851 Main St, Houston, IL 87189"
13338,Clothing Store Co,"999 Main St, Houston, NY 11760"
13339,Clothing Store Group,"570 Main St, Chicago, NY 62398"
13340,Coffee Shop Inc,"429 Main St, New York, TX 22933"
13341,Coffee Shop Inc,"532 Main St, Phoenix, TX 60301"
13342,Electronics Store Group,"616 Main St, Houston, AZ 35331"
13343,Coffee Shop Co,"360 Main St, Houston, AZ 88713"
13344,Restaurant Inc,"637 Main St, New York, CA 65325"
13345,Coffee Shop Inc,"386 Main St, Los Angeles, TX 54316"
13346,Clothing Store LLC,"836 Main St, Chicago, AZ 49776"
13347,Electronics Store Inc,"796 Main St, Los Angeles, CA 42344"
13348,Hotel LLC,"373 Main St, Houston, IL 94737"
13349,Coffee Shop Co,"233 Main St, Los Angeles, CA 17883"
13350,Grocery Store Inc,"426 Main St, New York, CA 63963"
13351,Hotel Corp,"613 Main St, Los Angeles, IL 94550"
13352,Hotel Corp,"462 Main St, Phoenix, TX 53158"
13353,Retail Store Group,"262 Main St, Chicago, CA 17203"
13354,Electronics Store Inc,"490 Main St, Houston, AZ 78683"
13355,Clothing Store Inc,"289 Main St, Houston, IL 24765"
13356,Gas Station Corp,"355 Main St, Chicago, TX 23877"
13357,Retail Store Corp,"655 Main St, Chicago, TX 50467"
13358,Clothing Store Group,"212 Main St, Phoenix, IL 72424"
13359,Hotel Group,"202 Main St, Phoenix, NY 75671"
13360,Electronics Store Inc,"592 Main St, Phoenix, IL 12748"
13361,Clothing Store Co,"356 Main St, Los Angeles, NY 12198"
13362,Coffee Shop Corp,"950 Main St, Houston, CA 23392"
13363,Restaurant Group,"932 Main St, Houston, AZ 54047"
13364,Clothing Store Inc,"140 Main St, Phoenix, CA 41087"
13365,Hotel Corp,"144 Main St, Houston, AZ 81653"
13366,Grocery Store Group,"880 Main St, Houston, NY 53237"
13367,Gas Station Corp,"705 Main St, Chicago, CA 20143"
13368,Clothing Store Inc,"894 Main St, Chicago, CA 52335"
13369,Retail Store Inc,"711 Main St, Chicago, AZ 20583"
13370,Gas Station Corp,"516 Main St, Los Angeles, IL 87622"
13371,Coffee Shop Corp,"685 Main St, Houston, NY 17779"
13372,Coffee Shop Inc,"671 Main St, Los Angeles, AZ 36970"
13373,Pharmacy LLC,"477 Main St, Los Angeles, IL 93100"
13374,Hotel Group,"232 Main St, Phoenix, TX 23773"
13375,Hotel Group,"540 Main St, Los Angeles, TX 93375"
13376,Pharmacy Inc,"543 Main St, Los Angeles, CA 67257"
13377,Retail Store Inc,"713 Main St, Chicago, TX 96989"
13378,Restaurant Co,"681 Main St, Houston, CA 26272"
13379,Coffee Shop Corp,"183 Main St, Los Angeles, TX 74157"
13380,Electronics Store LLC,"249 Main St, Chicago, AZ 93439"
13381,Gas Station Corp,"627 Main St, Los Angeles, IL 76002"
13382,Clothing Store LLC,"610 Main St, Phoenix, CA 30083"
13383,Electronics Store Corp,"852 Main St, Los Angeles, AZ 27808"
13384,Electronics Store Corp,"738 Main St, Los Angeles, IL 18493"
13385,Retail Store Co,"637 Main St, Chicago, AZ 57903"
13386,Coffee Shop Inc,"334 Main St, Houston, AZ 26644"
13387,Clothing Store Corp,"909 Main St, Chicago, AZ 23694"
13388,Electronics Store Group,"391 Main St, New York, AZ 11392"
13389,Restaurant Inc,"369 Main St, Phoenix, NY 31714"
13390,Pharmacy LLC,"671 Main St, Los Angeles, NY 56792"
13391,Grocery Store LLC,"620 Main St, Phoenix, IL 46872"
13392,Hotel LLC,"142 Main St, Phoenix, IL 46694"
13393,Retail Store Corp,"190 Main St, Chicago, NY 49076"
13394,Coffee Shop Corp,"114 Main St, New York, AZ 93965"
13395,Retail Store Inc,"908 Main St, New York, NY 60112"
13396,Coffee Shop Inc,"511 Main St, Los Angeles, AZ 44796"
13397,Restaurant Group,"419 Main St, Phoenix, IL 43135"
13398,Hotel LLC,"670 Main St, Chicago, NY 83663"
13399,Clothing Store Corp,"709 Main St, Houston, AZ 92855"
13400,Coffee Shop Group,"363 Main St, Los Angeles, IL 40065"
13401,Grocery Store Co,"270 Main St, Houston, CA 93464"
13402,Gas Station Inc,"926 Main St, Phoenix, IL 44466"
13403,Grocery Store Group,"662 Main St, New York, NY 68911"
13404,Gas Station Group,"959 Main St, Phoenix, CA 70294"
13405,Clothing Store Inc,"644 Main St, Chicago, CA 29913"
13406,Pharmacy Co,"144 Main St, Chicago, AZ 59567"
13407,Grocery Store Inc,"987 Main St, Phoenix, CA 87831"
13408,Retail Store Inc,"135 Main St, Chicago, AZ 46834"
13409,Electronics Store Group,"807 Main St, Phoenix, NY 25788"
13410,Retail Store Group,"952 Main St, Phoenix, CA 61886"
13411,Grocery Store Co,"678 Main St, Houston, CA 81485"
13412,Clothing Store Corp,"327 Main St, Chicago, TX 97227"
13413,Gas Station Corp,"896 Main St, Phoenix, TX 28965"
13414,Gas Station Co,"260 Main St, Chicago, TX 72253"
13415,Clothing Store Co,"425 Main St, New York, IL 43687"
13416,Retail Store Corp,"187 Main St, Phoenix, TX 90513"
13417,Restaurant Co,"775 Main St, Houston, TX 76880"
13418,Retail Store LLC,"683 Main St, New York, NY 46694"
13419,Restaurant Inc,"908 Main St, Houston, AZ 95410"
13420,Coffee Shop Co,"532 Main St, Los Angeles, NY 29600"
13421,Gas Station Inc,"959 Main St, New York, AZ 96678"
13422,Gas Station Group,"845 Main St, Los Angeles, CA 14784"
13423,Coffee Shop Co,"666 Main St, Houston, IL 45466"
13424,Hotel LLC,"484 Main St, Los Angeles, IL 25932"
13425,Gas Station Corp,"786 Main St, Phoenix, CA 83015"
13426,Restaurant Co,"413 Main St, Los Angeles, IL 12283"
13427,Pharmacy Group,"744 Main St, Chicago, NY 33618"
13428,Grocery Store Inc,"622 Main St, Houston, IL 45301"
13429,Grocery Store LLC,"989 Main St, New York, IL 46005"
13430,Clothing Store Inc,"360 Main St, Houston, AZ 18291"
13431,Electronics Store Group,"960 Main St, New York, TX 44802"
13432,Restaurant Inc,"514 Main St, Chicago, CA 65398"
13433,Pharmacy Co,"336 Main St, Houston, IL 55020"
13434,Coffee Shop LLC,"556 Main St, Chicago, IL 44513"
13435,Pharmacy Inc,"882 Main St, Chicago, CA 99741"
13436,Coffee Shop Inc,"350 Main St, Chicago, IL 77054"
13437,Pharmacy LLC,"568 Main St, Phoenix, TX 13483"
13438,Clothing Store Inc,"994 Main St, Phoenix, NY 97313"
13439,Clothing Store LLC,"520 Main St, Los Angeles, NY 87063"
13440,Gas Station Co,"508 Main St, Los Angeles, TX 61467"
13441,Retail Store Corp,"139 Main St, Houston, IL 46183"
13442,Restaurant Group,"236 Main St, New York, IL 93269"
13443,Coffee Shop Inc,"696 Main St, New York, TX 72589"
13444,Electronics Store Corp,"174 Main St, Phoenix, IL 33070"
13445,Clothing Store Corp,"930 Main St, Phoenix, NY 75231"
13446,Gas Station Co,"250 Main St, New York, TX 19628"
13447,Gas Station LLC,"152 Main St, Houston, IL 39128"
13448,Clothing Store LLC,"278 Main St, Chicago, IL 94461"
13449,Electronics Store Group,"907 Main St, Chicago, TX 41336"
13450,Clothing Store Co,"238 Main St, Houston, NY 46065"
13451,Gas Station LLC,"654 Main St, Phoenix, IL 20184"
13452,Coffee Shop Inc,"348 Main St, Los Angeles, AZ 42285"
13453,Clothing Store Inc,"623 Main St, New York, IL 89606"
13454,Retail Store Inc,"206 Main St, Houston, AZ 50884"
13455,Grocery Store Corp,"738 Main St, Chicago, AZ 92622"
13456,Restaurant Co,"937 Main St, Houston, CA 31934"
13457,Gas Station LLC,"807 Main St, Phoenix, CA 79824"
13458,Retail Store Corp,"743 Main St, New York, AZ 24461"
13459,Clothing Store LLC,"453 Main St, Chicago, AZ 53279"
13460,Coffee Shop Co,"272 Main St, New York, NY 54820"
13461,Grocery Store LLC,"412 Main St, New York, IL 32800"
13462,Clothing Store Corp,"980 Main St, New York, AZ 50930"
13463,Retail Store Corp,"323 Main St, Phoenix, CA 31862"
13464,Gas Station LLC,"437 Main St, Phoenix, NY 66005"
13465,Pharmacy LLC,"111 Main St, Chicago, AZ 10140"
13466,Retail Store Co,"169 Main St, Phoenix, TX 25330"
13467,Restaurant Inc,"996 Main St, New York, NY 20337"
13468,Gas Station Inc,"389 Main St, Phoenix, AZ 52956"
13469,Restaurant Corp,"292 Main St, New York, CA 53332"
13470,Electronics Store Group,"455 Main St, Phoenix, CA 20386"
13471,Retail Store LLC,"699 Main St, New York, CA 32538"
13472,Hotel Co,"640 Main St, Los Angeles, CA 73842"
13473,Clothing Store LLC,"364 Main St, Chicago, CA 25095"
13474,Retail Store Co,"451 Main St, New York, NY 58402"
13475,Retail Store Group,"921 Main St, Chicago, IL 84007"
13476,Gas Station Corp,"800 Main St, Phoenix, AZ 13430"
13477,Hotel Inc,"713 Main St, Phoenix, IL 21939"
13478,Retail Store Co,"580 Main St, Chicago, IL 35951"
13479,Retail Store Co,"993 Main St, Phoenix, IL 24590"
13480,Clothing Store Co,"847 Main St, New York, NY 81043"
13481,Pharmacy LLC,"338 Main St, Phoenix, IL 55918"
13482,Electronics Store Corp,"197 Main St, Los Angeles, IL 59586"
13483,Electronics Store LLC,"651 Main St, Chicago, IL 85507"
13484,Pharmacy Co,"506 Main St, New York, IL 77451"
13485,Gas Station LLC,"157 Main St, Houston, NY 16150"
13486,Grocery Store Group,"793 Main St, Phoenix, TX 79101"
13487,Electronics Store Corp,"311 Main St, New York, CA 83367"
13488,Clothing Store Co,"125 Main St, Houston, AZ 62752"
13489,Pharmacy Co,"505 Main St, New York, NY 85434"
13490,Clothing Store Corp,"985 Main St, Houston, AZ 47461"
13491,Restaurant Co,"843 Main St, Phoenix, CA 25206"
13492,Gas Station Inc,"160 Main St, Los Angeles, NY 24872"
13493,Gas Station Inc,"475 Main St, Phoenix, NY 91143"
13494,Gas Station Group,"168 Main St, Chicago, TX 35115"
13495,Restaurant Corp,"139 Main St, Los Angeles, TX 50716"
13496,Restaurant Co,"654 Main St, Chicago, IL 56087"
13497,Clothing Store LLC,"125 Main St, Houston, AZ 10827"
13498,Gas Station Inc,"241 Main St, Los Angeles, IL 93499"
13499,Clothing Store LLC,"433 Main St, Chicago, IL 66371"
13500,Retail Store LLC,"989 Main St, Los Angeles, AZ 30372"
13501,Retail Store Co,"315 Main St, Phoenix, TX 19989"
13502,Clothing Store LLC,"235 Main St, Houston, TX 50298"
13503,Retail Store Group,"789 Main St, Los Angeles, CA 54652"
13504,Pharmacy Co,"667 Main St, Chicago, CA 34989"
13505,Hotel Corp,"657 Main St, Phoenix, NY 52224"
13506,Restaurant Group,"344 Main St, Phoenix, AZ 58046"
13507,Retail Store LLC,"525 Main St, New York, AZ 30867"
13508,Coffee Shop Inc,"345 Main St, Houston, AZ 47892"
13509,Restaurant Corp,"568 Main St, Los Angeles, AZ 98191"
13510,Pharmacy Corp,"192 Main St, Houston, NY 99348"
13511,Pharmacy Group,"446 Main St, Chicago, CA 89503"
13512,Restaurant LLC,"938 Main St, Los Angeles, IL 72318"
13513,Retail Store Group,"311 Main St, Phoenix, NY 31397"
13514,Coffee Shop Co,"256 Main St, Phoenix, CA 80657"
13515,Coffee Shop Group,"107 Main St, Chicago, TX 22494"
13516,Pharmacy Co,"760 Main St, Houston, TX 59358"
13517,Clothing Store Group,"858 Main St, Los Angeles, CA 34461"
13518,Grocery Store Co,"211 Main St, New York, TX 52919"
13519,Coffee Shop Inc,"328 Main St, Houston, TX 95888"
13520,Grocery Store LLC,"816 Main St, Phoenix, AZ 52378"
13521,Coffee Shop Co,"856 Main St, Phoenix, NY 53849"
13522,Pharmacy LLC,"613 Main St, Los Angeles, CA 50036"
13523,Coffee Shop Inc,"687 Main St, Houston, AZ 79954"
13524,Electronics Store Group,"767 Main St, Chicago, NY 27187"
13525,Coffee Shop Co,"144 Main St, Phoenix, CA 18487"
13526,Electronics Store Co,"178 Main St, Chicago, AZ 60681"
13527,Hotel Inc,"555 Main St, Phoenix, NY 44500"
13528,Clothing Store Inc,"541 Main St, Houston, IL 29171"
13529,Clothing Store Co,"814 Main St, New York, IL 13588"
13530,Hotel Group,"972 Main St, New York, IL 46766"
13531,Pharmacy Group,"948 Main St, New York, IL 85619"
13532,Grocery Store Co,"579 Main St, Houston, NY 43230"
13533,Electronics Store Co,"442 Main St, Houston, AZ 96564"
13534,Pharmacy Corp,"256 Main St, New York, AZ 62426"
13535,Clothing Store Group,"797 Main St, Los Angeles, IL 91836"
13536,Restaurant Inc,"313 Main St, Phoenix, AZ 34394"
13537,Grocery Store Group,"124 Main St, Los Angeles, NY 51800"
13538,Restaurant LLC,"174 Main St, Houston, TX 42898"
13539,Restaurant Co,"640 Main St, Houston, CA 57518"
13540,Gas Station LLC,"612 Main St, Chicago, IL 33593"
13541,Gas Station LLC,"834 Main St, New York, CA 33410"
13542,Gas Station Co,"709 Main St, New York, CA 44089"
13543,Coffee Shop Co,"598 Main St, Houston, CA 24905"
13544,Grocery Store LLC,"504 Main St, Los Angeles, TX 59821"
13545,Electronics Store Inc,"891 Main St, Chicago, TX 73108"
13546,Electronics Store LLC,"632 Main St, Chicago, AZ 88840"
13547,Gas Station LLC,"347 Main St, Phoenix, TX 38711"
13548,Grocery Store LLC,"201 Main St, Phoenix, NY 11248"
13549,Retail Store Corp,"341 Main St, Los Angeles, TX 38413"
13550,Gas Station Corp,"297 Main St, Chicago, AZ 37789"
13551,Retail Store Co,"997 Main St, New York, TX 72970"
13552,Clothing Store Group,"364 Main St, Phoenix, NY 34853"
13553,Clothing Store LLC,"130 Main St, Phoenix, AZ 89349"
13554,Hotel Corp,"306 Main St, Houston, IL 50982"
13555,Pharmacy Inc,"904 Main St, Phoenix, IL 19503"
13556,Hotel Corp,"165 Main St, New York, IL 10519"
13557,Pharmacy Corp,"765 Main St, Los Angeles, TX 28535"
13558,Restaurant Corp,"482 Main St, New York, IL 62132"
13559,Retail Store LLC,"570 Main St, Houston, IL 45346"
13560,Restaurant Co,"394 Main St, Chicago, TX 80778"
13561,Electronics Store LLC,"886 Main St, Chicago, CA 69319"
13562,Retail Store Co,"868 Main St, Phoenix, CA 23826"
13563,Grocery Store Co,"128 Main St, New York, CA 63987"
13564,Retail Store LLC,"364 Main St, New York, IL 96780"
13565,Coffee Shop LLC,"757 Main St, Phoenix, TX 99452"
13566,Pharmacy LLC,"393 Main St, Houston, NY 40795"
13567,Grocery Store LLC,"220 Main St, New York, NY 50272"
13568,Retail Store LLC,"146 Main St, Los Angeles, CA 96998"
13569,Hotel Corp,"629 Main St, Chicago, AZ 68040"
13570,Electronics Store Group,"337 Main St, Chicago, CA 51043"
13571,Electronics Store LLC,"781 Main St, Houston, IL 14909"
13572,Coffee Shop Corp,"915 Main St, Phoenix, IL 58870"
13573,Gas Station Group,"773 Main St, Los Angeles, IL 22004"
13574,Electronics Store Inc,"755 Main St, New York, CA 75231"
13575,Retail Store Inc,"494 Main St, New York, CA 26762"
13576,Pharmacy Co,"886 Main St, New York, IL 38363"
13577,Clothing Store Corp,"170 Main St, Chicago, NY 50865"
13578,Restaurant Inc,"356 Main St, Houston, TX 89344"
13579,Hotel Co,"908 Main St, Phoenix, NY 35431"
13580,Gas Station LLC,"769 Main St, Los Angeles, CA 65049"
13581,Clothing Store LLC,"703 Main St, Los Angeles, TX 89843"
13582,Pharmacy LLC,"970 Main St, New York, TX 54528"
13583,Gas Station Co,"297 Main St, Houston, CA 98912"
13584,Clothing Store Corp,"326 Main St, Phoenix, TX 71286"
13585,Pharmacy Group,"996 Main St, Houston, AZ 82205"
13586,Gas Station Co,"279 Main St, Phoenix, AZ 61420"
13587,Grocery Store Group,"271 Main St, Chicago, NY 69718"
13588,Retail Store LLC,"918 Main St, Chicago, AZ 36410"
13589,Electronics Store LLC,"923 Main St, Phoenix, IL 99345"
13590,Grocery Store Corp,"591 Main St, Chicago, IL 57348"
13591,Restaurant Inc,"112 Main St, Los Angeles, NY 57347"
13592,Electronics Store Group,"221 Main St, Phoenix, AZ 50079"
13593,Grocery Store Inc,"547 Main St, Houston, NY 40349"
13594,Retail Store Inc,"697 Main St, Phoenix, CA 36800"
13595,Clothing Store LLC,"996 Main St, New York, IL 65286"
13596,Pharmacy LLC,"597 Main St, Los Angeles, IL 51347"
13597,Retail Store Group,"140 Main St, New York, IL 76396"
13598,Clothing Store Corp,"836 Main St, Chicago, NY 20645"
13599,Grocery Store Group,"472 Main St, Chicago, NY 10983"
13600,Hotel LLC,"466 Main St, Phoenix, NY 83476"
13601,Restaurant LLC,"492 Main St, New York, AZ 29143"
13602,Electronics Store Inc,"614 Main St, Houston, CA 46023"
13603,Electronics Store LLC,"180 Main St, New York, AZ 45115"
13604,Electronics Store Corp,"192 Main St, Los Angeles, TX 38468"
13605,Clothing Store Group,"935 Main St, Phoenix, IL 60236"
13606,Clothing Store Inc,"537 Main St, Houston, AZ 56922"
13607,Coffee Shop Group,"602 Main St, Phoenix, NY 49708"
13608,Hotel Corp,"147 Main St, Phoenix, NY 80027"
13609,Electronics Store Group,"860 Main St, Chicago, IL 98107"
13610,Pharmacy Co,"941 Main St, Houston, AZ 40883"
13611,Clothing Store Corp,"350 Main St, Phoenix, TX 85932"
13612,Coffee Shop Group,"298 Main St, Los Angeles, TX 65625"
13613,Hotel Group,"592 Main St, Chicago, IL 20320"
13614,Electronics Store LLC,"234 Main St, Chicago, IL 77047"
13615,Electronics Store Corp,"833 Main St, Phoenix, NY 93155"
13616,Hotel Group,"772 Main St, Los Angeles, AZ 42388"
13617,Hotel Inc,"691 Main St, Chicago, CA 46744"
13618,Gas Station Group,"944 Main St, Chicago, AZ 96926"
13619,Restaurant Inc,"510 Main St, Chicago, CA 87765"
13620,Electronics Store LLC,"538 Main St, Houston, AZ 86366"
13621,Restaurant Co,"734 Main St, Chicago, TX 34260"
13622,Grocery Store Inc,"459 Main St, Houston, IL 93510"
13623,Grocery Store Group,"291 Main St, Chicago, CA 93044"
13624,Electronics Store Inc,"550 Main St, Houston, IL 51344"
13625,Gas Station Co,"144 Main St, Los Angeles, IL 96332"
13626,Clothing Store Group,"208 Main St, Houston, IL 33420"
13627,Restaurant LLC,"288 Main St, Los Angeles, AZ 53434"
13628,Pharmacy Group,"576 Main St, Chicago, AZ 59584"
13629,Pharmacy Group,"575 Main St, Houston, TX 36258"
13630,Grocery Store Co,"517 Main St, Chicago, AZ 92650"
13631,Coffee Shop LLC,"654 Main St, New York, TX 10625"
13632,Restaurant Co,"901 Main St, Los Angeles, AZ 29576"
13633,Hotel Group,"498 Main St, Chicago, CA 77314"
13634,Pharmacy Inc,"902 Main St, Los Angeles, TX 61603"
13635,Coffee Shop Corp,"875 Main St, Chicago, IL 85811"
13636,Pharmacy Co,"685 Main St, Houston, IL 26839"
13637,Coffee Shop Corp,"237 Main St, New York, IL 63728"
13638,Electronics Store Co,"170 Main St, Phoenix, NY 69495"
13639,Retail Store Corp,"512 Main St, Chicago, IL 83938"
13640,Retail Store Group,"694 Main St, Chicago, CA 65449"
13641,Coffee Shop LLC,"315 Main St, Chicago, TX 29680"
13642,Gas Station Corp,"956 Main St, Phoenix, TX 65451"
13643,Restaurant LLC,"206 Main St, Houston, TX 21035"
13644,Electronics Store LLC,"847 Main St, Phoenix, AZ 38489"
13645,Electronics Store Inc,"815 Main St, New York, NY 13549"
13646,Gas Station LLC,"945 Main St, Los Angeles, TX 74393"
13647,Coffee Shop Group,"474 Main St, Chicago, CA 43586"
13648,Electronics Store LLC,"862 Main St, Phoenix, TX 16910"
13649,Clothing Store Inc,"746 Main St, Los Angeles, AZ 56782"
13650,Retail Store Group,"256 Main St, Chicago, AZ 56756"
13651,Coffee Shop Corp,"328 Main St, New York, CA 80742"
13652,Coffee Shop Group,"528 Main St, Houston, CA 22602"
13653,Hotel Corp,"127 Main St, New York, IL 89454"
13654,Gas Station Co,"391 Main St, New York, AZ 66218"
13655,Pharmacy Group,"594 Main St, Houston, AZ 10780"
13656,Pharmacy Inc,"100 Main St, New York, AZ 58891"
13657,Grocery Store LLC,"719 Main St, Chicago, NY 80905"
13658,Coffee Shop Corp,"882 Main St, Los Angeles, AZ 57148"
13659,Gas Station Corp,"399 Main St, New York, AZ 52642"
13660,Grocery Store Group,"910 Main St, Houston, AZ 86975"
13661,Gas Station Co,"694 Main St, Houston, AZ 87222"
13662,Coffee Shop Group,"727 Main St, Chicago, TX 56845"
13663,Hotel Inc,"897 Main St, New York, IL 39634"
13664,Clothing Store Corp,"187 Main St, New York, CA 92070"
13665,Gas Station Co,"713 Main St, New York, IL 22725"
13666,Coffee Shop Inc,"849 Main St, Chicago, IL 37750"
13667,Hotel Co,"197 Main St, Phoenix, IL 62437"
13668,Gas Station Corp,"867 Main St, Houston, TX 33515"
13669,Clothing Store Corp,"740 Main St, New York, CA 42428"
13670,Clothing Store LLC,"546 Main St, New York, IL 95545"
13671,Hotel Corp,"919 Main St, Los Angeles, TX 21650"
13672,Retail Store LLC,"127 Main St, Chicago, TX 16520"
13673,Coffee Shop Co,"772 Main St, Houston, AZ 50252"
13674,Coffee Shop Corp,"878 Main St, Los Angeles, AZ 18213"
13675,Pharmacy Corp,"886 Main St, Los Angeles, AZ 90015"
13676,Gas Station Inc,"870 Main St, New York, TX 92609"
13677,Retail Store Group,"819 Main St, Los Angeles, IL 32556"
13678,Hotel LLC,"110 Main St, New York, NY 25798"
13679,Pharmacy Co,"758 Main St, Los Angeles, NY 37917"
13680,Electronics Store Inc,"255 Main St, Houston, TX 42058"
13681,Coffee Shop Co,"947 Main St, Los Angeles, TX 69880"
13682,Gas Station LLC,"295 Main St, Houston, AZ 83509"
13683,Restaurant Co,"787 Main St, New York, IL 52519"
13684,Coffee Shop Group,"731 Main St, Chicago, AZ 34443"
13685,Electronics Store Co,"719 Main St, Chicago, TX 53836"
13686,Clothing Store Inc,"133 Main St, New York, CA 41122"
13687,Hotel Corp,"301 Main St, New York, CA 94533"
13688,Pharmacy Co,"565 Main St, Houston, TX 16771"
13689,Gas Station Corp,"740 Main St, Houston, TX 33430"
13690,Hotel Group,"463 Main St, Chicago, TX 60916"
13691,Pharmacy Group,"857 Main St, Chicago, IL 22282"
13692,Grocery Store Corp,"625 Main St, Phoenix, TX 97979"
13693,Hotel Co,"715 Main St, Houston, TX 35654"
13694,Electronics Store Corp,"151 Main St, New York, CA 17729"
13695,Electronics Store Co,"463 Main St, Houston, IL 39590"
13696,Coffee Shop Inc,"655 Main St, Phoenix, CA 86622"
13697,Restaurant LLC,"281 Main St, New York, NY 34267"
13698,Electronics Store LLC,"967 Main St, Phoenix, AZ 37091"
13699,Retail Store LLC,"472 Main St, Phoenix, AZ 79184"
13700,Grocery Store Inc,"891 Main St, Phoenix, AZ 78843"
13701,Grocery Store Corp,"644 Main St, Los Angeles, CA 47182"
13702,Hotel Group,"329 Main St, Phoenix, NY 80707"
13703,Coffee Shop LLC,"300 Main St, Los Angeles, AZ 33116"
13704,Coffee Shop Inc,"186 Main St, Chicago, IL 20713"
13705,Retail Store Group,"385 Main St, Houston, TX 38958"
13706,Retail Store Co,"237 Main St, Los Angeles, TX 97138"
13707,Grocery Store Group,"762 Main St, Chicago, IL 84744"
13708,Hotel Corp,"614 Main St, Chicago, IL 75370"
13709,Electronics Store Group,"819 Main St, Phoenix, NY 62626"
13710,Coffee Shop Inc,"596 Main St, New York, IL 58342"
13711,Electronics Store Corp,"121 Main St, New York, IL 72050"
13712,Coffee Shop Inc,"353 Main St, Chicago, NY 78251"
13713,Pharmacy Inc,"796 Main St, Chicago, IL 17163"
13714,Electronics Store Corp,"500 Main St, Phoenix, IL 64209"
13715,Gas Station Corp,"584 Main St, Phoenix, CA 73135"
13716,Hotel Group,"956 Main St, Houston, NY 89087"
13717,Pharmacy Group,"431 Main St, Los Angeles, CA 40966"
13718,Restaurant Inc,"167 Main St, Chicago, NY 75576"
13719,Pharmacy Corp,"370 Main St, Houston, TX 15672"
13720,Gas Station Group,"381 Main St, New York, NY 92464"
13721,Gas Station LLC,"855 Main St, Phoenix, CA 44068"
13722,Restaurant Co,"223 Main St, Houston, IL 65148"
13723,Retail Store Group,"307 Main St, New York, CA 62254"
13724,Pharmacy Co,"327 Main St, New York, TX 98727"
13725,Hotel Inc,"833 Main St, New York, AZ 48422"
13726,Clothing Store Inc,"723 Main St, Houston, TX 34867"
13727,Coffee Shop LLC,"212 Main St, Los Angeles, AZ 13369"
13728,Retail Store LLC,"210 Main St, Chicago, IL 81476"
13729,Retail Store LLC,"656 Main St, Houston, AZ 93406"
13730,Clothing Store Corp,"740 Main St, Houston, AZ 60568"
13731,Pharmacy Corp,"754 Main St, Houston, TX 87368"
13732,Gas Station Corp,"912 Main St, Phoenix, AZ 48339"
13733,Electronics Store Group,"332 Main St, Houston, TX 62319"
13734,Grocery Store Co,"481 Main St, New York, AZ 51705"
13735,Coffee Shop Co,"997 Main St, Houston, NY 98227"
13736,Pharmacy Co,"817 Main St, Houston, NY 19819"
13737,Grocery Store Group,"672 Main St, Los Angeles, CA 43457"
13738,Electronics Store Co,"772 Main St, Los Angeles, NY 22107"
13739,Electronics Store Inc,"390 Main St, Houston, AZ 84793"
13740,Retail Store LLC,"238 Main St, Los Angeles, IL 84468"
13741,Gas Station LLC,"592 Main St, Houston, NY 83531"
13742,Hotel Co,"997 Main St, Los Angeles, AZ 77697"
13743,Pharmacy Co,"757 Main St, Phoenix, CA 11864"
13744,Electronics Store LLC,"807 Main St, New York, NY 41459"
13745,Restaurant LLC,"815 Main St, New York, AZ 78836"
13746,Pharmacy Inc,"228 Main St, Los Angeles, NY 94314"
13747,Restaurant Inc,"820 Main St, Chicago, IL 16200"
13748,Retail Store Inc,"843 Main St, Los Angeles, TX 73142"
13749,Restaurant Inc,"462 Main St, Los Angeles, NY 62056"
13750,Grocery Store Corp,"928 Main St, Phoenix, AZ 27735"
13751,Electronics Store LLC,"344 Main St, Houston, NY 96620"
13752,Clothing Store Corp,"754 Main St, Los Angeles, TX 21066"
13753,Pharmacy Corp,"257 Main St, Phoenix, IL 31409"
13754,Clothing Store Corp,"372 Main St, Phoenix, TX 18490"
13755,Restaurant Inc,"100 Main St, Los Angeles, AZ 16921"
13756,Grocery Store LLC,"872 Main St, Houston, AZ 72140"
13757,Pharmacy Corp,"708 Main St, Houston, AZ 15125"
13758,Electronics Store LLC,"510 Main St, Los Angeles, IL 11784"
13759,Hotel Co,"703 Main St, Los Angeles, NY 47926"
13760,Pharmacy Inc,"252 Main St, New York, CA 48407"
13761,Gas Station Corp,"540 Main St, Phoenix, IL 13831"
13762,Retail Store Group,"605 Main St, Phoenix, TX 92850"
13763,Gas Station Inc,"728 Main St, Phoenix, IL 16831"
13764,Pharmacy Co,"901 Main St, Phoenix, IL 30697"
13765,Pharmacy Group,"408 Main St, Houston, CA 15875"
13766,Pharmacy Corp,"954 Main St, Houston, IL 92142"
13767,Hotel LLC,"640 Main St, New York, TX 46377"
13768,Pharmacy Inc,"741 Main St, Los Angeles, CA 76103"
13769,Electronics Store Group,"334 Main St, Phoenix, CA 58336"
13770,Electronics Store Inc,"841 Main St, Houston, AZ 82261"
13771,Pharmacy Co,"548 Main St, New York, IL 98904"
13772,Retail Store Corp,"770 Main St, Chicago, NY 22725"
13773,Gas Station Group,"151 Main St, Phoenix, TX 27435"
13774,Retail Store Group,"908 Main St, Chicago, IL 62231"
13775,Retail Store LLC,"750 Main St, Los Angeles, IL 75781"
13776,Grocery Store Group,"325 Main St, Los Angeles, CA 97454"
13777,Retail Store Corp,"945 Main St, Chicago, TX 12016"
13778,Coffee Shop LLC,"453 Main St, Los Angeles, NY 74050"
13779,Retail Store Group,"277 Main St, New York, TX 42366"
13780,Clothing Store Group,"975 Main St, Phoenix, IL 81430"
13781,Pharmacy Corp,"776 Main St, Houston, AZ 63101"
13782,Grocery Store Co,"905 Main St, New York, TX 99195"
13783,Clothing Store Corp,"710 Main St, Los Angeles, IL 98630"
13784,Coffee Shop Corp,"679 Main St, New York, NY 77183"
13785,Retail Store Inc,"607 Main St, New York, CA 25467"
13786,Clothing Store Group,"595 Main St, Phoenix, IL 21620"
13787,Grocery Store Co,"711 Main St, Los Angeles, AZ 99166"
13788,Hotel LLC,"606 Main St, Chicago, NY 74384"
13789,Restaurant Co,"872 Main St, Phoenix, NY 52590"
13790,Retail Store Inc,"529 Main St, New York, NY 51478"
13791,Restaurant Co,"802 Main St, Houston, CA 53737"
13792,Coffee Shop Corp,"545 Main St, Phoenix, NY 88458"
13793,Retail Store Corp,"769 Main St, New York, NY 88928"
13794,Electronics Store Group,"752 Main St, New York, NY 34494"
13795,Gas Station Corp,"130 Main St, Los Angeles, TX 88428"
13796,Restaurant Inc,"938 Main St, Phoenix, IL 55605"
13797,Pharmacy Co,"323 Main St, Houston, CA 94325"
13798,Grocery Store LLC,"792 Main St, Los Angeles, AZ 53124"
13799,Pharmacy LLC,"949 Main St, Chicago, NY 85072"
13800,Clothing Store Corp,"479 Main St, New York, CA 78315"
13801,Pharmacy Inc,"587 Main St, New York, CA 63582"
13802,Gas Station Group,"206 Main St, Houston, IL 97488"
13803,Gas Station Corp,"392 Main St, Los Angeles, TX 27439"
13804,Grocery Store Group,"338 Main St, Chicago, NY 15611"
13805,Restaurant Co,"629 Main St, Houston, AZ 97766"
13806,Restaurant Inc,"934 Main St, Chicago, IL 20040"
13807,Restaurant LLC,"328 Main St, Phoenix, TX 94695"
13808,Restaurant Co,"559 Main St, New York, AZ 19282"
13809,Restaurant Corp,"373 Main St, Phoenix, TX 70587"
13810,Electronics Store Group,"577 Main St, Houston, NY 71516"
13811,Pharmacy LLC,"792 Main St, Los Angeles, IL 57131"
13812,Pharmacy Corp,"250 Main St, Chicago, AZ 31430"
13813,Gas Station Corp,"762 Main St, Houston, TX 63956"
13814,Electronics Store Co,"172 Main St, Phoenix, CA 73528"
13815,Grocery Store Group,"965 Main St, New York, IL 48280"
13816,Electronics Store Corp,"784 Main St, Chicago, CA 93398"
13817,Hotel LLC,"998 Main St, Houston, AZ 56991"
13818,Restaurant Corp,"707 Main St, Los Angeles, CA 78011"
13819,Electronics Store LLC,"209 Main St, Houston, TX 62585"
13820,Restaurant LLC,"435 Main St, Chicago, CA 87483"
13821,Restaurant Corp,"406 Main St, Houston, IL 46905"
13822,Coffee Shop Group,"189 Main St, Phoenix, NY 36295"
13823,Pharmacy Group,"426 Main St, Phoenix, NY 44518"
13824,Coffee Shop Inc,"734 Main St, Houston, TX 50259"
13825,Grocery Store LLC,"365 Main St, Phoenix, NY 37316"
13826,Gas Station Group,"966 Main St, Chicago, NY 55397"
13827,Restaurant LLC,"365 Main St, Phoenix, TX 24433"
13828,Retail Store Group,"739 Main St, New York, TX 39339"
13829,Restaurant Inc,"739 Main St, Chicago, TX 82077"
13830,Pharmacy Corp,"467 Main St, Houston, CA 82099"
13831,Gas Station Co,"909 Main St, New York, AZ 24689"
13832,Gas Station Inc,"446 Main St, Los Angeles, TX 51695"
13833,Coffee Shop Co,"774 Main St, New York, AZ 76400"
13834,Clothing Store Inc,"460 Main St, Chicago, AZ 17912"
13835,Coffee Shop Co,"192 Main St, Phoenix, NY 66467"
13836,Hotel Corp,"564 Main St, Chicago, NY 52123"
13837,Coffee Shop Corp,"623 Main St, Los Angeles, CA 32098"
13838,Gas Station Corp,"944 Main St, Chicago, AZ 55606"
13839,Electronics Store Co,"280 Main St, New York, AZ 40110"
13840,Coffee Shop Corp,"937 Main St, Los Angeles, IL 20418"
13841,Coffee Shop Group,"440 Main St, New York, NY 10381"
13842,Restaurant Inc,"794 Main St, New York, AZ 41424"
13843,Retail Store Inc,"710 Main St, Chicago, IL 90090"
13844,Retail Store Inc,"159 Main St, New York, AZ 64045"
13845,Retail Store Group,"190 Main St, Los Angeles, NY 29963"
13846,Grocery Store LLC,"233 Main St, New York, AZ 40315"
13847,Clothing Store Corp,"390 Main St, Phoenix, IL 57219"
13848,Pharmacy Corp,"383 Main St, Phoenix, NY 58452"
13849,Electronics Store Co,"491 Main St, Chicago, NY 79969"
13850,Retail Store Co,"555 Main St, Chicago, CA 29085"
13851,Hotel Co,"161 Main St, Phoenix, IL 65305"
13852,Grocery Store Co,"685 Main St, Los Angeles, NY 54391"
13853,Clothing Store LLC,"370 Main St, Phoenix, AZ 25776"
13854,Hotel LLC,"155 Main St, Chicago, AZ 58229"
13855,Pharmacy Inc,"552 Main St, Los Angeles, IL 70958"
13856,Clothing Store Co,"489 Main St, Phoenix, IL 30122"
13857,Restaurant Group,"241 Main St, Chicago, IL 17933"
13858,Retail Store Corp,"431 Main St, Chicago, AZ 56411"
13859,Hotel Group,"248 Main St, New York, IL 12839"
13860,Restaurant LLC,"652 Main St, Los Angeles, CA 90338"
13861,Coffee Shop Co,"601 Main St, Houston, AZ 72257"
13862,Hotel Inc,"779 Main St, Los Angeles, TX 67859"
13863,Gas Station Inc,"577 Main St, Chicago, TX 18862"
13864,Coffee Shop Co,"206 Main St, Houston, TX 41020"
13865,Clothing Store LLC,"193 Main St, Chicago, IL 89996"
13866,Restaurant Co,"568 Main St, Los Angeles, CA 77472"
13867,Electronics Store Co,"653 Main St, Los Angeles, TX 77170"
13868,Hotel Co,"936 Main St, Chicago, NY 21641"
13869,Hotel Co,"383 Main St, New York, TX 35561"
13870,Gas Station Corp,"103 Main St, Phoenix, AZ 21427"
13871,Gas Station Inc,"503 Main St, Houston, TX 44737"
13872,Pharmacy LLC,"206 Main St, Los Angeles, NY 28123"
13873,Gas Station Inc,"815 Main St, Houston, NY 49723"
13874,Coffee Shop Group,"562 Main St, New York, AZ 85647"
13875,Electronics Store LLC,"790 Main St, New York, AZ 81308"
13876,Clothing Store Co,"224 Main St, Phoenix, IL 94334"
13877,Clothing Store Co,"559 Main St, New York, CA 18913"
13878,Grocery Store Group,"407 Main St, New York, AZ 29905"
13879,Gas Station Co,"346 Main St, Phoenix, TX 61015"
13880,Pharmacy LLC,"940 Main St, Los Angeles, IL 77227"
13881,Pharmacy LLC,"159 Main St, Phoenix, AZ 64778"
13882,Grocery Store Inc,"686 Main St, Chicago, CA 17520"
13883,Electronics Store Group,"520 Main St, Los Angeles, TX 60558"
13884,Grocery Store Corp,"991 Main St, Los Angeles, TX 18019"
13885,Clothing Store Group,"390 Main St, Phoenix, CA 76709"
13886,Hotel LLC,"508 Main St, Houston, NY 80043"
13887,Gas Station LLC,"418 Main St, Houston, IL 80050"
13888,Grocery Store Inc,"535 Main St, Houston, TX 61034"
13889,Coffee Shop Corp,"314 Main St, Chicago, CA 21854"
13890,Pharmacy Inc,"281 Main St, New York, TX 39714"
13891,Coffee Shop Corp,"798 Main St, Los Angeles, CA 38600"
13892,Clothing Store Co,"987 Main St, New York, NY 81472"
13893,Pharmacy Inc,"407 Main St, Los Angeles, AZ 63779"
13894,Coffee Shop Group,"514 Main St, Chicago, IL 19803"
13895,Restaurant Group,"741 Main St, New York, NY 76053"
13896,Grocery Store Co,"350 Main St, Phoenix, NY 98333"
13897,Gas Station Corp,"637 Main St, Chicago, CA 87843"
13898,Restaurant Corp,"962 Main St, Phoenix, CA 35734"
13899,Clothing Store LLC,"502 Main St, Chicago, TX 24153"
13900,Clothing Store Co,"504 Main St, New York, NY 32427"
13901,Coffee Shop Group,"854 Main St, Los Angeles, NY 55280"
13902,Electronics Store Inc,"836 Main St, New York, NY 31409"
13903,Retail Store Co,"179 Main St, Chicago, AZ 53605"
13904,Clothing Store LLC,"391 Main St, Chicago, TX 47444"
13905,Electronics Store LLC,"645 Main St, Chicago, AZ 44305"
13906,Coffee Shop Inc,"917 Main St, New York, IL 75819"
13907,Gas Station Corp,"416 Main St, Phoenix, NY 39866"
13908,Pharmacy Inc,"538 Main St, Chicago, TX 34249"
13909,Restaurant LLC,"464 Main St, New York, IL 55559"
13910,Gas Station Corp,"972 Main St, Phoenix, AZ 13089"
13911,Restaurant LLC,"870 Main St, Phoenix, TX 25622"
13912,Pharmacy Corp,"371 Main St, New York, NY 95260"
13913,Pharmacy Group,"904 Main St, Houston, CA 48864"
13914,Pharmacy Corp,"190 Main St, New York, IL 64593"
13915,Electronics Store Group,"460 Main St, New York, TX 89929"
13916,Grocery Store Co,"735 Main St, Houston, NY 59977"
13917,Electronics Store LLC,"386 Main St, Chicago, AZ 82258"
13918,Pharmacy Co,"849 Main St, Houston, NY 88759"
13919,Coffee Shop Co,"936 Main St, Los Angeles, TX 42979"
13920,Coffee Shop LLC,"705 Main St, Los Angeles, AZ 28884"
13921,Gas Station Corp,"391 Main St, Chicago, IL 57350"
13922,Gas Station Corp,"459 Main St, Los Angeles, NY 42981"
13923,Grocery Store Co,"871 Main St, Houston, NY 27573"
13924,Grocery Store Inc,"542 Main St, Houston, AZ 31870"
13925,Grocery Store Group,"115 Main St, Houston, NY 29435"
13926,Restaurant Co,"741 Main St, New York, AZ 59120"
13927,Restaurant Inc,"688 Main St, Los Angeles, CA 91453"
13928,Coffee Shop Corp,"384 Main St, Chicago, AZ 89860"
13929,Electronics Store Group,"583 Main St, Houston, IL 76904"
13930,Restaurant Corp,"280 Main St, Chicago, AZ 15361"
13931,Coffee Shop Corp,"625 Main St, Los Angeles, IL 88860"
13932,Clothing Store Corp,"105 Main St, Los Angeles, IL 68966"
13933,Retail Store Group,"291 Main St, Los Angeles, IL 22622"
13934,Grocery Store Corp,"793 Main St, Los Angeles, IL 69400"
13935,Clothing Store LLC,"273 Main St, Phoenix, IL 40951"
13936,Coffee Shop Co,"473 Main St, Los Angeles, IL 58194"
13937,Grocery Store Inc,"713 Main St, Chicago, TX 24374"
13938,Coffee Shop Inc,"103 Main St, New York, CA 41004"
13939,Restaurant Group,"308 Main St, Houston, AZ 86763"
13940,Coffee Shop LLC,"174 Main St, New York, AZ 44691"
13941,Restaurant LLC,"352 Main St, Chicago, CA 84195"
13942,Pharmacy Co,"174 Main St, Chicago, TX 66395"
13943,Grocery Store Corp,"572 Main St, Houston, IL 73784"
13944,Gas Station Inc,"160 Main St, New York, TX 77773"
13945,Hotel Corp,"275 Main St, Chicago, AZ 42860"
13946,Grocery Store Inc,"630 Main St, Los Angeles, CA 87067"
13947,Restaurant Corp,"708 Main St, Chicago, NY 12811"
13948,Coffee Shop LLC,"882 Main St, Houston, CA 98329"
13949,Coffee Shop Group,"898 Main St, Los Angeles, AZ 60204"
13950,Hotel Group,"618 Main St, Los Angeles, AZ 37039"
13951,Grocery Store Corp,"653 Main St, Los Angeles, NY 19097"
13952,Restaurant Group,"508 Main St, Houston, IL 26128"
13953,Hotel Group,"161 Main St, Chicago, CA 17084"
13954,Restaurant Corp,"819 Main St, Los Angeles, NY 38845"
13955,Grocery Store Inc,"163 Main St, Los Angeles, TX 36036"
13956,Electronics Store Inc,"194 Main St, New York, AZ 38399"
13957,Gas Station Group,"429 Main St, New York, NY 98994"
13958,Pharmacy Inc,"810 Main St, Houston, CA 95583"
13959,Electronics Store Inc,"635 Main St, Phoenix, AZ 13276"
13960,Gas Station LLC,"873 Main St, Phoenix, TX 81888"
13961,Coffee Shop LLC,"470 Main St, New York, NY 27860"
13962,Grocery Store Co,"887 Main St, Chicago, IL 64343"
13963,Electronics Store LLC,"657 Main St, New York, TX 67413"
13964,Pharmacy Group,"787 Main St, Phoenix, CA 55092"
13965,Clothing Store Co,"285 Main St, Phoenix, IL 21030"
13966,Electronics Store Inc,"152 Main St, Chicago, IL 67997"
13967,Hotel Corp,"832 Main St, Chicago, AZ 77670"
13968,Grocery Store Co,"985 Main St, Phoenix, NY 69239"
13969,Electronics Store LLC,"478 Main St, Houston, CA 23433"
13970,Pharmacy Corp,"134 Main St, Phoenix, NY 51086"
13971,Clothing Store Inc,"336 Main St, Houston, CA 82379"
13972,Electronics Store LLC,"101 Main St, Los Angeles, CA 95829"
13973,Pharmacy Corp,"389 Main St, New York, TX 51848"
13974,Clothing Store Co,"837 Main St, Los Angeles, AZ 18512"
13975,Grocery Store Inc,"355 Main St, New York, NY 32576"
13976,Electronics Store Group,"233 Main St, Houston, NY 52133"
13977,Gas Station Inc,"592 Main St, Houston, IL 58664"
13978,Coffee Shop Group,"461 Main St, Phoenix, TX 69480"
13979,Clothing Store LLC,"660 Main St, Los Angeles, IL 37720"
13980,Restaurant Group,"498 Main St, Los Angeles, AZ 78161"
13981,Restaurant Inc,"403 Main St, Houston, CA 89872"
13982,Gas Station Co,"103 Main St, Los Angeles, CA 17641"
13983,Hotel LLC,"649 Main St, Chicago, CA 11589"
13984,Hotel Inc,"876 Main St, Houston, IL 48387"
13985,Retail Store LLC,"732 Main St, Chicago, AZ 70721"
13986,Coffee Shop Corp,"159 Main St, New York, TX 32396"
13987,Clothing Store Group,"680 Main St, New York, AZ 89320"
13988,Pharmacy Inc,"717 Main St, Phoenix, AZ 31094"
13989,Electronics Store Corp,"550 Main St, Phoenix, TX 84131"
13990,Retail Store Group,"901 Main St, Los Angeles, NY 55903"
13991,Restaurant Group,"549 Main St, Los Angeles, AZ 26722"
13992,Restaurant LLC,"551 Main St, Phoenix, TX 55896"
13993,Restaurant Inc,"918 Main St, Los Angeles, AZ 50221"
13994,Hotel Group,"401 Main St, Chicago, IL 65826"
13995,Pharmacy Group,"498 Main St, New York, IL 83417"
13996,Electronics Store Co,"913 Main St, Phoenix, CA 77799"
13997,Retail Store Group,"801 Main St, Chicago, TX 86182"
13998,Coffee Shop Corp,"850 Main St, Los Angeles, CA 40590"
13999,Electronics Store Co,"950 Main St, Phoenix, TX 17225"
14000,Hotel LLC,"808 Main St, Houston, IL 48172"
14001,Electronics Store Inc,"961 Main St, Phoenix, TX 88113"
14002,Gas Station LLC,"138 Main St, Phoenix, AZ 61945"
14003,Pharmacy LLC,"951 Main St, Los Angeles, TX 56203"
14004,Hotel Group,"481 Main St, Chicago, NY 48079"
14005,Gas Station Corp,"155 Main St, Los Angeles, NY 42044"
14006,Electronics Store LLC,"886 Main St, Houston, TX 15403"
14007,Gas Station LLC,"361 Main St, Houston, AZ 56768"
14008,Restaurant Corp,"120 Main St, Chicago, NY 38562"
14009,Grocery Store Inc,"133 Main St, Houston, NY 80097"
14010,Gas Station LLC,"761 Main St, Phoenix, TX 19535"
14011,Restaurant Co,"266 Main St, Houston, NY 28969"
14012,Restaurant Inc,"523 Main St, Chicago, AZ 55020"
14013,Retail Store Inc,"382 Main St, Houston, AZ 63405"
14014,Coffee Shop LLC,"360 Main St, Chicago, IL 46940"
14015,Clothing Store Group,"358 Main St, Houston, NY 63020"
14016,Coffee Shop Group,"162 Main St, New York, CA 46203"
14017,Coffee Shop Co,"456 Main St, New York, NY 82285"
14018,Clothing Store LLC,"607 Main St, Los Angeles, CA 56086"
14019,Restaurant Corp,"577 Main St, Phoenix, AZ 46666"
14020,Hotel Group,"344 Main St, Phoenix, AZ 34554"
14021,Clothing Store Corp,"119 Main St, Phoenix, CA 82894"
14022,Clothing Store Corp,"335 Main St, Los Angeles, TX 23256"
14023,Pharmacy Group,"764 Main St, Los Angeles, IL 70950"
14024,Grocery Store Inc,"416 Main St, Chicago, IL 24339"
14025,Electronics Store Corp,"414 Main St, Chicago, TX 11605"
14026,Pharmacy Inc,"924 Main St, Houston, CA 90646"
14027,Electronics Store Co,"463 Main St, Chicago, TX 69845"
14028,Restaurant Co,"487 Main St, Houston, TX 82729"
14029,Coffee Shop Group,"800 Main St, Phoenix, TX 36271"
14030,Gas Station Corp,"281 Main St, New York, IL 53475"
14031,Retail Store Inc,"628 Main St, Houston, NY 21877"
14032,Grocery Store Co,"767 Main St, New York, NY 56609"
14033,Hotel Co,"290 Main St, Los Angeles, CA 11486"
14034,Retail Store LLC,"935 Main St, Los Angeles, TX 38395"
14035,Coffee Shop Co,"568 Main St, Los Angeles, IL 63929"
14036,Restaurant Co,"572 Main St, Chicago, AZ 53319"
14037,Hotel Corp,"962 Main St, Los Angeles, IL 14951"
14038,Clothing Store Corp,"851 Main St, Chicago, IL 67706"
14039,Retail Store Inc,"484 Main St, Chicago, AZ 71832"
14040,Grocery Store Co,"882 Main St, New York, CA 63910"
14041,Restaurant Corp,"623 Main St, Chicago, CA 38384"
14042,Gas Station LLC,"218 Main St, New York, CA 49329"
14043,Grocery Store Group,"455 Main St, New York, TX 13061"
14044,Grocery Store Group,"379 Main St, Phoenix, NY 28645"
14045,Clothing Store Inc,"482 Main St, Los Angeles, AZ 32671"
14046,Coffee Shop LLC,"807 Main St, Los Angeles, TX 15213"
14047,Retail Store Co,"551 Main St, Houston, NY 72469"
14048,Grocery Store LLC,"373 Main St, Los Angeles, TX 29271"
14049,Hotel Co,"181 Main St, Houston, TX 65414"
14050,Electronics Store Inc,"592 Main St, Houston, TX 81939"
14051,Hotel LLC,"492 Main St, New York, NY 56481"
14052,Coffee Shop Corp,"625 Main St, Los Angeles, NY 23009"
14053,Retail Store LLC,"842 Main St, New York, IL 20643"
14054,Coffee Shop Group,"601 Main St, Los Angeles, AZ 71394"
14055,Gas Station LLC,"629 Main St, New York, TX 11712"
14056,Clothing Store Corp,"555 Main St, Chicago, CA 66236"
14057,Gas Station LLC,"584 Main St, Houston, IL 89260"
14058,Coffee Shop Corp,"594 Main St, New York, IL 91032"
14059,Pharmacy Co,"862 Main St, New York, AZ 55631"
14060,Clothing Store LLC,"764 Main St, Los Angeles, NY 96748"
14061,Restaurant Corp,"959 Main St, Phoenix, TX 38703"
14062,Clothing Store Co,"156 Main St, Houston, TX 31248"
14063,Coffee Shop LLC,"170 Main St, Chicago, AZ 70774"
14064,Restaurant LLC,"568 Main St, Houston, IL 27438"
14065,Coffee Shop Group,"446 Main St, Phoenix, AZ 42086"
14066,Gas Station Co,"540 Main St, Phoenix, NY 90508"
14067,Restaurant Corp,"185 Main St, Los Angeles, TX 60627"
14068,Pharmacy Co,"648 Main St, Phoenix, NY 80964"
14069,Pharmacy Inc,"230 Main St, Houston, IL 96634"
14070,Grocery Store Group,"219 Main St, New York, AZ 52629"
14071,Clothing Store Corp,"932 Main St, Los Angeles, AZ 40694"
14072,Gas Station Co,"428 Main St, New York, TX 27499"
14073,Pharmacy Corp,"741 Main St, New York, IL 81598"
14074,Coffee Shop Group,"819 Main St, Chicago, AZ 96831"
14075,Pharmacy Co,"991 Main St, Houston, IL 29658"
14076,Clothing Store Group,"218 Main St, Houston, NY 93636"
14077,Clothing Store LLC,"867 Main St, Los Angeles, CA 34180"
14078,Clothing Store Co,"679 Main St, Los Angeles, CA 81855"
14079,Grocery Store Co,"760 Main St, Chicago, AZ 42400"
14080,Retail Store Group,"798 Main St, Los Angeles, IL 69574"
14081,Gas Station Co,"228 Main St, Phoenix, NY 86460"
14082,Coffee Shop Group,"774 Main St, Houston, AZ 85410"
14083,Gas Station Group,"450 Main St, Chicago, TX 44069"
14084,Electronics Store LLC,"373 Main St, Phoenix, IL 18756"
14085,Hotel Co,"211 Main St, Chicago, NY 13162"
14086,Grocery Store Corp,"251 Main St, Phoenix, TX 14282"
14087,Pharmacy Corp,"432 Main St, Phoenix, IL 26897"
14088,Electronics Store LLC,"964 Main St, Phoenix, AZ 85470"
14089,Grocery Store Inc,"406 Main St, Phoenix, IL 50861"
14090,Clothing Store Inc,"794 Main St, Chicago, TX 89956"
14091,Electronics Store Group,"610 Main St, Chicago, IL 49309"
14092,Retail Store LLC,"202 Main St, Chicago, CA 34258"
14093,Clothing Store Inc,"439 Main St, Chicago, TX 70379"
14094,Hotel Co,"645 Main St, Houston, NY 92832"
14095,Hotel Group,"179 Main St, Los Angeles, CA 65463"
14096,Electronics Store Group,"798 Main St, Los Angeles, IL 22713"
14097,Coffee Shop Corp,"158 Main St, Houston, TX 86812"
14098,Electronics Store Group,"102 Main St, New York, NY 77956"
14099,Hotel Co,"625 Main St, Chicago, TX 42995"
14100,Pharmacy Group,"546 Main St, Los Angeles, TX 55477"
14101,Restaurant Group,"403 Main St, Houston, IL 79125"
14102,Clothing Store Inc,"567 Main St, New York, AZ 28741"
14103,Electronics Store Corp,"376 Main St, Phoenix, IL 74375"
14104,Coffee Shop Group,"212 Main St, New York, TX 85994"
14105,Grocery Store Inc,"983 Main St, Houston, CA 99419"
14106,Pharmacy Co,"100 Main St, Chicago, TX 12823"
14107,Retail Store LLC,"680 Main St, Houston, IL 38950"
14108,Gas Station Group,"631 Main St, New York, CA 71666"
14109,Coffee Shop LLC,"559 Main St, Los Angeles, CA 59809"
14110,Grocery Store LLC,"230 Main St, Chicago, IL 29264"
14111,Clothing Store Co,"892 Main St, Los Angeles, IL 73566"
14112,Hotel Corp,"535 Main St, Los Angeles, IL 12725"
14113,Grocery Store LLC,"571 Main St, Los Angeles, NY 54861"
14114,Pharmacy Corp,"351 Main St, New York, AZ 64049"
14115,Hotel LLC,"861 Main St, New York, AZ 89375"
14116,Restaurant Corp,"873 Main St, Los Angeles, NY 44048"
14117,Pharmacy Co,"651 Main St, Chicago, AZ 94436"
14118,Restaurant Corp,"175 Main St, Houston, NY 78293"
14119,Hotel Group,"782 Main St, Chicago, IL 12977"
14120,Restaurant Co,"499 Main St, Houston, AZ 37573"
14121,Restaurant Group,"380 Main St, Chicago, NY 97111"
14122,Hotel Co,"237 Main St, Los Angeles, IL 39417"
14123,Coffee Shop Group,"921 Main St, Houston, TX 41125"
14124,Pharmacy LLC,"101 Main St, Houston, AZ 58091"
14125,Hotel LLC,"166 Main St, Houston, CA 93564"
14126,Gas Station Group,"327 Main St, Chicago, TX 89024"
14127,Clothing Store LLC,"684 Main St, Chicago, CA 18084"
14128,Retail Store Corp,"328 Main St, Houston, IL 60191"
14129,Restaurant Inc,"584 Main St, Phoenix, AZ 88456"
14130,Clothing Store Co,"453 Main St, Houston, CA 60710"
14131,Gas Station Group,"807 Main St, New York, CA 59411"
14132,Pharmacy Corp,"582 Main St, Houston, TX 83836"
14133,Hotel LLC,"289 Main St, New York, IL 79045"
14134,Electronics Store Inc,"635 Main St, Houston, AZ 75768"
14135,Grocery Store Inc,"205 Main St, New York, IL 15073"
14136,Hotel LLC,"135 Main St, Houston, IL 38781"
14137,Clothing Store Inc,"417 Main St, Los Angeles, TX 82568"
14138,Restaurant LLC,"888 Main St, Houston, NY 87098"
14139,Gas Station Group,"626 Main St, Los Angeles, CA 62104"
14140,Coffee Shop Corp,"709 Main St, Los Angeles, NY 25426"
14141,Clothing Store Group,"345 Main St, Houston, CA 17690"
14142,Gas Station Inc,"918 Main St, Los Angeles, AZ 13951"
14143,Retail Store Co,"614 Main St, Phoenix, CA 78733"
14144,Gas Station LLC,"819 Main St, Chicago, AZ 79543"
14145,Hotel LLC,"481 Main St, Chicago, IL 24866"
14146,Pharmacy Co,"158 Main St, Chicago, CA 74975"
14147,Hotel Inc,"567 Main St, New York, IL 94193"
14148,Coffee Shop LLC,"636 Main St, New York, TX 68111"
14149,Grocery Store Corp,"634 Main St, Los Angeles, AZ 97258"
14150,Clothing Store Inc,"975 Main St, Chicago, IL 34972"
14151,Pharmacy LLC,"879 Main St, Chicago, AZ 57262"
14152,Hotel LLC,"520 Main St, Phoenix, IL 17614"
14153,Grocery Store Corp,"878 Main St, Los Angeles, CA 19009"
14154,Electronics Store Co,"892 Main St, Los Angeles, AZ 18498"
14155,Clothing Store LLC,"313 Main St, Houston, AZ 81729"
14156,Pharmacy Corp,"943 Main St, Houston, TX 39039"
14157,Electronics Store Group,"741 Main St, Phoenix, NY 26944"
14158,Retail Store LLC,"219 Main St, Chicago, TX 10338"
14159,Pharmacy Group,"767 Main St, Phoenix, NY 51601"
14160,Grocery Store Co,"533 Main St, Chicago, IL 99487"
14161,Electronics Store Inc,"281 Main St, Phoenix, CA 41457"
14162,Pharmacy Co,"410 Main St, Phoenix, CA 48872"
14163,Restaurant Inc,"981 Main St, New York, IL 32508"
14164,Pharmacy Inc,"298 Main St, New York, TX 46896"
14165,Hotel Co,"674 Main St, Houston, IL 62059"
14166,Restaurant LLC,"535 Main St, New York, CA 80532"
14167,Restaurant LLC,"342 Main St, Chicago, AZ 82313"
14168,Restaurant LLC,"300 Main St, New York, AZ 48182"
14169,Restaurant Co,"747 Main St, Chicago, AZ 59660"
14170,Hotel Corp,"670 Main St, Chicago, CA 41177"
14171,Clothing Store Co,"298 Main St, New York, IL 89024"
14172,Hotel Inc,"604 Main St, Houston, IL 46661"
14173,Coffee Shop Co,"625 Main St, New York, IL 58507"
14174,Pharmacy Corp,"830 Main St, Chicago, CA 63542"
14175,Coffee Shop Corp,"774 Main St, New York, AZ 95139"
14176,Electronics Store Corp,"268 Main St, New York, TX 16679"
14177,Coffee Shop LLC,"116 Main St, New York, IL 40630"
14178,Hotel LLC,"227 Main St, Phoenix, CA 41156"
14179,Grocery Store Co,"181 Main St, Phoenix, AZ 43348"
14180,Grocery Store Inc,"729 Main St, Houston, IL 56510"
14181,Pharmacy Corp,"959 Main St, Los Angeles, TX 52703"
14182,Coffee Shop Group,"651 Main St, New York, AZ 68776"
14183,Gas Station Group,"711 Main St, New York, AZ 23947"
14184,Clothing Store Corp,"559 Main St, Chicago, TX 33969"
14185,Retail Store Inc,"159 Main St, Houston, AZ 37083"
14186,Coffee Shop Corp,"713 Main St, Phoenix, TX 18723"
14187,Restaurant Corp,"174 Main St, New York, CA 54133"
14188,Grocery Store Group,"931 Main St, Houston, TX 27688"
14189,Clothing Store Co,"894 Main St, New York, CA 91148"
14190,Coffee Shop Corp,"515 Main St, Phoenix, NY 84349"
14191,Electronics Store Corp,"755 Main St, Chicago, NY 37839"
14192,Gas Station Corp,"358 Main St, Houston, CA 51129"
14193,Hotel LLC,"628 Main St, Los Angeles, IL 60365"
14194,Pharmacy Inc,"938 Main St, Chicago, CA 74419"
14195,Clothing Store Inc,"398 Main St, New York, IL 62649"
14196,Grocery Store LLC,"960 Main St, Los Angeles, CA 53449"
14197,Hotel Co,"748 Main St, Houston, NY 93174"
14198,Retail Store Corp,"490 Main St, New York, CA 45833"
14199,Gas Station Group,"612 Main St, Los Angeles, NY 37467"
14200,Retail Store Inc,"132 Main St, Phoenix, NY 33859"
14201,Gas Station LLC,"306 Main St, New York, IL 71441"
14202,Clothing Store Corp,"747 Main St, Chicago, AZ 52584"
14203,Coffee Shop Group,"843 Main St, New York, IL 95651"
14204,Clothing Store Co,"560 Main St, Phoenix, TX 90957"
14205,Hotel Inc,"199 Main St, Chicago, TX 88035"
14206,Gas Station Corp,"112 Main St, New York, CA 54494"
14207,Coffee Shop Corp,"958 Main St, Houston, TX 47318"
14208,Restaurant Co,"309 Main St, Phoenix, IL 52340"
14209,Electronics Store Inc,"835 Main St, Phoenix, TX 44190"
14210,Grocery Store Inc,"839 Main St, Los Angeles, IL 92807"
14211,Hotel Inc,"296 Main St, Chicago, NY 29678"
14212,Grocery Store Inc,"865 Main St, Los Angeles, TX 60802"
14213,Gas Station Corp,"903 Main St, Houston, NY 15288"
14214,Hotel Co,"573 Main St, New York, CA 26220"
14215,Clothing Store Co,"129 Main St, Chicago, AZ 70826"
14216,Pharmacy Group,"223 Main St, New York, AZ 69174"
14217,Restaurant Corp,"562 Main St, Houston, CA 32302"
14218,Retail Store Co,"490 Main St, Chicago, TX 33213"
14219,Clothing Store Inc,"739 Main St, Houston, TX 81136"
14220,Gas Station Inc,"769 Main St, Los Angeles, IL 94233"
14221,Grocery Store Corp,"571 Main St, Los Angeles, AZ 94324"
14222,Hotel Inc,"177 Main St, Chicago, NY 10496"
14223,Clothing Store Corp,"385 Main St, Los Angeles, TX 37557"
14224,Coffee Shop LLC,"685 Main St, Los Angeles, NY 60408"
14225,Coffee Shop Co,"854 Main St, New York, IL 35468"
14226,Retail Store LLC,"713 Main St, Chicago, TX 87407"
14227,Grocery Store Co,"267 Main St, Chicago, IL 65793"
14228,Hotel Corp,"561 Main St, Phoenix, TX 23903"
14229,Retail Store Corp,"235 Main St, New York, NY 30065"
14230,Retail Store Co,"438 Main St, Phoenix, IL 43548"
14231,Hotel Corp,"698 Main St, New York, TX 84827"
14232,Grocery Store Co,"238 Main St, Los Angeles, IL 62309"
14233,Pharmacy Corp,"910 Main St, Chicago, TX 72866"
14234,Clothing Store Co,"578 Main St, Chicago, TX 59573"
14235,Hotel Group,"272 Main St, Houston, AZ 77349"
14236,Restaurant LLC,"848 Main St, Houston, CA 24016"
14237,Hotel Corp,"795 Main St, New York, TX 54653"
14238,Gas Station Inc,"413 Main St, Houston, AZ 53142"
14239,Electronics Store LLC,"316 Main St, New York, AZ 16896"
14240,Gas Station Group,"571 Main St, Phoenix, AZ 34183"
14241,Gas Station LLC,"649 Main St, Chicago, NY 99315"
14242,Gas Station Corp,"219 Main St, Los Angeles, IL 99561"
14243,Coffee Shop Inc,"867 Main St, Phoenix, TX 95184"
14244,Gas Station LLC,"453 Main St, New York, NY 24143"
14245,Restaurant LLC,"228 Main St, Los Angeles, CA 66577"
14246,Gas Station Inc,"573 Main St, New York, TX 34879"
14247,Electronics Store Group,"889 Main St, Los Angeles, CA 67733"
14248,Clothing Store Inc,"241 Main St, New York, NY 89547"
14249,Gas Station Co,"972 Main St, New York, TX 42534"
14250,Electronics Store Group,"391 Main St, Houston, CA 12497"
14251,Hotel LLC,"807 Main St, Chicago, NY 54390"
14252,Electronics Store Co,"841 Main St, Los Angeles, CA 70282"
14253,Electronics Store Inc,"546 Main St, Phoenix, CA 71980"
14254,Gas Station Corp,"265 Main St, New York, CA 75346"
14255,Electronics Store Corp,"406 Main St, Chicago, CA 82804"
14256,Coffee Shop Co,"700 Main St, Phoenix, NY 49137"
14257,Pharmacy Co,"528 Main St, Chicago, CA 95773"
14258,Grocery Store Group,"968 Main St, Los Angeles, IL 50315"
14259,Grocery Store LLC,"544 Main St, Phoenix, NY 89250"
14260,Electronics Store LLC,"805 Main St, Chicago, CA 45130"
14261,Retail Store Corp,"234 Main St, Houston, AZ 10251"
14262,Pharmacy Co,"488 Main St, Chicago, NY 59401"
14263,Pharmacy Inc,"273 Main St, Houston, CA 73176"
14264,Clothing Store Co,"134 Main St, Los Angeles, AZ 58551"
14265,Hotel Co,"335 Main St, New York, NY 97593"
14266,Electronics Store Inc,"687 Main St, Phoenix, NY 57543"
14267,Gas Station LLC,"493 Main St, Phoenix, CA 83493"
14268,Electronics Store Inc,"634 Main St, New York, AZ 83378"
14269,Retail Store Inc,"696 Main St, Los Angeles, CA 87816"
14270,Retail Store Corp,"709 Main St, Chicago, TX 58648"
14271,Pharmacy Inc,"781 Main St, Los Angeles, CA 68526"
14272,Clothing Store Corp,"749 Main St, New York, TX 88355"
14273,Clothing Store Corp,"505 Main St, Phoenix, IL 74755"
14274,Clothing Store Corp,"936 Main St, Phoenix, NY 75312"
14275,Gas Station Group,"197 Main St, Houston, NY 91483"
14276,Electronics Store Co,"317 Main St, Los Angeles, CA 61964"
14277,Coffee Shop LLC,"968 Main St, New York, TX 54064"
14278,Retail Store Co,"325 Main St, Phoenix, AZ 63549"
14279,Grocery Store LLC,"959 Main St, Houston, AZ 52713"
14280,Restaurant LLC,"559 Main St, Phoenix, NY 74360"
14281,Retail Store Group,"871 Main St, Phoenix, IL 48833"
14282,Clothing Store Group,"490 Main St, Chicago, CA 40893"
14283,Clothing Store Inc,"323 Main St, Houston, NY 47357"
14284,Restaurant Co,"688 Main St, Houston, AZ 83705"
14285,Clothing Store Co,"426 Main St, Chicago, IL 47351"
14286,Grocery Store Corp,"442 Main St, New York, AZ 72583"
14287,Hotel Inc,"833 Main St, Chicago, AZ 86989"
14288,Pharmacy Inc,"905 Main St, New York, IL 45708"
14289,Pharmacy Co,"550 Main St, Phoenix, IL 19222"
14290,Clothing Store Group,"591 Main St, New York, AZ 68752"
14291,Hotel Group,"183 Main St, Chicago, IL 52414"
14292,Pharmacy LLC,"176 Main St, Chicago, TX 43693"
14293,Gas Station LLC,"497 Main St, Houston, IL 55263"
14294,Electronics Store Corp,"245 Main St, New York, CA 46610"
14295,Coffee Shop Group,"522 Main St, New York, TX 78373"
14296,Pharmacy Corp,"117 Main St, Houston, IL 30433"
14297,Hotel Group,"480 Main St, New York, NY 77996"
14298,Hotel Group,"953 Main St, Los Angeles, TX 30577"
14299,Pharmacy Co,"263 Main St, Houston, TX 55533"
14300,Restaurant Group,"858 Main St, New York, CA 28670"
14301,Grocery Store Corp,"268 Main St, Houston, CA 75326"
14302,Clothing Store LLC,"852 Main St, Los Angeles, IL 88778"
14303,Grocery Store Corp,"947 Main St, Chicago, AZ 10649"
14304,Pharmacy Co,"188 Main St, Chicago, CA 35852"
14305,Restaurant Co,"742 Main St, Los Angeles, NY 22386"
14306,Restaurant Co,"742 Main St, Houston, IL 24306"
14307,Hotel Co,"194 Main St, Houston, AZ 81379"
14308,Pharmacy Group,"656 Main St, Los Angeles, CA 15873"
14309,Electronics Store Corp,"393 Main St, New York, AZ 60033"
14310,Pharmacy LLC,"147 Main St, New York, IL 52997"
14311,Grocery Store Group,"198 Main St, Houston, AZ 21876"
14312,Electronics Store LLC,"800 Main St, Phoenix, IL 54041"
14313,Electronics Store Inc,"114 Main St, Houston, NY 44037"
14314,Coffee Shop Group,"505 Main St, Phoenix, AZ 39200"
14315,Pharmacy Corp,"658 Main St, Los Angeles, IL 79351"
14316,Electronics Store LLC,"270 Main St, Phoenix, TX 72287"
14317,Gas Station Inc,"225 Main St, Houston, AZ 39101"
14318,Retail Store Corp,"808 Main St, Houston, IL 89066"
14319,Hotel Group,"324 Main St, New York, CA 31924"
14320,Electronics Store LLC,"873 Main St, Phoenix, TX 84550"
14321,Clothing Store Corp,"224 Main St, Chicago, TX 26761"
14322,Retail Store Co,"248 Main St, Houston, IL 53670"
14323,Hotel Inc,"139 Main St, New York, TX 59803"
14324,Grocery Store Group,"218 Main St, Chicago, AZ 63508"
14325,Grocery Store LLC,"286 Main St, New York, AZ 37910"
14326,Electronics Store Co,"671 Main St, Phoenix, TX 75444"
14327,Retail Store Corp,"798 Main St, Chicago, IL 30110"
14328,Hotel LLC,"922 Main St, New York, CA 51424"
14329,Pharmacy Corp,"555 Main St, Houston, AZ 55914"
14330,Pharmacy Co,"410 Main St, Houston, AZ 31228"
14331,Grocery Store Group,"681 Main St, Chicago, IL 98052"
14332,Clothing Store Inc,"618 Main St, Los Angeles, AZ 39217"
14333,Retail Store Corp,"108 Main St, Phoenix, TX 93008"
14334,Hotel Co,"589 Main St, Los Angeles, AZ 92029"
14335,Retail Store Inc,"170 Main St, Phoenix, AZ 73013"
14336,Hotel Corp,"233 Main St, Phoenix, AZ 29651"
14337,Clothing Store Corp,"729 Main St, Houston, TX 79952"
14338,Coffee Shop Group,"583 Main St, Los Angeles, CA 32420"
14339,Pharmacy Corp,"953 Main St, Los Angeles, AZ 26754"
14340,Hotel LLC,"446 Main St, Phoenix, NY 13200"
14341,Electronics Store LLC,"498 Main St, Houston, AZ 33507"
14342,Hotel LLC,"971 Main St, Chicago, AZ 65570"
14343,Retail Store Inc,"551 Main St, Los Angeles, AZ 43998"
14344,Gas Station LLC,"248 Main St, Phoenix, AZ 94730"
14345,Pharmacy Inc,"235 Main St, New York, CA 92419"
14346,Retail Store Co,"791 Main St, New York, NY 98466"
14347,Retail Store Co,"589 Main St, New York, NY 30350"
14348,Clothing Store Inc,"514 Main St, New York, AZ 40891"
14349,Clothing Store Group,"305 Main St, Los Angeles, IL 71770"
14350,Pharmacy Inc,"441 Main St, Chicago, CA 36650"
14351,Clothing Store LLC,"407 Main St, New York, TX 61611"
14352,Pharmacy Inc,"180 Main St, Phoenix, IL 56593"
14353,Restaurant Group,"575 Main St, Phoenix, IL 52550"
14354,Restaurant Inc,"315 Main St, Los Angeles, TX 31945"
14355,Retail Store Co,"203 Main St, Houston, IL 60342"
14356,Restaurant Corp,"559 Main St, Phoenix, CA 71223"
14357,Hotel Inc,"831 Main St, Chicago, TX 66484"
14358,Hotel Co,"211 Main St, Chicago, NY 47341"
14359,Clothing Store Inc,"252 Main St, Phoenix, CA 76889"
14360,Hotel Inc,"438 Main St, Houston, IL 48350"
14361,Restaurant Group,"165 Main St, Los Angeles, CA 46742"
14362,Electronics Store Co,"171 Main St, Phoenix, IL 38552"
14363,Pharmacy Group,"396 Main St, Chicago, CA 65022"
14364,Electronics Store LLC,"769 Main St, Houston, AZ 45126"
14365,Coffee Shop LLC,"916 Main St, Chicago, AZ 39344"
14366,Gas Station Co,"510 Main St, New York, CA 17971"
14367,Hotel Inc,"541 Main St, Phoenix, AZ 73402"
14368,Pharmacy Group,"723 Main St, New York, NY 56358"
14369,Hotel LLC,"325 Main St, Houston, CA 12301"
14370,Gas Station Group,"229 Main St, Los Angeles, CA 20996"
14371,Electronics Store Group,"182 Main St, Los Angeles, AZ 37867"
14372,Retail Store LLC,"449 Main St, Phoenix, CA 21572"
14373,Retail Store Group,"887 Main St, Houston, TX 18808"
14374,Grocery Store Inc,"515 Main St, Chicago, CA 43711"
14375,Restaurant Group,"587 Main St, Chicago, TX 81145"
14376,Grocery Store Co,"177 Main St, Chicago, CA 68700"
14377,Clothing Store Co,"388 Main St, New York, AZ 45109"
14378,Restaurant Group,"341 Main St, Los Angeles, CA 81850"
14379,Hotel LLC,"800 Main St, New York, IL 53253"
14380,Coffee Shop Inc,"296 Main St, Houston, TX 11368"
14381,Grocery Store LLC,"711 Main St, Houston, NY 47431"
14382,Electronics Store Co,"866 Main St, Los Angeles, CA 16066"
14383,Hotel Corp,"507 Main St, New York, TX 28072"
14384,Hotel LLC,"218 Main St, New York, IL 70914"
14385,Pharmacy Inc,"616 Main St, New York, IL 94275"
14386,Restaurant Inc,"442 Main St, New York, CA 90161"
14387,Retail Store Group,"415 Main St, New York, CA 79346"
14388,Clothing Store Inc,"787 Main St, Chicago, NY 52230"
14389,Restaurant Corp,"957 Main St, Phoenix, AZ 71212"
14390,Electronics Store Co,"842 Main St, Houston, AZ 36026"
14391,Retail Store Inc,"795 Main St, Houston, IL 25675"
14392,Retail Store Co,"141 Main St, Houston, CA 11647"
14393,Grocery Store Corp,"664 Main St, Chicago, NY 35452"
14394,Coffee Shop Inc,"152 Main St, New York, TX 56748"
14395,Gas Station LLC,"373 Main St, Chicago, NY 76989"
14396,Hotel Inc,"962 Main St, Chicago, CA 20426"
14397,Restaurant LLC,"875 Main St, Los Angeles, IL 57867"
14398,Retail Store Inc,"546 Main St, Los Angeles, IL 92589"
14399,Hotel LLC,"564 Main St, New York, CA 38244"
14400,Grocery Store Inc,"633 Main St, Phoenix, NY 92723"
14401,Retail Store Corp,"164 Main St, New York, TX 65695"
14402,Restaurant Group,"333 Main St, Phoenix, AZ 54824"
14403,Pharmacy Group,"252 Main St, Chicago, NY 50526"
14404,Hotel Group,"258 Main St, Chicago, IL 45102"
14405,Clothing Store Corp,"697 Main St, New York, CA 48276"
14406,Electronics Store LLC,"827 Main St, Phoenix, AZ 20889"
14407,Coffee Shop LLC,"131 Main St, Phoenix, NY 70158"
14408,Coffee Shop Corp,"533 Main St, Phoenix, TX 90658"
14409,Retail Store Corp,"514 Main St, Phoenix, TX 59309"
14410,Restaurant Co,"603 Main St, Houston, CA 39438"
14411,Restaurant Group,"505 Main St, Houston, AZ 71923"
14412,Pharmacy Inc,"497 Main St, Chicago, AZ 13801"
14413,Pharmacy LLC,"387 Main St, New York, IL 21272"
14414,Coffee Shop LLC,"243 Main St, Phoenix, CA 16526"
14415,Coffee Shop LLC,"169 Main St, Phoenix, NY 54939"
14416,Electronics Store Co,"333 Main St, Los Angeles, CA 16053"
14417,Pharmacy Inc,"783 Main St, New York, NY 55495"
14418,Gas Station Group,"456 Main St, Los Angeles, AZ 69437"
14419,Retail Store Co,"688 Main St, New York, NY 65975"
14420,Restaurant Corp,"930 Main St, Phoenix, AZ 71795"
14421,Gas Station Group,"911 Main St, New York, TX 73927"
14422,Clothing Store Inc,"289 Main St, New York, NY 10171"
14423,Coffee Shop Inc,"347 Main St, Chicago, NY 12566"
14424,Retail Store Inc,"620 Main St, New York, IL 93209"
14425,Electronics Store LLC,"536 Main St, Houston, NY 36212"
14426,Pharmacy LLC,"617 Main St, New York, CA 50987"
14427,Clothing Store Inc,"327 Main St, Houston, IL 38657"
14428,Restaurant Inc,"543 Main St, Phoenix, NY 93731"
14429,Coffee Shop Group,"398 Main St, Los Angeles, TX 12025"
14430,Coffee Shop Group,"582 Main St, Phoenix, NY 60250"
14431,Pharmacy Group,"388 Main St, New York, NY 46263"
14432,Coffee Shop Group,"958 Main St, Houston, AZ 66314"
14433,Retail Store Corp,"154 Main St, Los Angeles, NY 30652"
14434,Retail Store LLC,"660 Main St, Phoenix, CA 92952"
14435,Hotel Group,"469 Main St, Houston, IL 33999"
14436,Retail Store Inc,"333 Main St, Chicago, CA 77821"
14437,Retail Store Corp,"367 Main St, Los Angeles, CA 76783"
14438,Clothing Store Group,"995 Main St, New York, AZ 99379"
14439,Retail Store Inc,"690 Main St, Chicago, IL 67847"
14440,Retail Store Inc,"510 Main St, Houston, NY 62589"
14441,Grocery Store Corp,"376 Main St, Houston, CA 82212"
14442,Restaurant Corp,"297 Main St, New York, IL 74080"
14443,Clothing Store LLC,"815 Main St, New York, NY 71404"
14444,Pharmacy Group,"878 Main St, Los Angeles, AZ 91875"
14445,Clothing Store Group,"943 Main St, Phoenix, IL 39936"
14446,Coffee Shop Co,"712 Main St, Phoenix, TX 35865"
14447,Clothing Store Co,"339 Main St, Los Angeles, AZ 20061"
14448,Clothing Store LLC,"743 Main St, Los Angeles, NY 54008"
14449,Electronics Store LLC,"564 Main St, Houston, AZ 15721"
14450,Hotel Corp,"310 Main St, Houston, TX 76869"
14451,Restaurant Corp,"682 Main St, Chicago, IL 95876"
14452,Restaurant Inc,"256 Main St, Los Angeles, NY 67800"
14453,Clothing Store LLC,"433 Main St, Los Angeles, IL 37784"
14454,Retail Store Corp,"116 Main St, Phoenix, CA 25162"
14455,Retail Store Group,"494 Main St, Los Angeles, TX 91781"
14456,Pharmacy Inc,"854 Main St, Houston, IL 99849"
14457,Clothing Store Group,"904 Main St, Los Angeles, NY 14491"
14458,Grocery Store Inc,"762 Main St, New York, TX 49618"
14459,Retail Store Corp,"566 Main St, Los Angeles, NY 71489"
14460,Gas Station Corp,"236 Main St, Houston, IL 69052"
14461,Retail Store Corp,"844 Main St, Los Angeles, CA 69815"
14462,Electronics Store Corp,"741 Main St, Chicago, IL 25951"
14463,Restaurant Corp,"365 Main St, Phoenix, IL 57037"
14464,Clothing Store Corp,"964 Main St, Houston, IL 91181"
14465,Coffee Shop Inc,"149 Main St, Chicago, NY 34082"
14466,Coffee Shop Corp,"499 Main St, New York, CA 78057"
14467,Coffee Shop Co,"799 Main St, Houston, NY 50465"
14468,Coffee Shop Group,"271 Main St, New York, TX 60328"
14469,Gas Station Group,"463 Main St, New York, AZ 27655"
14470,Pharmacy Co,"669 Main St, Los Angeles, CA 72112"
14471,Clothing Store Co,"881 Main St, Houston, IL 62800"
14472,Restaurant LLC,"882 Main St, Houston, AZ 19242"
14473,Retail Store Group,"247 Main St, Chicago, TX 27193"
14474,Pharmacy Corp,"107 Main St, Chicago, AZ 81071"
14475,Gas Station LLC,"508 Main St, New York, NY 88106"
14476,Restaurant Corp,"543 Main St, Houston, IL 40664"
14477,Gas Station Corp,"660 Main St, New York, CA 80173"
14478,Grocery Store Corp,"364 Main St, Los Angeles, AZ 12230"
14479,Pharmacy Co,"584 Main St, Los Angeles, CA 48781"
14480,Clothing Store Co,"642 Main St, Phoenix, AZ 66164"
14481,Restaurant LLC,"783 Main St, New York, NY 23888"
14482,Grocery Store Co,"371 Main St, Los Angeles, CA 58324"
14483,Pharmacy Group,"663 Main St, Los Angeles, AZ 74478"
14484,Electronics Store Group,"547 Main St, New York, AZ 21466"
14485,Clothing Store Group,"355 Main St, Los Angeles, CA 21032"
14486,Pharmacy LLC,"434 Main St, Houston, NY 87335"
14487,Clothing Store Group,"560 Main St, Los Angeles, NY 62233"
14488,Hotel Inc,"975 Main St, Los Angeles, NY 68536"
14489,Restaurant Co,"379 Main St, Chicago, CA 94710"
14490,Electronics Store Inc,"925 Main St, Chicago, AZ 86380"
14491,Hotel Inc,"858 Main St, Phoenix, TX 14325"
14492,Electronics Store Corp,"627 Main St, New York, AZ 92863"
14493,Restaurant Co,"242 Main St, Los Angeles, AZ 74172"
14494,Clothing Store Inc,"236 Main St, Phoenix, CA 68311"
14495,Hotel LLC,"620 Main St, Chicago, AZ 85993"
14496,Gas Station LLC,"425 Main St, New York, IL 89325"
14497,Pharmacy Co,"557 Main St, New York, TX 82370"
14498,Grocery Store Co,"312 Main St, Chicago, TX 50929"
14499,Electronics Store Co,"928 Main St, Houston, NY 20331"
14500,Electronics Store Inc,"700 Main St, New York, AZ 28581"
14501,Clothing Store Corp,"260 Main St, Houston, AZ 81416"
14502,Restaurant Group,"141 Main St, Los Angeles, TX 85361"
14503,Pharmacy Group,"638 Main St, New York, IL 94508"
14504,Clothing Store Co,"727 Main St, New York, IL 49345"
14505,Coffee Shop LLC,"796 Main St, Chicago, CA 90731"
14506,Pharmacy Corp,"471 Main St, Phoenix, IL 11737"
14507,Grocery Store Corp,"718 Main St, Phoenix, IL 86669"
14508,Gas Station Co,"112 Main St, Houston, IL 59229"
14509,Retail Store Co,"390 Main St, Chicago, NY 57853"
14510,Clothing Store Group,"306 Main St, Chicago, CA 92035"
14511,Pharmacy Co,"349 Main St, New York, TX 94295"
14512,Restaurant Inc,"715 Main St, Chicago, NY 22328"
14513,Grocery Store LLC,"531 Main St, Chicago, TX 49360"
14514,Restaurant Inc,"717 Main St, Phoenix, AZ 87931"
14515,Hotel Corp,"347 Main St, Chicago, IL 28636"
14516,Coffee Shop Group,"176 Main St, New York, NY 27231"
14517,Electronics Store Corp,"814 Main St, New York, IL 52084"
14518,Retail Store Corp,"820 Main St, Houston, IL 28925"
14519,Retail Store Group,"436 Main St, Houston, CA 13900"
14520,Electronics Store Group,"194 Main St, Houston, IL 38086"
14521,Pharmacy Co,"489 Main St, Phoenix, NY 91525"
14522,Restaurant LLC,"585 Main St, Chicago, IL 95975"
14523,Clothing Store Inc,"201 Main St, Phoenix, CA 98472"
14524,Hotel Co,"695 Main St, Los Angeles, AZ 80189"
14525,Hotel Group,"506 Main St, Chicago, CA 93339"
14526,Retail Store Corp,"338 Main St, Los Angeles, NY 40847"
14527,Gas Station Group,"179 Main St, Los Angeles, IL 85121"
14528,Coffee Shop Inc,"628 Main St, Houston, AZ 30118"
14529,Electronics Store Corp,"707 Main St, Phoenix, AZ 56953"
14530,Retail Store Corp,"918 Main St, Los Angeles, TX 82443"
14531,Restaurant LLC,"343 Main St, Los Angeles, AZ 52168"
14532,Gas Station Corp,"714 Main St, Phoenix, IL 46815"
14533,Retail Store Corp,"403 Main St, Los Angeles, TX 43947"
14534,Retail Store Co,"884 Main St, Chicago, TX 55458"
14535,Gas Station Co,"537 Main St, Chicago, IL 91856"
14536,Electronics Store Group,"552 Main St, Phoenix, CA 81174"
14537,Restaurant Co,"300 Main St, Chicago, TX 68799"
14538,Grocery Store Group,"498 Main St, Los Angeles, CA 82265"
14539,Grocery Store Corp,"279 Main St, Phoenix, AZ 12406"
14540,Retail Store Inc,"548 Main St, New York, AZ 79580"
14541,Electronics Store Group,"695 Main St, Houston, IL 70591"
14542,Electronics Store Corp,"786 Main St, Los Angeles, AZ 57814"
14543,Grocery Store LLC,"875 Main St, Los Angeles, NY 55273"
14544,Electronics Store Co,"468 Main St, Chicago, IL 39303"
14545,Retail Store Inc,"210 Main St, Chicago, IL 66143"
14546,Grocery Store Inc,"139 Main St, Los Angeles, IL 48477"
14547,Retail Store Group,"935 Main St, Chicago, IL 48468"
14548,Coffee Shop Inc,"183 Main St, Houston, IL 58564"
14549,Electronics Store LLC,"548 Main St, Chicago, TX 85691"
14550,Pharmacy Group,"323 Main St, New York, TX 90186"
14551,Hotel Group,"981 Main St, Los Angeles, AZ 57950"
14552,Hotel Corp,"532 Main St, Chicago, NY 24039"
14553,Pharmacy Group,"775 Main St, Phoenix, NY 13426"
14554,Grocery Store LLC,"114 Main St, Chicago, NY 39580"
14555,Pharmacy LLC,"962 Main St, Phoenix, TX 38324"
14556,Retail Store Group,"941 Main St, Chicago, IL 49915"
14557,Pharmacy Inc,"249 Main St, Chicago, AZ 59059"
14558,Coffee Shop Inc,"663 Main St, Los Angeles, AZ 39013"
14559,Electronics Store Co,"422 Main St, Phoenix, CA 79260"
14560,Coffee Shop Corp,"417 Main St, Phoenix, IL 84723"
14561,Pharmacy Group,"471 Main St, Houston, TX 14094"
14562,Grocery Store Corp,"601 Main St, Phoenix, IL 93564"
14563,Retail Store Inc,"196 Main St, Phoenix, NY 31462"
14564,Pharmacy Group,"485 Main St, Chicago, AZ 46946"
14565,Retail Store Co,"656 Main St, Chicago, IL 55524"
14566,Restaurant LLC,"196 Main St, Phoenix, TX 39597"
14567,Hotel Group,"179 Main St, Phoenix, CA 80209"
14568,Retail Store Co,"504 Main St, Los Angeles, CA 24266"
14569,Retail Store Co,"880 Main St, Phoenix, CA 85454"
14570,Restaurant Co,"740 Main St, Phoenix, AZ 94565"
14571,Pharmacy Corp,"304 Main St, Phoenix, IL 70245"
14572,Coffee Shop Corp,"870 Main St, New York, AZ 98889"
14573,Hotel LLC,"270 Main St, Chicago, TX 15229"
14574,Electronics Store LLC,"919 Main St, New York, IL 34465"
14575,Electronics Store Co,"334 Main St, New York, NY 70826"
14576,Retail Store Inc,"844 Main St, Phoenix, CA 10141"
14577,Coffee Shop Co,"731 Main St, Chicago, CA 60551"
14578,Coffee Shop Corp,"946 Main St, Phoenix, NY 15346"
14579,Restaurant Group,"550 Main St, Houston, TX 21043"
14580,Electronics Store Group,"413 Main St, Houston, CA 78583"
14581,Pharmacy LLC,"774 Main St, Houston, NY 75911"
14582,Retail Store Co,"638 Main St, Chicago, TX 30115"
14583,Restaurant Group,"626 Main St, Phoenix, NY 25791"
14584,Clothing Store Corp,"178 Main St, Los Angeles, CA 18434"
14585,Electronics Store Group,"974 Main St, Phoenix, AZ 63942"
14586,Hotel Co,"627 Main St, New York, TX 60544"
14587,Retail Store Inc,"149 Main St, Los Angeles, IL 94725"
14588,Coffee Shop Corp,"357 Main St, New York, IL 43844"
14589,Restaurant Group,"180 Main St, Houston, CA 50582"
14590,Retail Store LLC,"442 Main St, Los Angeles, IL 95490"
14591,Gas Station Corp,"768 Main St, Chicago, CA 37617"
14592,Electronics Store LLC,"765 Main St, Phoenix, CA 90860"
14593,Clothing Store Co,"533 Main St, Chicago, IL 59099"
14594,Pharmacy Inc,"725 Main St, Houston, TX 88394"
14595,Grocery Store Co,"690 Main St, Los Angeles, NY 28265"
14596,Hotel Co,"587 Main St, Los Angeles, AZ 71383"
14597,Restaurant Corp,"106 Main St, Phoenix, TX 32671"
14598,Gas Station Co,"360 Main St, Chicago, CA 37045"
14599,Clothing Store Corp,"759 Main St, New York, NY 78691"
14600,Restaurant Co,"208 Main St, Houston, NY 63200"
14601,Pharmacy Co,"770 Main St, Phoenix, NY 30754"
14602,Retail Store Corp,"708 Main St, Phoenix, IL 51652"
14603,Restaurant LLC,"222 Main St, Houston, TX 13809"
14604,Coffee Shop Co,"268 Main St, Los Angeles, CA 88934"
14605,Gas Station LLC,"876 Main St, New York, CA 36239"
14606,Electronics Store LLC,"936 Main St, Houston, CA 30933"
14607,Coffee Shop Co,"486 Main St, New York, AZ 48998"
14608,Coffee Shop LLC,"314 Main St, Chicago, NY 25411"
14609,Pharmacy Inc,"659 Main St, Houston, NY 51994"
14610,Restaurant Corp,"994 Main St, Chicago, NY 44815"
14611,Pharmacy Corp,"316 Main St, Chicago, CA 47399"
14612,Retail Store Corp,"630 Main St, Houston, AZ 11210"
14613,Pharmacy Inc,"785 Main St, Los Angeles, IL 40610"
14614,Hotel Group,"252 Main St, Chicago, CA 76703"
14615,Coffee Shop Co,"677 Main St, New York, TX 19212"
14616,Grocery Store Co,"789 Main St, Chicago, NY 33707"
14617,Pharmacy Group,"503 Main St, New York, AZ 70667"
14618,Grocery Store LLC,"301 Main St, Chicago, AZ 99786"
14619,Pharmacy Co,"651 Main St, Houston, AZ 43576"
14620,Grocery Store Inc,"117 Main St, Chicago, NY 90522"
14621,Hotel Group,"573 Main St, New York, CA 17425"
14622,Retail Store Co,"503 Main St, Phoenix, CA 43335"
14623,Hotel Co,"869 Main St, Los Angeles, TX 27085"
14624,Gas Station Co,"415 Main St, Houston, CA 20321"
14625,Electronics Store LLC,"951 Main St, New York, CA 16066"
14626,Restaurant Corp,"864 Main St, Houston, NY 12039"
14627,Grocery Store Co,"176 Main St, Houston, NY 22253"
14628,Grocery Store Co,"947 Main St, Los Angeles, AZ 74224"
14629,Coffee Shop Corp,"711 Main St, Houston, TX 88202"
14630,Pharmacy Inc,"488 Main St, Los Angeles, NY 81261"
14631,Hotel Group,"599 Main St, Phoenix, IL 89524"
14632,Grocery Store Inc,"133 Main St, New York, CA 67902"
14633,Restaurant Co,"751 Main St, Houston, CA 19857"
14634,Pharmacy LLC,"250 Main St, New York, IL 47255"
14635,Restaurant Corp,"394 Main St, Chicago, CA 13411"
14636,Grocery Store LLC,"647 Main St, New York, IL 51349"
14637,Restaurant Inc,"873 Main St, New York, IL 18579"
14638,Coffee Shop Co,"831 Main St, Houston, AZ 27400"
14639,Restaurant Co,"916 Main St, Chicago, TX 29847"
14640,Coffee Shop Inc,"326 Main St, Houston, CA 24652"
14641,Restaurant Inc,"304 Main St, Los Angeles, AZ 30400"
14642,Grocery Store Inc,"791 Main St, New York, AZ 66095"
14643,Hotel Co,"292 Main St, Phoenix, CA 26668"
14644,Pharmacy Inc,"411 Main St, Houston, NY 65258"
14645,Electronics Store LLC,"183 Main St, Houston, IL 25211"
14646,Clothing Store LLC,"427 Main St, Houston, CA 28459"
14647,Electronics Store Corp,"553 Main St, Chicago, AZ 22214"
14648,Electronics Store Corp,"545 Main St, Houston, CA 32368"
14649,Coffee Shop Group,"851 Main St, Los Angeles, NY 91181"
14650,Gas Station Corp,"481 Main St, Houston, CA 95747"
14651,Grocery Store Inc,"638 Main St, Phoenix, NY 32444"
14652,Restaurant Group,"451 Main St, Chicago, CA 37057"
14653,Gas Station Corp,"441 Main St, New York, NY 16804"
14654,Hotel Inc,"295 Main St, Los Angeles, AZ 48799"
14655,Coffee Shop Co,"389 Main St, Houston, AZ 19436"
14656,Gas Station LLC,"852 Main St, Houston, IL 29191"
14657,Restaurant Corp,"221 Main St, Los Angeles, TX 90683"
14658,Coffee Shop Group,"331 Main St, Phoenix, CA 43454"
14659,Pharmacy Corp,"542 Main St, Chicago, NY 67502"
14660,Grocery Store Corp,"656 Main St, Phoenix, CA 88874"
14661,Restaurant Group,"567 Main St, New York, NY 59904"
14662,Coffee Shop Corp,"757 Main St, Houston, TX 79606"
14663,Electronics Store Group,"815 Main St, Chicago, AZ 85410"
14664,Clothing Store LLC,"957 Main St, Phoenix, CA 52452"
14665,Hotel Group,"449 Main St, Phoenix, AZ 50526"
14666,Electronics Store LLC,"459 Main St, Phoenix, IL 80899"
14667,Pharmacy LLC,"704 Main St, Los Angeles, CA 82647"
14668,Grocery Store Corp,"795 Main St, Los Angeles, AZ 26762"
14669,Electronics Store Co,"424 Main St, Los Angeles, TX 35678"
14670,Coffee Shop Group,"652 Main St, New York, CA 59964"
14671,Grocery Store Co,"756 Main St, Phoenix, CA 57454"
14672,Pharmacy Inc,"245 Main St, Phoenix, CA 53690"
14673,Retail Store Inc,"428 Main St, New York, IL 23696"
14674,Pharmacy LLC,"100 Main St, Chicago, CA 32034"
14675,Pharmacy Group,"304 Main St, New York, IL 59971"
14676,Grocery Store LLC,"575 Main St, Los Angeles, CA 59601"
14677,Hotel Corp,"496 Main St, Phoenix, TX 23390"
14678,Grocery Store Co,"376 Main St, Phoenix, CA 72529"
14679,Restaurant Corp,"183 Main St, New York, NY 31192"
14680,Gas Station LLC,"558 Main St, Chicago, NY 87307"
14681,Retail Store Corp,"660 Main St, Houston, NY 42369"
14682,Coffee Shop Inc,"475 Main St, Chicago, AZ 83101"
14683,Grocery Store Co,"902 Main St, New York, AZ 70994"
14684,Pharmacy Co,"994 Main St, Chicago, NY 39472"
14685,Grocery Store Group,"389 Main St, Phoenix, TX 41783"
14686,Coffee Shop Group,"160 Main St, New York, AZ 37866"
14687,Clothing Store Inc,"244 Main St, New York, NY 38010"
14688,Retail Store Inc,"897 Main St, Chicago, IL 42301"
14689,Coffee Shop LLC,"742 Main St, New York, IL 10167"
14690,Coffee Shop Corp,"920 Main St, New York, CA 50621"
14691,Hotel LLC,"264 Main St, Chicago, AZ 73035"
14692,Clothing Store LLC,"581 Main St, Phoenix, IL 93715"
14693,Hotel LLC,"279 Main St, Los Angeles, NY 45917"
14694,Gas Station Inc,"266 Main St, Houston, CA 82924"
14695,Hotel Co,"101 Main St, Los Angeles, IL 54490"
14696,Clothing Store LLC,"577 Main St, Los Angeles, TX 33837"
14697,Gas Station Co,"788 Main St, Houston, AZ 43430"
14698,Restaurant Co,"604 Main St, Phoenix, CA 67716"
14699,Hotel Inc,"738 Main St, Phoenix, AZ 49451"
14700,Electronics Store Group,"548 Main St, Chicago, NY 41964"
14701,Coffee Shop Inc,"118 Main St, Chicago, AZ 18419"
14702,Coffee Shop Co,"810 Main St, Houston, NY 16421"
14703,Pharmacy Inc,"952 Main St, Chicago, AZ 60159"
14704,Clothing Store LLC,"591 Main St, Houston, IL 87195"
14705,Gas Station LLC,"506 Main St, Houston, CA 25214"
14706,Electronics Store Corp,"513 Main St, Houston, NY 11148"
14707,Grocery Store Corp,"534 Main St, Phoenix, AZ 19620"
14708,Pharmacy Corp,"814 Main St, New York, CA 73096"
14709,Clothing Store Inc,"767 Main St, Phoenix, IL 45713"
14710,Restaurant Co,"384 Main St, Phoenix, TX 84329"
14711,Retail Store Inc,"781 Main St, Phoenix, AZ 43456"
14712,Clothing Store Group,"260 Main St, Chicago, NY 92204"
14713,Hotel Co,"529 Main St, Phoenix, CA 15515"
14714,Hotel Group,"709 Main St, Los Angeles, TX 28861"
14715,Hotel LLC,"574 Main St, Houston, CA 18891"
14716,Hotel LLC,"206 Main St, Los Angeles, AZ 20258"
14717,Gas Station Group,"976 Main St, Chicago, IL 12356"
14718,Restaurant Inc,"848 Main St, Houston, NY 70831"
14719,Grocery Store Co,"900 Main St, Los Angeles, CA 29143"
14720,Retail Store Inc,"682 Main St, New York, CA 38590"
14721,Gas Station Co,"527 Main St, Phoenix, CA 71577"
14722,Clothing Store Co,"757 Main St, Houston, TX 51824"
14723,Retail Store Co,"661 Main St, Houston, IL 15387"
14724,Restaurant Group,"416 Main St, Phoenix, IL 87252"
14725,Restaurant Group,"626 Main St, Los Angeles, CA 59248"
14726,Coffee Shop Inc,"378 Main St, Houston, TX 78473"
14727,Coffee Shop Inc,"798 Main St, Phoenix, CA 56399"
14728,Restaurant LLC,"652 Main St, Los Angeles, IL 60371"
14729,Retail Store Co,"711 Main St, Chicago, NY 54425"
14730,Clothing Store Corp,"226 Main St, Phoenix, CA 18503"
14731,Hotel Group,"220 Main St, Los Angeles, IL 58085"
14732,Grocery Store Co,"249 Main St, Chicago, IL 36625"
14733,Hotel Inc,"482 Main St, New York, TX 60566"
14734,Gas Station Co,"382 Main St, Los Angeles, TX 55042"
14735,Hotel Corp,"593 Main St, New York, CA 50827"
14736,Gas Station Corp,"472 Main St, Los Angeles, NY 41118"
14737,Restaurant Co,"541 Main St, Houston, CA 14936"
14738,Restaurant Group,"211 Main St, New York, TX 11406"
14739,Hotel Co,"920 Main St, Phoenix, TX 53294"
14740,Hotel Co,"515 Main St, New York, NY 65785"
14741,Grocery Store LLC,"862 Main St, Phoenix, CA 60661"
14742,Restaurant Co,"849 Main St, New York, TX 80747"
14743,Pharmacy Inc,"735 Main St, Chicago, NY 45533"
14744,Restaurant Co,"665 Main St, Chicago, AZ 97287"
14745,Electronics Store Group,"861 Main St, Chicago, CA 74278"
14746,Restaurant Corp,"889 Main St, Phoenix, NY 85984"
14747,Pharmacy Co,"272 Main St, Los Angeles, IL 80028"
14748,Restaurant Inc,"872 Main St, New York, TX 47691"
14749,Coffee Shop Group,"443 Main St, Los Angeles, AZ 45135"
14750,Retail Store Co,"263 Main St, New York, TX 72538"
14751,Gas Station Inc,"376 Main St, Phoenix, IL 27278"
14752,Hotel Group,"463 Main St, Phoenix, CA 99077"
14753,Retail Store LLC,"100 Main St, Los Angeles, NY 11425"
14754,Hotel LLC,"494 Main St, Los Angeles, IL 98028"
14755,Pharmacy Inc,"879 Main St, New York, CA 86184"
14756,Gas Station LLC,"433 Main St, Chicago, AZ 35708"
14757,Gas Station LLC,"362 Main St, Chicago, AZ 49820"
14758,Retail Store Group,"308 Main St, Phoenix, NY 39750"
14759,Retail Store Group,"636 Main St, Chicago, NY 58662"
14760,Pharmacy Corp,"787 Main St, Los Angeles, AZ 48424"
14761,Electronics Store Corp,"107 Main St, Houston, NY 15116"
14762,Retail Store Group,"838 Main St, Phoenix, CA 39201"
14763,Gas Station Inc,"889 Main St, Los Angeles, AZ 23545"
14764,Gas Station Co,"453 Main St, Houston, AZ 50216"
14765,Gas Station Inc,"637 Main St, Phoenix, NY 17124"
14766,Pharmacy Corp,"683 Main St, Chicago, TX 57584"
14767,Grocery Store Corp,"794 Main St, New York, TX 14889"
14768,Electronics Store Group,"635 Main St, Phoenix, TX 38826"
14769,Coffee Shop Group,"728 Main St, Houston, AZ 28725"
14770,Gas Station Corp,"318 Main St, Phoenix, TX 70017"
14771,Retail Store Corp,"884 Main St, Houston, NY 75085"
14772,Hotel Group,"656 Main St, Phoenix, NY 54650"
14773,Gas Station Co,"536 Main St, Houston, NY 47805"
14774,Restaurant Corp,"864 Main St, New York, AZ 87385"
14775,Retail Store Co,"438 Main St, Los Angeles, NY 60646"
14776,Coffee Shop Corp,"807 Main St, Houston, CA 10858"
14777,Gas Station LLC,"260 Main St, Phoenix, NY 77633"
14778,Gas Station Corp,"689 Main St, Chicago, IL 52257"
14779,Gas Station Corp,"951 Main St, New York, NY 67732"
14780,Gas Station Corp,"154 Main St, Houston, NY 60757"
14781,Retail Store Inc,"944 Main St, Los Angeles, IL 20221"
14782,Electronics Store LLC,"467 Main St, New York, IL 16913"
14783,Grocery Store Inc,"608 Main St, Phoenix, AZ 59571"
14784,Gas Station Inc,"107 Main St, Chicago, NY 25149"
14785,Grocery Store Inc,"172 Main St, Phoenix, TX 33224"
14786,Coffee Shop Corp,"455 Main St, Los Angeles, CA 93830"
14787,Electronics Store Inc,"455 Main St, Houston, NY 81697"
14788,Clothing Store LLC,"316 Main St, Phoenix, AZ 84210"
14789,Restaurant Co,"603 Main St, New York, AZ 91610"
14790,Electronics Store Group,"138 Main St, Phoenix, NY 98036"
14791,Grocery Store Co,"624 Main St, Phoenix, CA 97277"
14792,Restaurant Co,"334 Main St, Phoenix, CA 42656"
14793,Clothing Store Inc,"819 Main St, Los Angeles, AZ 85833"
14794,Pharmacy Co,"610 Main St, Chicago, NY 75675"
14795,Pharmacy Co,"323 Main St, Houston, TX 54632"
14796,Hotel Group,"828 Main St, New York, NY 95507"
14797,Grocery Store Group,"792 Main St, Chicago, IL 80194"
14798,Pharmacy LLC,"222 Main St, Chicago, CA 27469"
14799,Gas Station Co,"418 Main St, New York, IL 29423"
14800,Clothing Store Inc,"537 Main St, New York, NY 49036"
14801,Hotel Group,"514 Main St, Phoenix, TX 75119"
14802,Coffee Shop LLC,"622 Main St, Houston, AZ 37669"
14803,Restaurant Corp,"183 Main St, Phoenix, NY 54390"
14804,Electronics Store Corp,"603 Main St, Chicago, TX 32857"
14805,Retail Store Inc,"374 Main St, Phoenix, CA 98432"
14806,Restaurant Inc,"173 Main St, Houston, TX 98919"
14807,Electronics Store Group,"276 Main St, Chicago, NY 65133"
14808,Coffee Shop Co,"803 Main St, Los Angeles, AZ 33330"
14809,Restaurant Corp,"312 Main St, Houston, CA 53033"
14810,Electronics Store Corp,"978 Main St, Houston, NY 45320"
14811,Pharmacy LLC,"912 Main St, New York, CA 35270"
14812,Retail Store Group,"954 Main St, New York, AZ 53131"
14813,Hotel Inc,"584 Main St, Phoenix, TX 22849"
14814,Restaurant Co,"128 Main St, Chicago, AZ 72253"
14815,Electronics Store Inc,"291 Main St, New York, NY 88529"
14816,Pharmacy LLC,"233 Main St, Phoenix, TX 19418"
14817,Grocery Store Co,"260 Main St, Chicago, IL 99204"
14818,Grocery Store Inc,"895 Main St, New York, AZ 14500"
14819,Hotel Group,"589 Main St, Chicago, AZ 49372"
14820,Restaurant Co,"124 Main St, Los Angeles, AZ 82419"
14821,Grocery Store Inc,"593 Main St, Phoenix, NY 45018"
14822,Gas Station Co,"475 Main St, New York, NY 68391"
14823,Restaurant Corp,"740 Main St, Chicago, TX 91926"
14824,Gas Station Group,"176 Main St, Houston, TX 96323"
14825,Retail Store Group,"737 Main St, Chicago, AZ 40987"
14826,Pharmacy Inc,"857 Main St, Phoenix, NY 31156"
14827,Coffee Shop Group,"875 Main St, Houston, TX 32369"
14828,Electronics Store Co,"308 Main St, Phoenix, IL 99722"
14829,Retail Store Co,"827 Main St, New York, CA 39630"
14830,Coffee Shop Co,"728 Main St, Phoenix, AZ 51823"
14831,Clothing Store Group,"943 Main St, Phoenix, TX 68763"
14832,Electronics Store Inc,"812 Main St, New York, TX 39927"
14833,Gas Station Inc,"767 Main St, Phoenix, CA 58358"
14834,Gas Station Co,"540 Main St, Houston, TX 67892"
14835,Hotel Inc,"334 Main St, Houston, CA 85474"
14836,Restaurant Group,"445 Main St, Los Angeles, CA 64309"
14837,Retail Store LLC,"238 Main St, Phoenix, CA 95436"
14838,Gas Station LLC,"118 Main St, New York, IL 89211"
14839,Gas Station Co,"696 Main St, Phoenix, AZ 40551"
14840,Clothing Store Corp,"650 Main St, Los Angeles, AZ 48201"
14841,Retail Store Co,"101 Main St, Los Angeles, IL 52322"
14842,Grocery Store Group,"619 Main St, Phoenix, IL 39853"
14843,Hotel Co,"511 Main St, Chicago, TX 74130"
14844,Restaurant Co,"608 Main St, Los Angeles, AZ 50432"
14845,Grocery Store LLC,"500 Main St, Los Angeles, NY 38315"
14846,Grocery Store LLC,"701 Main St, Phoenix, CA 99732"
14847,Gas Station LLC,"469 Main St, Chicago, AZ 80176"
14848,Hotel Co,"721 Main St, Phoenix, TX 44673"
14849,Electronics Store LLC,"685 Main St, Los Angeles, CA 16999"
14850,Gas Station Co,"560 Main St, Chicago, AZ 42196"
14851,Grocery Store Co,"664 Main St, Los Angeles, TX 19065"
14852,Pharmacy Corp,"767 Main St, Los Angeles, CA 68172"
14853,Clothing Store Group,"826 Main St, Los Angeles, AZ 29848"
14854,Gas Station Co,"753 Main St, Houston, AZ 16458"
14855,Retail Store Group,"223 Main St, Chicago, CA 45145"
14856,Restaurant LLC,"815 Main St, Houston, AZ 87399"
14857,Gas Station Group,"150 Main St, Houston, TX 40499"
14858,Pharmacy Group,"242 Main St, Los Angeles, CA 55078"
14859,Coffee Shop LLC,"289 Main St, Los Angeles, NY 85307"
14860,Pharmacy LLC,"178 Main St, Houston, IL 87061"
14861,Gas Station Co,"367 Main St, Phoenix, CA 87452"
14862,Electronics Store Inc,"730 Main St, Phoenix, IL 49092"
14863,Gas Station LLC,"554 Main St, New York, AZ 70054"
14864,Grocery Store LLC,"186 Main St, New York, AZ 55493"
14865,Grocery Store Group,"709 Main St, Phoenix, CA 46210"
14866,Gas Station Corp,"522 Main St, Los Angeles, IL 51559"
14867,Clothing Store Inc,"672 Main St, Houston, IL 86422"
14868,Electronics Store LLC,"938 Main St, Los Angeles, NY 95253"
14869,Hotel LLC,"880 Main St, Los Angeles, AZ 69963"
14870,Retail Store Corp,"974 Main St, Chicago, TX 78441"
14871,Coffee Shop Co,"808 Main St, Phoenix, TX 97830"
14872,Grocery Store Group,"450 Main St, Chicago, AZ 75275"
14873,Clothing Store LLC,"930 Main St, New York, CA 66908"
14874,Hotel Group,"759 Main St, Phoenix, NY 52148"
14875,Coffee Shop LLC,"618 Main St, New York, NY 70576"
14876,Pharmacy Group,"569 Main St, Chicago, AZ 38936"
14877,Hotel Group,"370 Main St, Houston, IL 72769"
14878,Restaurant Inc,"781 Main St, New York, AZ 79822"
14879,Gas Station Co,"563 Main St, Houston, CA 67889"
14880,Retail Store Co,"901 Main St, Chicago, TX 75902"
14881,Clothing Store Co,"445 Main St, Houston, NY 33958"
14882,Grocery Store Corp,"677 Main St, Phoenix, CA 61742"
14883,Hotel Inc,"789 Main St, Houston, CA 49831"
14884,Retail Store Inc,"429 Main St, Phoenix, AZ 95559"
14885,Electronics Store Co,"463 Main St, New York, CA 55458"
14886,Restaurant Inc,"231 Main St, Los Angeles, NY 27691"
14887,Pharmacy Corp,"102 Main St, Houston, AZ 67600"
14888,Electronics Store Inc,"419 Main St, Phoenix, NY 45694"
14889,Retail Store LLC,"141 Main St, Los Angeles, IL 61075"
14890,Restaurant Co,"963 Main St, Los Angeles, AZ 73853"
14891,Retail Store Co,"485 Main St, Chicago, IL 50241"
14892,Hotel Corp,"967 Main St, Phoenix, TX 22775"
14893,Electronics Store Co,"519 Main St, New York, TX 25709"
14894,Electronics Store Inc,"317 Main St, New York, TX 45733"
14895,Clothing Store Group,"196 Main St, Los Angeles, AZ 34904"
14896,Clothing Store Group,"937 Main St, Chicago, CA 61717"
14897,Coffee Shop Co,"793 Main St, Los Angeles, TX 91598"
14898,Clothing Store Co,"466 Main St, Chicago, IL 80381"
14899,Gas Station Inc,"309 Main St, Phoenix, AZ 22310"
14900,Electronics Store Co,"747 Main St, Phoenix, NY 38288"
14901,Electronics Store Corp,"551 Main St, Chicago, AZ 36738"
14902,Pharmacy Inc,"208 Main St, Los Angeles, AZ 21567"
14903,Restaurant Co,"134 Main St, Houston, IL 39084"
14904,Pharmacy Corp,"817 Main St, Chicago, TX 76110"
14905,Hotel Corp,"746 Main St, Phoenix, NY 15251"
14906,Electronics Store Inc,"514 Main St, New York, TX 68038"
14907,Coffee Shop Co,"341 Main St, Phoenix, CA 45058"
14908,Hotel Group,"754 Main St, Houston, IL 27372"
14909,Grocery Store LLC,"869 Main St, Houston, AZ 48548"
14910,Gas Station Corp,"920 Main St, Houston, CA 14298"
14911,Grocery Store Corp,"288 Main St, Chicago, NY 12782"
14912,Gas Station Corp,"177 Main St, Houston, IL 17084"
14913,Electronics Store Inc,"528 Main St, Chicago, NY 11647"
14914,Electronics Store Group,"666 Main St, New York, TX 91859"
14915,Restaurant Co,"212 Main St, Phoenix, AZ 79285"
14916,Clothing Store Group,"419 Main St, New York, TX 60378"
14917,Electronics Store Co,"321 Main St, Los Angeles, AZ 39187"
14918,Gas Station Inc,"657 Main St, Los Angeles, IL 76382"
14919,Clothing Store Inc,"785 Main St, Los Angeles, CA 19447"
14920,Hotel Co,"460 Main St, New York, CA 67329"
14921,Retail Store Co,"802 Main St, Los Angeles, IL 18217"
14922,Grocery Store LLC,"570 Main St, Chicago, NY 75002"
14923,Hotel Group,"805 Main St, Los Angeles, NY 16469"
14924,Electronics Store Group,"853 Main St, Phoenix, TX 53416"
14925,Grocery Store Inc,"171 Main St, New York, IL 71085"
14926,Retail Store Inc,"121 Main St, Houston, CA 90121"
14927,Electronics Store Co,"551 Main St, Houston, CA 73339"
14928,Electronics Store Group,"966 Main St, Los Angeles, NY 94581"
14929,Restaurant LLC,"950 Main St, New York, IL 80589"
14930,Restaurant Group,"639 Main St, Los Angeles, IL 43119"
14931,Retail Store LLC,"848 Main St, Los Angeles, NY 53579"
14932,Clothing Store LLC,"195 Main St, Chicago, IL 57866"
14933,Pharmacy Inc,"977 Main St, Chicago, AZ 59907"
14934,Clothing Store Corp,"861 Main St, Houston, IL 10062"
14935,Clothing Store LLC,"211 Main St, Los Angeles, TX 60816"
14936,Coffee Shop Inc,"911 Main St, Chicago, AZ 29098"
14937,Hotel Inc,"513 Main St, Chicago, NY 91409"
14938,Gas Station Inc,"295 Main St, Chicago, NY 43919"
14939,Electronics Store Group,"306 Main St, Phoenix, NY 67439"
14940,Hotel Group,"908 Main St, Chicago, CA 51223"
14941,Coffee Shop Inc,"290 Main St, Phoenix, IL 98204"
14942,Electronics Store Corp,"394 Main St, Los Angeles, CA 45164"
14943,Grocery Store Corp,"826 Main St, Houston, NY 95792"
14944,Coffee Shop Co,"401 Main St, Chicago, AZ 91138"
14945,Coffee Shop Group,"241 Main St, Los Angeles, AZ 20152"
14946,Restaurant Corp,"433 Main St, Houston, CA 94441"
14947,Coffee Shop LLC,"709 Main St, Chicago, CA 74774"
14948,Retail Store LLC,"905 Main St, Phoenix, IL 94964"
14949,Retail Store LLC,"555 Main St, Phoenix, TX 26025"
14950,Coffee Shop Co,"714 Main St, Houston, NY 49540"
14951,Pharmacy Co,"734 Main St, Phoenix, AZ 10686"
14952,Gas Station Corp,"764 Main St, Chicago, NY 96014"
14953,Hotel Inc,"482 Main St, Los Angeles, AZ 40104"
14954,Pharmacy LLC,"491 Main St, Chicago, AZ 30761"
14955,Electronics Store Corp,"455 Main St, New York, NY 92244"
14956,Retail Store LLC,"224 Main St, Los Angeles, AZ 18117"
14957,Grocery Store Inc,"894 Main St, New York, TX 80810"
14958,Clothing Store Co,"818 Main St, New York, NY 48168"
14959,Clothing Store Group,"107 Main St, Houston, CA 89594"
14960,Coffee Shop Inc,"837 Main St, Phoenix, AZ 15431"
14961,Electronics Store Group,"464 Main St, Houston, IL 30706"
14962,Clothing Store Inc,"420 Main St, Houston, TX 74575"
14963,Restaurant Corp,"476 Main St, Chicago, TX 88845"
14964,Coffee Shop LLC,"916 Main St, Los Angeles, TX 24134"
14965,Restaurant Corp,"383 Main St, Chicago, NY 25116"
14966,Retail Store Corp,"463 Main St, Phoenix, NY 17955"
14967,Electronics Store Co,"844 Main St, Los Angeles, TX 94703"
14968,Coffee Shop Inc,"249 Main St, Los Angeles, TX 57384"
14969,Coffee Shop Corp,"532 Main St, Chicago, NY 82127"
14970,Clothing Store Inc,"271 Main St, Los Angeles, TX 29916"
14971,Hotel Corp,"508 Main St, Chicago, AZ 50011"
14972,Restaurant LLC,"627 Main St, New York, CA 32140"
14973,Retail Store Co,"351 Main St, Chicago, NY 85869"
14974,Gas Station Co,"847 Main St, Los Angeles, TX 85448"
14975,Electronics Store Group,"312 Main St, Houston, AZ 71403"
14976,Coffee Shop Co,"943 Main St, Phoenix, CA 11094"
14977,Restaurant Group,"489 Main St, Los Angeles, AZ 56138"
14978,Grocery Store Inc,"137 Main St, New York, NY 74422"
14979,Clothing Store Corp,"533 Main St, Los Angeles, IL 45452"
14980,Grocery Store Corp,"188 Main St, Houston, NY 89114"
14981,Hotel Corp,"100 Main St, New York, CA 67914"
14982,Restaurant Inc,"498 Main St, New York, CA 96006"
14983,Hotel LLC,"915 Main St, New York, NY 57001"
14984,Pharmacy Inc,"681 Main St, Los Angeles, CA 58144"
14985,Grocery Store Co,"627 Main St, Phoenix, IL 69607"
14986,Clothing Store Corp,"438 Main St, Los Angeles, IL 24113"
14987,Pharmacy Co,"560 Main St, New York, IL 62620"
14988,Retail Store Co,"230 Main St, Houston, TX 48279"
14989,Retail Store Group,"368 Main St, Houston, NY 55068"
14990,Restaurant Corp,"784 Main St, Chicago, AZ 23719"
14991,Electronics Store Inc,"742 Main St, Houston, NY 11428"
14992,Hotel Inc,"972 Main St, Los Angeles, TX 83958"
14993,Pharmacy LLC,"286 Main St, Houston, CA 89519"
14994,Coffee Shop Corp,"285 Main St, Houston, TX 95895"
14995,Restaurant Group,"930 Main St, Houston, CA 57161"
14996,Coffee Shop Group,"931 Main St, Phoenix, NY 13739"
14997,Pharmacy Corp,"749 Main St, Los Angeles, TX 63237"
14998,Restaurant Co,"217 Main St, New York, CA 69368"
14999,Retail Store Corp,"797 Main St, Los Angeles, NY 96955"
15000,Electronics Store Corp,"886 Main St, New York, TX 33277"
